{"level":"info","message":"[2026-03-24T04:51:30.637Z] GET /api/departments","service":"eduvault-backend","timestamp":"2026-03-24 10:21:30"}
{"level":"info","message":"[2026-03-24T04:51:30.654Z] GET /api/get-staff?role=Staff","service":"eduvault-backend","timestamp":"2026-03-24 10:21:30"}
{"level":"info","message":"[2026-03-24T04:51:30.657Z] GET /api/states","service":"eduvault-backend","timestamp":"2026-03-24 10:21:30"}
{"level":"info","message":"[2026-03-24T04:51:30.659Z] GET /api/auth/me","service":"eduvault-backend","timestamp":"2026-03-24 10:21:30"}
{"level":"info","message":"[2026-03-24T04:51:30.698Z] GET /api/states","service":"eduvault-backend","timestamp":"2026-03-24 10:21:30"}
{"level":"info","message":"[2026-03-24T04:51:30.701Z] GET /api/departments","service":"eduvault-backend","timestamp":"2026-03-24 10:21:30"}
{"level":"info","message":"[2026-03-24T04:51:30.704Z] GET /api/get-staff?role=Staff","service":"eduvault-backend","timestamp":"2026-03-24 10:21:30"}
{"level":"info","message":"[2026-03-24T04:51:30.719Z] GET /api/auth/me","service":"eduvault-backend","timestamp":"2026-03-24 10:21:30"}
{"level":"info","message":"[2026-03-24T04:51:30.722Z] GET /api/get-user/2","service":"eduvault-backend","timestamp":"2026-03-24 10:21:30"}
{"level":"info","message":"[2026-03-24T04:51:30.747Z] GET /api/get-user/2","service":"eduvault-backend","timestamp":"2026-03-24 10:21:30"}
{"level":"info","message":"[2026-03-24T04:51:30.773Z] GET /uploads/default.jpg","service":"eduvault-backend","timestamp":"2026-03-24 10:21:30"}
{"level":"info","message":"[2026-03-24T04:51:30.786Z] GET /api/resume-staff/staff-data/2","service":"eduvault-backend","timestamp":"2026-03-24 10:21:30"}
{"level":"info","message":"[2026-03-24T04:51:30.810Z] GET /api/departments","service":"eduvault-backend","timestamp":"2026-03-24 10:21:30"}
{"level":"info","message":"[2026-03-24T04:51:30.815Z] GET /api/students","service":"eduvault-backend","timestamp":"2026-03-24 10:21:30"}
{"level":"info","message":"[2026-03-24T04:51:30.817Z] GET /api/get-staff?role=Staff","service":"eduvault-backend","timestamp":"2026-03-24 10:21:30"}
{"level":"info","message":"[2026-03-24T04:51:30.820Z] GET /api/department-counts","service":"eduvault-backend","timestamp":"2026-03-24 10:21:30"}
{"level":"info","message":"[2026-03-24T04:51:30.823Z] GET /api/pending-internships","service":"eduvault-backend","timestamp":"2026-03-24 10:21:30"}
{"level":"info","message":"[2026-03-24T04:51:30.856Z] GET /api/pending-scholarships","service":"eduvault-backend","timestamp":"2026-03-24 10:21:30"}
{"level":"info","message":"[2026-03-24T04:51:30.858Z] GET /api/event-organized/pending","service":"eduvault-backend","timestamp":"2026-03-24 10:21:30"}
{"level":"info","message":"[2026-03-24T04:51:30.868Z] GET /api/event-attended/pending","service":"eduvault-backend","timestamp":"2026-03-24 10:21:30"}
{"level":"info","message":"[2026-03-24T04:51:30.872Z] GET /api/all/pending-leaves","service":"eduvault-backend","timestamp":"2026-03-24 10:21:30"}
{"level":"info","message":"[2026-03-24T04:51:30.874Z] GET /api/online-courses/pending","service":"eduvault-backend","timestamp":"2026-03-24 10:21:30"}
{"level":"info","message":"[2026-03-24T04:51:30.882Z] GET /api/pending-achievements","service":"eduvault-backend","timestamp":"2026-03-24 10:21:30"}
{"level":"info","message":"[2026-03-24T04:51:30.884Z] GET /api/publications/pending","service":"eduvault-backend","timestamp":"2026-03-24 10:21:30"}
{"level":"info","message":"[2026-03-24T04:51:30.886Z] GET /api/competency-coding/pending","service":"eduvault-backend","timestamp":"2026-03-24 10:21:30"}
{"level":"info","message":"[2026-03-24T04:51:30.887Z] GET /api/noncgpa/pending","service":"eduvault-backend","timestamp":"2026-03-24 10:21:30"}
{"level":"info","message":"[2026-03-24T04:51:30.890Z] GET /api/projects/pending","service":"eduvault-backend","timestamp":"2026-03-24 10:21:30"}
{"level":"info","message":"[2026-03-24T04:51:30.908Z] GET /api/hackathon/pending","service":"eduvault-backend","timestamp":"2026-03-24 10:21:30"}
{"level":"info","message":"[2026-03-24T04:51:30.934Z] GET /api/extracurricular/pending","service":"eduvault-backend","timestamp":"2026-03-24 10:21:30"}
{"level":"info","message":"[2026-03-24T04:51:30.936Z] GET /api/fetch-internships?UserId=2","service":"eduvault-backend","timestamp":"2026-03-24 10:21:30"}
{"level":"info","message":"[2026-03-24T04:51:30.958Z] GET /api/pending-internships?userID=2","service":"eduvault-backend","timestamp":"2026-03-24 10:21:30"}
{"level":"info","message":"[2026-03-24T04:51:30.983Z] GET /api/event-attended/list?UserId=2","service":"eduvault-backend","timestamp":"2026-03-24 10:21:30"}
{"level":"info","message":"[2026-03-24T04:51:30.986Z] GET /api/fetch-scholarships?UserId=2","service":"eduvault-backend","timestamp":"2026-03-24 10:21:30"}
{"level":"info","message":"[2026-03-24T04:51:30.988Z] GET /api/event-organized/approved?UserId=2","service":"eduvault-backend","timestamp":"2026-03-24 10:21:30"}
{"level":"info","message":"[2026-03-24T04:51:30.993Z] GET /api/event-organized/pending?UserId=2","service":"eduvault-backend","timestamp":"2026-03-24 10:21:30"}
{"level":"info","message":"[2026-03-24T04:51:30.997Z] GET /api/pending-leaves?Userid=2","service":"eduvault-backend","timestamp":"2026-03-24 10:21:30"}
{"level":"info","message":"[2026-03-24T04:51:31.009Z] GET /api/fetch-leaves?Userid=2","service":"eduvault-backend","timestamp":"2026-03-24 10:21:31"}
{"level":"info","message":"[2026-03-24T04:51:31.016Z] GET /api/user-achievements/2","service":"eduvault-backend","timestamp":"2026-03-24 10:21:31"}
{"level":"info","message":"[2026-03-24T04:51:31.025Z] GET /api/hackathon/my-events","service":"eduvault-backend","timestamp":"2026-03-24 10:21:31"}
{"level":"info","message":"[2026-03-24T04:51:31.027Z] GET /api/publications/my-publications?UserId=2","service":"eduvault-backend","timestamp":"2026-03-24 10:21:31"}
{"level":"info","message":"[2026-03-24T04:51:31.038Z] GET /api/competency-coding/my-record?UserId=2","service":"eduvault-backend","timestamp":"2026-03-24 10:21:31"}
{"level":"info","message":"[2026-03-24T04:51:31.048Z] GET /api/competency-coding/skillrack/summary?UserId=2","service":"eduvault-backend","timestamp":"2026-03-24 10:21:31"}
{"level":"info","message":"[2026-03-24T04:51:31.051Z] GET /api/competency-coding/platform/all?UserId=2","service":"eduvault-backend","timestamp":"2026-03-24 10:21:31"}
{"level":"info","message":"[2026-03-24T04:51:31.062Z] GET /api/competency-coding/analytics?UserId=2","service":"eduvault-backend","timestamp":"2026-03-24 10:21:31"}
{"level":"info","message":"[2026-03-24T04:51:31.064Z] GET /api/projects/my-projects?UserId=2","service":"eduvault-backend","timestamp":"2026-03-24 10:21:31"}
{"level":"info","message":"[2026-03-24T04:51:31.072Z] GET /api/extracurricular/my-activities?UserId=2","service":"eduvault-backend","timestamp":"2026-03-24 10:21:31"}
{"level":"info","message":"[2026-03-24T04:51:31.082Z] GET /api/noncgpa/dropdown/categories","service":"eduvault-backend","timestamp":"2026-03-24 10:21:31"}
{"level":"info","message":"[2026-03-24T04:51:31.083Z] GET /api/noncgpa/dropdown/course-names","service":"eduvault-backend","timestamp":"2026-03-24 10:21:31"}
{"level":"info","message":"[2026-03-24T04:51:31.093Z] GET /api/noncgpa/dropdown/course-codes","service":"eduvault-backend","timestamp":"2026-03-24 10:21:31"}
{"level":"info","message":"[2026-03-24T04:51:31.094Z] GET /api/noncgpa/my-records?UserId=2","service":"eduvault-backend","timestamp":"2026-03-24 10:21:31"}
{"level":"info","message":"[2026-03-24T04:51:31.102Z] GET /api/skillrack/my-record?UserId=2","service":"eduvault-backend","timestamp":"2026-03-24 10:21:31"}
{"level":"info","message":"[2026-03-24T04:51:31.114Z] GET /api/skillrack/my-stats?UserId=2","service":"eduvault-backend","timestamp":"2026-03-24 10:21:31"}
{"level":"info","message":"[2026-03-24T04:51:31.115Z] GET /api/student-certificate/list","service":"eduvault-backend","timestamp":"2026-03-24 10:21:31"}
{"level":"info","message":"[2026-03-24T04:51:31.125Z] GET /api/staffs","service":"eduvault-backend","timestamp":"2026-03-24 10:21:31"}
{"level":"info","message":"[2026-03-24T04:51:31.127Z] GET /api/resume-staff/staff-data/2","service":"eduvault-backend","timestamp":"2026-03-24 10:21:31"}
{"level":"info","message":"[2026-03-24T04:51:31.137Z] GET /api/department-counts","service":"eduvault-backend","timestamp":"2026-03-24 10:21:31"}
{"level":"info","message":"[2026-03-24T04:51:31.138Z] GET /api/get-staff?role=Staff","service":"eduvault-backend","timestamp":"2026-03-24 10:21:31"}
{"level":"info","message":"[2026-03-24T04:51:31.139Z] GET /api/students","service":"eduvault-backend","timestamp":"2026-03-24 10:21:31"}
{"level":"info","message":"[2026-03-24T04:51:31.158Z] GET /api/departments","service":"eduvault-backend","timestamp":"2026-03-24 10:21:31"}
{"level":"info","message":"[2026-03-24T04:51:31.160Z] GET /api/resume-staff/staff-data/2","service":"eduvault-backend","timestamp":"2026-03-24 10:21:31"}
{"level":"info","message":"[2026-03-24T04:51:31.175Z] GET /api/departments","service":"eduvault-backend","timestamp":"2026-03-24 10:21:31"}
{"level":"info","message":"[2026-03-24T04:51:31.177Z] GET /api/staffs","service":"eduvault-backend","timestamp":"2026-03-24 10:21:31"}
{"level":"info","message":"[2026-03-24T04:51:31.180Z] GET /api/resume-staff/staff-data/2","service":"eduvault-backend","timestamp":"2026-03-24 10:21:31"}
{"level":"info","message":"[2026-03-24T04:51:31.196Z] GET /api/staffs","service":"eduvault-backend","timestamp":"2026-03-24 10:21:31"}
{"level":"info","message":"[2026-03-24T04:53:40.481Z] GET /api/departments","service":"eduvault-backend","timestamp":"2026-03-24 10:23:40"}
{"level":"info","message":"[2026-03-24T04:53:40.497Z] GET /api/get-staff?role=Staff","service":"eduvault-backend","timestamp":"2026-03-24 10:23:40"}
{"level":"info","message":"[2026-03-24T04:53:40.502Z] GET /api/states","service":"eduvault-backend","timestamp":"2026-03-24 10:23:40"}
{"level":"info","message":"[2026-03-24T04:53:40.504Z] GET /api/auth/me","service":"eduvault-backend","timestamp":"2026-03-24 10:23:40"}
{"level":"info","message":"[2026-03-24T04:53:40.528Z] GET /api/departments","service":"eduvault-backend","timestamp":"2026-03-24 10:23:40"}
{"level":"info","message":"[2026-03-24T04:53:40.585Z] GET /api/auth/me","service":"eduvault-backend","timestamp":"2026-03-24 10:23:40"}
{"level":"info","message":"[2026-03-24T04:53:40.587Z] GET /api/states","service":"eduvault-backend","timestamp":"2026-03-24 10:23:40"}
{"level":"info","message":"[2026-03-24T04:53:40.589Z] GET /api/get-user/2","service":"eduvault-backend","timestamp":"2026-03-24 10:23:40"}
{"level":"info","message":"[2026-03-24T04:53:40.597Z] GET /api/get-staff?role=Staff","service":"eduvault-backend","timestamp":"2026-03-24 10:23:40"}
{"level":"info","message":"[2026-03-24T04:53:40.628Z] GET /api/get-user/2","service":"eduvault-backend","timestamp":"2026-03-24 10:23:40"}
{"level":"info","message":"[2026-03-24T04:53:40.658Z] GET /uploads/default.jpg","service":"eduvault-backend","timestamp":"2026-03-24 10:23:40"}
{"level":"info","message":"[2026-03-24T04:53:40.673Z] GET /api/resume-staff/staff-data/2","service":"eduvault-backend","timestamp":"2026-03-24 10:23:40"}
{"level":"info","message":"[2026-03-24T04:53:40.723Z] GET /api/departments","service":"eduvault-backend","timestamp":"2026-03-24 10:23:40"}
{"level":"info","message":"[2026-03-24T04:53:40.735Z] GET /api/students","service":"eduvault-backend","timestamp":"2026-03-24 10:23:40"}
{"level":"info","message":"[2026-03-24T04:53:40.742Z] GET /api/get-staff?role=Staff","service":"eduvault-backend","timestamp":"2026-03-24 10:23:40"}
{"level":"info","message":"[2026-03-24T04:53:40.749Z] GET /api/department-counts","service":"eduvault-backend","timestamp":"2026-03-24 10:23:40"}
{"level":"info","message":"[2026-03-24T04:53:40.754Z] GET /api/pending-internships","service":"eduvault-backend","timestamp":"2026-03-24 10:23:40"}
{"level":"info","message":"[2026-03-24T04:53:40.871Z] GET /api/pending-scholarships","service":"eduvault-backend","timestamp":"2026-03-24 10:23:40"}
{"level":"info","message":"[2026-03-24T04:53:40.889Z] GET /api/event-organized/pending","service":"eduvault-backend","timestamp":"2026-03-24 10:23:40"}
{"level":"info","message":"[2026-03-24T04:53:40.916Z] GET /api/event-attended/pending","service":"eduvault-backend","timestamp":"2026-03-24 10:23:40"}
{"level":"info","message":"[2026-03-24T04:53:40.928Z] GET /api/all/pending-leaves","service":"eduvault-backend","timestamp":"2026-03-24 10:23:40"}
{"level":"info","message":"[2026-03-24T04:53:40.941Z] GET /api/online-courses/pending","service":"eduvault-backend","timestamp":"2026-03-24 10:23:40"}
{"level":"info","message":"[2026-03-24T04:53:40.958Z] GET /api/pending-achievements","service":"eduvault-backend","timestamp":"2026-03-24 10:23:40"}
{"level":"info","message":"[2026-03-24T04:53:40.959Z] GET /api/publications/pending","service":"eduvault-backend","timestamp":"2026-03-24 10:23:40"}
{"level":"info","message":"[2026-03-24T04:53:40.961Z] GET /api/competency-coding/pending","service":"eduvault-backend","timestamp":"2026-03-24 10:23:40"}
{"level":"info","message":"[2026-03-24T04:53:40.962Z] GET /api/noncgpa/pending","service":"eduvault-backend","timestamp":"2026-03-24 10:23:40"}
{"level":"info","message":"[2026-03-24T04:53:40.963Z] GET /api/projects/pending","service":"eduvault-backend","timestamp":"2026-03-24 10:23:40"}
{"level":"info","message":"[2026-03-24T04:53:40.979Z] GET /api/hackathon/pending","service":"eduvault-backend","timestamp":"2026-03-24 10:23:40"}
{"level":"info","message":"[2026-03-24T04:53:40.995Z] GET /api/extracurricular/pending","service":"eduvault-backend","timestamp":"2026-03-24 10:23:40"}
{"level":"info","message":"[2026-03-24T04:53:41.000Z] GET /api/fetch-internships?UserId=2","service":"eduvault-backend","timestamp":"2026-03-24 10:23:41"}
{"level":"info","message":"[2026-03-24T04:53:41.009Z] GET /api/pending-internships?userID=2","service":"eduvault-backend","timestamp":"2026-03-24 10:23:41"}
{"level":"info","message":"[2026-03-24T04:53:41.029Z] GET /api/event-attended/list?UserId=2","service":"eduvault-backend","timestamp":"2026-03-24 10:23:41"}
{"level":"info","message":"[2026-03-24T04:53:41.031Z] GET /api/fetch-scholarships?UserId=2","service":"eduvault-backend","timestamp":"2026-03-24 10:23:41"}
{"level":"info","message":"[2026-03-24T04:53:41.033Z] GET /api/event-organized/approved?UserId=2","service":"eduvault-backend","timestamp":"2026-03-24 10:23:41"}
{"level":"info","message":"[2026-03-24T04:53:41.035Z] GET /api/event-organized/pending?UserId=2","service":"eduvault-backend","timestamp":"2026-03-24 10:23:41"}
{"level":"info","message":"[2026-03-24T04:53:41.038Z] GET /api/pending-leaves?Userid=2","service":"eduvault-backend","timestamp":"2026-03-24 10:23:41"}
{"level":"info","message":"[2026-03-24T04:53:41.046Z] GET /api/fetch-leaves?Userid=2","service":"eduvault-backend","timestamp":"2026-03-24 10:23:41"}
{"level":"info","message":"[2026-03-24T04:53:41.048Z] GET /api/user-achievements/2","service":"eduvault-backend","timestamp":"2026-03-24 10:23:41"}
{"level":"info","message":"[2026-03-24T04:53:41.060Z] GET /api/hackathon/my-events","service":"eduvault-backend","timestamp":"2026-03-24 10:23:41"}
{"level":"info","message":"[2026-03-24T04:53:41.069Z] GET /api/publications/my-publications?UserId=2","service":"eduvault-backend","timestamp":"2026-03-24 10:23:41"}
{"level":"info","message":"[2026-03-24T04:53:41.071Z] GET /api/competency-coding/my-record?UserId=2","service":"eduvault-backend","timestamp":"2026-03-24 10:23:41"}
{"level":"info","message":"[2026-03-24T04:53:41.079Z] GET /api/competency-coding/skillrack/summary?UserId=2","service":"eduvault-backend","timestamp":"2026-03-24 10:23:41"}
{"level":"info","message":"[2026-03-24T04:53:41.086Z] GET /api/competency-coding/platform/all?UserId=2","service":"eduvault-backend","timestamp":"2026-03-24 10:23:41"}
{"level":"info","message":"[2026-03-24T04:53:41.088Z] GET /api/competency-coding/analytics?UserId=2","service":"eduvault-backend","timestamp":"2026-03-24 10:23:41"}
{"level":"info","message":"[2026-03-24T04:53:41.097Z] GET /api/projects/my-projects?UserId=2","service":"eduvault-backend","timestamp":"2026-03-24 10:23:41"}
{"level":"info","message":"[2026-03-24T04:53:41.099Z] GET /api/extracurricular/my-activities?UserId=2","service":"eduvault-backend","timestamp":"2026-03-24 10:23:41"}
{"level":"info","message":"[2026-03-24T04:53:41.108Z] GET /api/noncgpa/dropdown/categories","service":"eduvault-backend","timestamp":"2026-03-24 10:23:41"}
{"level":"info","message":"[2026-03-24T04:53:41.120Z] GET /api/noncgpa/dropdown/course-names","service":"eduvault-backend","timestamp":"2026-03-24 10:23:41"}
{"level":"info","message":"[2026-03-24T04:53:41.122Z] GET /api/noncgpa/dropdown/course-codes","service":"eduvault-backend","timestamp":"2026-03-24 10:23:41"}
{"level":"info","message":"[2026-03-24T04:53:41.130Z] GET /api/noncgpa/my-records?UserId=2","service":"eduvault-backend","timestamp":"2026-03-24 10:23:41"}
{"level":"info","message":"[2026-03-24T04:53:41.132Z] GET /api/skillrack/my-record?UserId=2","service":"eduvault-backend","timestamp":"2026-03-24 10:23:41"}
{"level":"info","message":"[2026-03-24T04:53:41.140Z] GET /api/skillrack/my-stats?UserId=2","service":"eduvault-backend","timestamp":"2026-03-24 10:23:41"}
{"level":"info","message":"[2026-03-24T04:53:41.150Z] GET /api/student-certificate/list","service":"eduvault-backend","timestamp":"2026-03-24 10:23:41"}
{"level":"info","message":"[2026-03-24T04:53:41.151Z] GET /api/staffs","service":"eduvault-backend","timestamp":"2026-03-24 10:23:41"}
{"level":"info","message":"[2026-03-24T04:53:41.158Z] GET /api/department-counts","service":"eduvault-backend","timestamp":"2026-03-24 10:23:41"}
{"level":"info","message":"[2026-03-24T04:53:41.160Z] GET /api/resume-staff/staff-data/2","service":"eduvault-backend","timestamp":"2026-03-24 10:23:41"}
{"level":"info","message":"[2026-03-24T04:53:41.162Z] GET /api/resume-staff/profile-image/2","service":"eduvault-backend","timestamp":"2026-03-24 10:23:41"}
{"level":"info","message":"[2026-03-24T04:53:41.172Z] GET /api/students","service":"eduvault-backend","timestamp":"2026-03-24 10:23:41"}
{"level":"info","message":"[2026-03-24T04:53:41.193Z] GET /api/get-staff?role=Staff","service":"eduvault-backend","timestamp":"2026-03-24 10:23:41"}
{"level":"info","message":"[2026-03-24T04:53:41.195Z] GET /api/departments","service":"eduvault-backend","timestamp":"2026-03-24 10:23:41"}
{"level":"info","message":"[2026-03-24T04:53:41.219Z] GET /api/resume-staff/staff-data/2","service":"eduvault-backend","timestamp":"2026-03-24 10:23:41"}
{"level":"info","message":"[2026-03-24T04:53:41.221Z] GET /api/departments","service":"eduvault-backend","timestamp":"2026-03-24 10:23:41"}
{"level":"info","message":"[2026-03-24T04:53:41.223Z] GET /api/resume-staff/profile-image/2","service":"eduvault-backend","timestamp":"2026-03-24 10:23:41"}
{"level":"info","message":"[2026-03-24T04:53:41.229Z] GET /api/staffs","service":"eduvault-backend","timestamp":"2026-03-24 10:23:41"}
{"level":"info","message":"[2026-03-24T04:53:41.262Z] GET /api/resume-staff/staff-data/2","service":"eduvault-backend","timestamp":"2026-03-24 10:23:41"}
{"level":"info","message":"[2026-03-24T04:53:41.268Z] GET /api/resume-staff/profile-image/2","service":"eduvault-backend","timestamp":"2026-03-24 10:23:41"}
{"level":"info","message":"[2026-03-24T04:53:41.297Z] GET /api/staffs","service":"eduvault-backend","timestamp":"2026-03-24 10:23:41"}
{"level":"info","message":"[2026-03-24T04:53:41.303Z] GET /api/resume-staff/profile-image/2","service":"eduvault-backend","timestamp":"2026-03-24 10:23:41"}
{"level":"info","message":"[2026-03-24T04:55:19.784Z] GET /api/resume-staff/staff-data/2","service":"eduvault-backend","timestamp":"2026-03-24 10:25:19"}
{"level":"info","message":"[2026-03-24T04:55:19.976Z] GET /api/resume-staff/profile-image/2","service":"eduvault-backend","timestamp":"2026-03-24 10:25:19"}
{"level":"info","message":"[2026-03-24T04:55:26.635Z] GET /api/resume-staff/staff-data/2","service":"eduvault-backend","timestamp":"2026-03-24 10:25:26"}
{"level":"info","message":"[2026-03-24T04:55:26.703Z] GET /api/resume-staff/profile-image/2","service":"eduvault-backend","timestamp":"2026-03-24 10:25:26"}
{"level":"info","message":"[2026-03-24T04:55:39.764Z] GET /api/education","service":"eduvault-backend","timestamp":"2026-03-24 10:25:39"}
{"level":"info","message":"[2026-03-24T04:55:39.786Z] GET /api/education","service":"eduvault-backend","timestamp":"2026-03-24 10:25:39"}
{"level":"info","message":"[2026-03-24T04:55:42.344Z] GET /api/resume-staff/staff-data/2","service":"eduvault-backend","timestamp":"2026-03-24 10:25:42"}
{"level":"info","message":"[2026-03-24T04:55:42.395Z] GET /api/resume-staff/staff-data/2","service":"eduvault-backend","timestamp":"2026-03-24 10:25:42"}
{"level":"info","message":"[2026-03-24T04:55:42.403Z] GET /api/resume-staff/profile-image/2","service":"eduvault-backend","timestamp":"2026-03-24 10:25:42"}
{"level":"info","message":"[2026-03-24T04:55:42.442Z] GET /api/resume-staff/profile-image/2","service":"eduvault-backend","timestamp":"2026-03-24 10:25:42"}
{"level":"info","message":"[2026-03-24T04:55:44.263Z] GET /api/education","service":"eduvault-backend","timestamp":"2026-03-24 10:25:44"}
{"level":"info","message":"[2026-03-24T04:55:44.274Z] GET /api/education","service":"eduvault-backend","timestamp":"2026-03-24 10:25:44"}
{"level":"info","message":"[2026-03-24T04:56:17.010Z] PUT /api/education/1","service":"eduvault-backend","timestamp":"2026-03-24 10:26:17"}
{"level":"info","message":"[2026-03-24T04:56:17.101Z] GET /api/education","service":"eduvault-backend","timestamp":"2026-03-24 10:26:17"}
{"level":"info","message":"[2026-03-24T04:56:21.355Z] GET /api/events","service":"eduvault-backend","timestamp":"2026-03-24 10:26:21"}
{"level":"info","message":"[2026-03-24T04:56:21.392Z] GET /api/events","service":"eduvault-backend","timestamp":"2026-03-24 10:26:21"}
{"level":"info","message":"[2026-03-24T04:56:27.041Z] GET /api/h-index","service":"eduvault-backend","timestamp":"2026-03-24 10:26:27"}
{"level":"info","message":"[2026-03-24T04:56:27.071Z] GET /api/h-index","service":"eduvault-backend","timestamp":"2026-03-24 10:26:27"}
{"level":"info","message":"[2026-03-24T04:56:30.638Z] GET /api/seed-money","service":"eduvault-backend","timestamp":"2026-03-24 10:26:30"}
{"level":"info","message":"[2026-03-24T04:56:30.641Z] GET /api/scholars","service":"eduvault-backend","timestamp":"2026-03-24 10:26:30"}
{"level":"info","message":"[2026-03-24T04:56:30.644Z] GET /api/proposals","service":"eduvault-backend","timestamp":"2026-03-24 10:26:30"}
{"level":"info","message":"[2026-03-24T04:56:30.650Z] GET /api/project-proposal","service":"eduvault-backend","timestamp":"2026-03-24 10:26:30"}
{"level":"info","message":"[2026-03-24T04:56:30.679Z] GET /api/events","service":"eduvault-backend","timestamp":"2026-03-24 10:26:30"}
{"level":"info","message":"[2026-03-24T04:56:30.681Z] GET /api/industry","service":"eduvault-backend","timestamp":"2026-03-24 10:26:30"}
{"level":"info","message":"[2026-03-24T04:56:30.711Z] GET /api/certifications","service":"eduvault-backend","timestamp":"2026-03-24 10:26:30"}
{"level":"info","message":"[2026-03-24T04:56:30.748Z] GET /api/book-chapters","service":"eduvault-backend","timestamp":"2026-03-24 10:26:30"}
{"level":"info","message":"[2026-03-24T04:56:30.751Z] GET /api/other/events-organized","service":"eduvault-backend","timestamp":"2026-03-24 10:26:30"}
{"level":"info","message":"[2026-03-24T04:56:30.756Z] GET /api/h-index","service":"eduvault-backend","timestamp":"2026-03-24 10:26:30"}
{"level":"info","message":"[2026-03-24T04:56:30.761Z] GET /api/resource-person","service":"eduvault-backend","timestamp":"2026-03-24 10:26:30"}
{"level":"info","message":"[2026-03-24T04:56:30.762Z] GET /api/recognition","service":"eduvault-backend","timestamp":"2026-03-24 10:26:30"}
{"level":"info","message":"[2026-03-24T04:56:30.768Z] GET /api/patent-product","service":"eduvault-backend","timestamp":"2026-03-24 10:26:30"}
{"level":"info","message":"[2026-03-24T04:56:30.769Z] GET /api/project-mentors","service":"eduvault-backend","timestamp":"2026-03-24 10:26:30"}
{"level":"info","message":"[2026-03-24T04:56:30.783Z] GET /api/seed-money","service":"eduvault-backend","timestamp":"2026-03-24 10:26:30"}
{"level":"info","message":"[2026-03-24T04:56:30.797Z] GET /api/scholars","service":"eduvault-backend","timestamp":"2026-03-24 10:26:30"}
{"level":"info","message":"[2026-03-24T04:56:30.806Z] GET /api/certifications","service":"eduvault-backend","timestamp":"2026-03-24 10:26:30"}
{"level":"info","message":"[2026-03-24T04:56:30.808Z] GET /api/industry","service":"eduvault-backend","timestamp":"2026-03-24 10:26:30"}
{"level":"info","message":"[2026-03-24T04:56:30.809Z] GET /api/project-proposal","service":"eduvault-backend","timestamp":"2026-03-24 10:26:30"}
{"level":"info","message":"[2026-03-24T04:56:30.815Z] GET /api/events","service":"eduvault-backend","timestamp":"2026-03-24 10:26:30"}
{"level":"info","message":"[2026-03-24T04:56:30.824Z] GET /api/other/events-organized","service":"eduvault-backend","timestamp":"2026-03-24 10:26:30"}
{"level":"info","message":"[2026-03-24T04:56:30.851Z] GET /api/proposals","service":"eduvault-backend","timestamp":"2026-03-24 10:26:30"}
{"level":"info","message":"[2026-03-24T04:56:30.855Z] GET /api/book-chapters","service":"eduvault-backend","timestamp":"2026-03-24 10:26:30"}
{"level":"info","message":"[2026-03-24T04:56:30.864Z] GET /api/h-index","service":"eduvault-backend","timestamp":"2026-03-24 10:26:30"}
{"level":"info","message":"[2026-03-24T04:56:30.867Z] GET /api/resource-person","service":"eduvault-backend","timestamp":"2026-03-24 10:26:30"}
{"level":"info","message":"[2026-03-24T04:56:30.868Z] GET /api/recognition","service":"eduvault-backend","timestamp":"2026-03-24 10:26:30"}
{"level":"info","message":"[2026-03-24T04:56:30.876Z] GET /api/patent-product","service":"eduvault-backend","timestamp":"2026-03-24 10:26:30"}
{"level":"info","message":"[2026-03-24T04:56:30.896Z] GET /api/project-mentors","service":"eduvault-backend","timestamp":"2026-03-24 10:26:30"}
{"level":"info","message":"[2026-03-24T04:56:30.897Z] GET /api/appraisals","service":"eduvault-backend","timestamp":"2026-03-24 10:26:30"}
{"level":"info","message":"[2026-03-24T04:56:30.916Z] GET /api/appraisals","service":"eduvault-backend","timestamp":"2026-03-24 10:26:30"}
{"level":"info","message":"[2026-03-24T04:56:38.680Z] GET /api/staff/staff","service":"eduvault-backend","timestamp":"2026-03-24 10:26:38"}
{"level":"info","message":"[2026-03-24T04:56:38.752Z] GET /api/staff/staff","service":"eduvault-backend","timestamp":"2026-03-24 10:26:38"}
{"level":"info","message":"[2026-03-24T04:58:41.630Z] GET /api/pending-internships","service":"eduvault-backend","timestamp":"2026-03-24 10:28:41"}
{"level":"info","message":"[2026-03-24T04:58:41.632Z] GET /api/pending-scholarships","service":"eduvault-backend","timestamp":"2026-03-24 10:28:41"}
{"level":"info","message":"[2026-03-24T04:58:41.634Z] GET /api/event-organized/pending","service":"eduvault-backend","timestamp":"2026-03-24 10:28:41"}
{"level":"info","message":"[2026-03-24T04:58:41.644Z] GET /api/event-attended/pending","service":"eduvault-backend","timestamp":"2026-03-24 10:28:41"}
{"level":"info","message":"[2026-03-24T04:58:41.646Z] GET /api/all/pending-leaves","service":"eduvault-backend","timestamp":"2026-03-24 10:28:41"}
{"level":"info","message":"[2026-03-24T04:58:41.648Z] GET /api/pending-achievements","service":"eduvault-backend","timestamp":"2026-03-24 10:28:41"}
{"level":"info","message":"[2026-03-24T04:58:41.650Z] GET /api/publications/pending","service":"eduvault-backend","timestamp":"2026-03-24 10:28:41"}
{"level":"info","message":"[2026-03-24T04:58:41.653Z] GET /api/online-courses/pending","service":"eduvault-backend","timestamp":"2026-03-24 10:28:41"}
{"level":"info","message":"[2026-03-24T04:58:41.658Z] GET /api/competency-coding/pending","service":"eduvault-backend","timestamp":"2026-03-24 10:28:41"}
{"level":"info","message":"[2026-03-24T04:58:41.660Z] GET /api/noncgpa/pending","service":"eduvault-backend","timestamp":"2026-03-24 10:28:41"}
{"level":"info","message":"[2026-03-24T04:58:41.662Z] GET /api/projects/pending","service":"eduvault-backend","timestamp":"2026-03-24 10:28:41"}
{"level":"info","message":"[2026-03-24T04:58:41.702Z] GET /api/hackathon/pending","service":"eduvault-backend","timestamp":"2026-03-24 10:28:41"}
{"level":"info","message":"[2026-03-24T04:58:41.719Z] GET /api/extracurricular/pending","service":"eduvault-backend","timestamp":"2026-03-24 10:28:41"}
{"level":"info","message":"[2026-03-24T05:03:39.665Z] GET /api/staff/staff","service":"eduvault-backend","timestamp":"2026-03-24 10:33:39"}
{"level":"info","message":"[2026-03-24T05:03:39.684Z] GET /api/staff/staff","service":"eduvault-backend","timestamp":"2026-03-24 10:33:39"}
{"level":"info","message":"[2026-03-24T05:03:39.710Z] POST /api/auth/refresh","service":"eduvault-backend","timestamp":"2026-03-24 10:33:39"}
{"level":"info","message":"[2026-03-24T05:03:46.640Z] GET /api/departments","service":"eduvault-backend","timestamp":"2026-03-24 10:33:46"}
{"level":"info","message":"[2026-03-24T05:03:46.654Z] GET /api/get-staff?role=Staff","service":"eduvault-backend","timestamp":"2026-03-24 10:33:46"}
{"level":"info","message":"[2026-03-24T05:03:46.664Z] GET /api/states","service":"eduvault-backend","timestamp":"2026-03-24 10:33:46"}
{"level":"info","message":"[2026-03-24T05:03:46.683Z] GET /api/departments","service":"eduvault-backend","timestamp":"2026-03-24 10:33:46"}
{"level":"info","message":"[2026-03-24T05:03:46.686Z] GET /api/states","service":"eduvault-backend","timestamp":"2026-03-24 10:33:46"}
{"level":"info","message":"[2026-03-24T05:03:46.693Z] GET /api/get-staff?role=Staff","service":"eduvault-backend","timestamp":"2026-03-24 10:33:46"}
{"level":"info","message":"[2026-03-24T05:06:20.573Z] POST /api/auth/login","service":"eduvault-backend","timestamp":"2026-03-24 10:36:20"}
{"level":"info","message":"[2026-03-24T05:06:20.744Z] GET /api/auth/me","service":"eduvault-backend","timestamp":"2026-03-24 10:36:20"}
{"level":"info","message":"[2026-03-24T05:06:20.796Z] GET /api/get-user/2","service":"eduvault-backend","timestamp":"2026-03-24 10:36:20"}
{"level":"info","message":"[2026-03-24T05:06:20.842Z] GET /api/departments","service":"eduvault-backend","timestamp":"2026-03-24 10:36:20"}
{"level":"info","message":"[2026-03-24T05:06:20.854Z] GET /api/pending-internships","service":"eduvault-backend","timestamp":"2026-03-24 10:36:20"}
{"level":"info","message":"[2026-03-24T05:06:20.859Z] GET /api/pending-scholarships","service":"eduvault-backend","timestamp":"2026-03-24 10:36:20"}
{"level":"info","message":"[2026-03-24T05:06:20.865Z] GET /api/students","service":"eduvault-backend","timestamp":"2026-03-24 10:36:20"}
{"level":"info","message":"[2026-03-24T05:06:20.868Z] GET /api/get-staff?role=Staff","service":"eduvault-backend","timestamp":"2026-03-24 10:36:20"}
{"level":"info","message":"[2026-03-24T05:06:20.870Z] GET /api/department-counts","service":"eduvault-backend","timestamp":"2026-03-24 10:36:20"}
{"level":"info","message":"[2026-03-24T05:06:20.874Z] GET /api/event-organized/pending","service":"eduvault-backend","timestamp":"2026-03-24 10:36:20"}
{"level":"info","message":"[2026-03-24T05:06:20.908Z] GET /api/event-attended/pending","service":"eduvault-backend","timestamp":"2026-03-24 10:36:20"}
{"level":"info","message":"[2026-03-24T05:06:20.926Z] GET /api/all/pending-leaves","service":"eduvault-backend","timestamp":"2026-03-24 10:36:20"}
{"level":"info","message":"[2026-03-24T05:06:20.928Z] GET /api/online-courses/pending","service":"eduvault-backend","timestamp":"2026-03-24 10:36:20"}
{"level":"info","message":"[2026-03-24T05:06:20.933Z] GET /api/pending-achievements","service":"eduvault-backend","timestamp":"2026-03-24 10:36:20"}
{"level":"info","message":"[2026-03-24T05:06:20.935Z] GET /api/publications/pending","service":"eduvault-backend","timestamp":"2026-03-24 10:36:20"}
{"level":"info","message":"[2026-03-24T05:06:20.936Z] GET /api/competency-coding/pending","service":"eduvault-backend","timestamp":"2026-03-24 10:36:20"}
{"level":"info","message":"[2026-03-24T05:06:20.951Z] GET /api/noncgpa/pending","service":"eduvault-backend","timestamp":"2026-03-24 10:36:20"}
{"level":"info","message":"[2026-03-24T05:06:20.957Z] GET /api/projects/pending","service":"eduvault-backend","timestamp":"2026-03-24 10:36:20"}
{"level":"info","message":"[2026-03-24T05:06:20.961Z] GET /api/hackathon/pending","service":"eduvault-backend","timestamp":"2026-03-24 10:36:20"}
{"level":"info","message":"[2026-03-24T05:06:20.996Z] GET /api/extracurricular/pending","service":"eduvault-backend","timestamp":"2026-03-24 10:36:20"}
{"level":"info","message":"[2026-03-24T05:06:21.023Z] GET /api/fetch-internships?UserId=2","service":"eduvault-backend","timestamp":"2026-03-24 10:36:21"}
{"level":"info","message":"[2026-03-24T05:06:21.071Z] GET /api/pending-internships?userID=2","service":"eduvault-backend","timestamp":"2026-03-24 10:36:21"}
{"level":"info","message":"[2026-03-24T05:06:21.075Z] GET /api/event-attended/list?UserId=2","service":"eduvault-backend","timestamp":"2026-03-24 10:36:21"}
{"level":"info","message":"[2026-03-24T05:06:21.087Z] GET /api/fetch-scholarships?UserId=2","service":"eduvault-backend","timestamp":"2026-03-24 10:36:21"}
{"level":"info","message":"[2026-03-24T05:06:21.092Z] GET /api/event-organized/approved?UserId=2","service":"eduvault-backend","timestamp":"2026-03-24 10:36:21"}
{"level":"info","message":"[2026-03-24T05:06:21.102Z] GET /api/event-organized/pending?UserId=2","service":"eduvault-backend","timestamp":"2026-03-24 10:36:21"}
{"level":"info","message":"[2026-03-24T05:06:21.105Z] GET /api/pending-leaves?Userid=2","service":"eduvault-backend","timestamp":"2026-03-24 10:36:21"}
{"level":"info","message":"[2026-03-24T05:06:21.119Z] GET /api/fetch-leaves?Userid=2","service":"eduvault-backend","timestamp":"2026-03-24 10:36:21"}
{"level":"info","message":"[2026-03-24T05:06:21.129Z] GET /api/user-achievements/2","service":"eduvault-backend","timestamp":"2026-03-24 10:36:21"}
{"level":"info","message":"[2026-03-24T05:06:21.131Z] GET /api/hackathon/my-events","service":"eduvault-backend","timestamp":"2026-03-24 10:36:21"}
{"level":"info","message":"[2026-03-24T05:06:21.132Z] GET /api/publications/my-publications?UserId=2","service":"eduvault-backend","timestamp":"2026-03-24 10:36:21"}
{"level":"info","message":"[2026-03-24T05:06:21.141Z] GET /api/competency-coding/my-record?UserId=2","service":"eduvault-backend","timestamp":"2026-03-24 10:36:21"}
{"level":"info","message":"[2026-03-24T05:06:21.151Z] GET /api/competency-coding/skillrack/summary?UserId=2","service":"eduvault-backend","timestamp":"2026-03-24 10:36:21"}
{"level":"info","message":"[2026-03-24T05:06:21.161Z] GET /api/competency-coding/platform/all?UserId=2","service":"eduvault-backend","timestamp":"2026-03-24 10:36:21"}
{"level":"info","message":"[2026-03-24T05:06:21.163Z] GET /api/competency-coding/analytics?UserId=2","service":"eduvault-backend","timestamp":"2026-03-24 10:36:21"}
{"level":"info","message":"[2026-03-24T05:06:21.164Z] GET /api/projects/my-projects?UserId=2","service":"eduvault-backend","timestamp":"2026-03-24 10:36:21"}
{"level":"info","message":"[2026-03-24T05:06:21.175Z] GET /api/extracurricular/my-activities?UserId=2","service":"eduvault-backend","timestamp":"2026-03-24 10:36:21"}
{"level":"info","message":"[2026-03-24T05:06:21.187Z] GET /api/noncgpa/dropdown/categories","service":"eduvault-backend","timestamp":"2026-03-24 10:36:21"}
{"level":"info","message":"[2026-03-24T05:06:21.200Z] GET /api/noncgpa/dropdown/course-names","service":"eduvault-backend","timestamp":"2026-03-24 10:36:21"}
{"level":"info","message":"[2026-03-24T05:06:21.207Z] GET /api/noncgpa/dropdown/course-codes","service":"eduvault-backend","timestamp":"2026-03-24 10:36:21"}
{"level":"info","message":"[2026-03-24T05:06:21.210Z] GET /api/noncgpa/my-records?UserId=2","service":"eduvault-backend","timestamp":"2026-03-24 10:36:21"}
{"level":"info","message":"[2026-03-24T05:06:21.220Z] GET /api/skillrack/my-record?UserId=2","service":"eduvault-backend","timestamp":"2026-03-24 10:36:21"}
{"level":"info","message":"[2026-03-24T05:06:21.237Z] GET /api/skillrack/my-stats?UserId=2","service":"eduvault-backend","timestamp":"2026-03-24 10:36:21"}
{"level":"info","message":"[2026-03-24T05:06:21.253Z] GET /api/student-certificate/list","service":"eduvault-backend","timestamp":"2026-03-24 10:36:21"}
{"level":"info","message":"[2026-03-24T05:06:21.255Z] GET /api/staffs","service":"eduvault-backend","timestamp":"2026-03-24 10:36:21"}
{"level":"info","message":"[2026-03-24T05:06:21.256Z] GET /uploads/default.jpg","service":"eduvault-backend","timestamp":"2026-03-24 10:36:21"}
{"level":"info","message":"[2026-03-24T05:06:21.265Z] GET /api/seed-money","service":"eduvault-backend","timestamp":"2026-03-24 10:36:21"}
{"level":"info","message":"[2026-03-24T05:06:21.267Z] GET /api/scholars","service":"eduvault-backend","timestamp":"2026-03-24 10:36:21"}
{"level":"info","message":"[2026-03-24T05:06:21.269Z] GET /api/proposals","service":"eduvault-backend","timestamp":"2026-03-24 10:36:21"}
{"level":"info","message":"[2026-03-24T05:06:21.281Z] GET /api/project-proposal","service":"eduvault-backend","timestamp":"2026-03-24 10:36:21"}
{"level":"info","message":"[2026-03-24T05:06:21.296Z] GET /api/events","service":"eduvault-backend","timestamp":"2026-03-24 10:36:21"}
{"level":"info","message":"[2026-03-24T05:06:21.318Z] GET /api/industry","service":"eduvault-backend","timestamp":"2026-03-24 10:36:21"}
{"level":"info","message":"[2026-03-24T05:06:21.326Z] GET /api/certifications","service":"eduvault-backend","timestamp":"2026-03-24 10:36:21"}
{"level":"info","message":"[2026-03-24T05:06:21.330Z] GET /api/book-chapters","service":"eduvault-backend","timestamp":"2026-03-24 10:36:21"}
{"level":"info","message":"[2026-03-24T05:06:21.339Z] GET /api/other/events-organized","service":"eduvault-backend","timestamp":"2026-03-24 10:36:21"}
{"level":"info","message":"[2026-03-24T05:06:21.342Z] GET /api/h-index","service":"eduvault-backend","timestamp":"2026-03-24 10:36:21"}
{"level":"info","message":"[2026-03-24T05:06:21.354Z] GET /api/resource-person","service":"eduvault-backend","timestamp":"2026-03-24 10:36:21"}
{"level":"info","message":"[2026-03-24T05:06:21.361Z] GET /api/recognition","service":"eduvault-backend","timestamp":"2026-03-24 10:36:21"}
{"level":"info","message":"[2026-03-24T05:06:21.374Z] GET /api/patent-product","service":"eduvault-backend","timestamp":"2026-03-24 10:36:21"}
{"level":"info","message":"[2026-03-24T05:06:21.385Z] GET /api/project-mentors","service":"eduvault-backend","timestamp":"2026-03-24 10:36:21"}
{"level":"info","message":"[2026-03-24T05:06:21.386Z] GET /api/departments","service":"eduvault-backend","timestamp":"2026-03-24 10:36:21"}
{"level":"info","message":"[2026-03-24T05:06:21.399Z] GET /api/seed-money","service":"eduvault-backend","timestamp":"2026-03-24 10:36:21"}
{"level":"info","message":"[2026-03-24T05:06:21.410Z] GET /api/scholars","service":"eduvault-backend","timestamp":"2026-03-24 10:36:21"}
{"level":"info","message":"[2026-03-24T05:06:21.412Z] GET /api/project-proposal","service":"eduvault-backend","timestamp":"2026-03-24 10:36:21"}
{"level":"info","message":"[2026-03-24T05:06:21.413Z] GET /api/proposals","service":"eduvault-backend","timestamp":"2026-03-24 10:36:21"}
{"level":"info","message":"[2026-03-24T05:06:21.419Z] GET /api/events","service":"eduvault-backend","timestamp":"2026-03-24 10:36:21"}
{"level":"info","message":"[2026-03-24T05:06:21.429Z] GET /api/other/events-organized","service":"eduvault-backend","timestamp":"2026-03-24 10:36:21"}
{"level":"info","message":"[2026-03-24T05:06:21.439Z] GET /api/certifications","service":"eduvault-backend","timestamp":"2026-03-24 10:36:21"}
{"level":"info","message":"[2026-03-24T05:06:21.442Z] GET /api/book-chapters","service":"eduvault-backend","timestamp":"2026-03-24 10:36:21"}
{"level":"info","message":"[2026-03-24T05:06:21.444Z] GET /api/industry","service":"eduvault-backend","timestamp":"2026-03-24 10:36:21"}
{"level":"info","message":"[2026-03-24T05:06:21.448Z] GET /api/h-index","service":"eduvault-backend","timestamp":"2026-03-24 10:36:21"}
{"level":"info","message":"[2026-03-24T05:06:21.460Z] GET /api/resource-person","service":"eduvault-backend","timestamp":"2026-03-24 10:36:21"}
{"level":"info","message":"[2026-03-24T05:06:21.462Z] GET /api/recognition","service":"eduvault-backend","timestamp":"2026-03-24 10:36:21"}
{"level":"info","message":"[2026-03-24T05:06:21.471Z] GET /api/departments","service":"eduvault-backend","timestamp":"2026-03-24 10:36:21"}
{"level":"info","message":"[2026-03-24T05:06:21.479Z] GET /api/staffs","service":"eduvault-backend","timestamp":"2026-03-24 10:36:21"}
{"level":"info","message":"[2026-03-24T05:06:21.488Z] GET /api/patent-product","service":"eduvault-backend","timestamp":"2026-03-24 10:36:21"}
{"level":"info","message":"[2026-03-24T05:06:21.491Z] GET /api/project-mentors","service":"eduvault-backend","timestamp":"2026-03-24 10:36:21"}
{"level":"info","message":"[2026-03-24T05:06:21.493Z] GET /api/appraisals","service":"eduvault-backend","timestamp":"2026-03-24 10:36:21"}
{"level":"info","message":"[2026-03-24T05:06:21.509Z] GET /api/staffs","service":"eduvault-backend","timestamp":"2026-03-24 10:36:21"}
{"level":"info","message":"[2026-03-24T05:06:21.515Z] GET /api/appraisals","service":"eduvault-backend","timestamp":"2026-03-24 10:36:21"}
{"level":"info","message":"[2026-03-24T05:06:24.250Z] GET /api/pending-internships","service":"eduvault-backend","timestamp":"2026-03-24 10:36:24"}
{"level":"info","message":"[2026-03-24T05:06:24.254Z] GET /api/pending-scholarships","service":"eduvault-backend","timestamp":"2026-03-24 10:36:24"}
{"level":"info","message":"[2026-03-24T05:06:24.256Z] GET /api/event-organized/pending","service":"eduvault-backend","timestamp":"2026-03-24 10:36:24"}
{"level":"info","message":"[2026-03-24T05:06:24.259Z] GET /api/event-attended/pending","service":"eduvault-backend","timestamp":"2026-03-24 10:36:24"}
{"level":"info","message":"[2026-03-24T05:06:24.264Z] GET /api/all/pending-leaves","service":"eduvault-backend","timestamp":"2026-03-24 10:36:24"}
{"level":"info","message":"[2026-03-24T05:06:24.266Z] GET /api/online-courses/pending","service":"eduvault-backend","timestamp":"2026-03-24 10:36:24"}
{"level":"info","message":"[2026-03-24T05:06:24.286Z] GET /api/pending-achievements","service":"eduvault-backend","timestamp":"2026-03-24 10:36:24"}
{"level":"info","message":"[2026-03-24T05:06:24.288Z] GET /api/publications/pending","service":"eduvault-backend","timestamp":"2026-03-24 10:36:24"}
{"level":"info","message":"[2026-03-24T05:06:24.291Z] GET /api/competency-coding/pending","service":"eduvault-backend","timestamp":"2026-03-24 10:36:24"}
{"level":"info","message":"[2026-03-24T05:06:24.293Z] GET /api/noncgpa/pending","service":"eduvault-backend","timestamp":"2026-03-24 10:36:24"}
{"level":"info","message":"[2026-03-24T05:06:24.302Z] GET /api/projects/pending","service":"eduvault-backend","timestamp":"2026-03-24 10:36:24"}
{"level":"info","message":"[2026-03-24T05:06:24.311Z] GET /api/hackathon/pending","service":"eduvault-backend","timestamp":"2026-03-24 10:36:24"}
{"level":"info","message":"[2026-03-24T05:06:24.320Z] GET /api/extracurricular/pending","service":"eduvault-backend","timestamp":"2026-03-24 10:36:24"}
{"level":"info","message":"[2026-03-24T05:06:24.323Z] GET /api/pending-scholarships","service":"eduvault-backend","timestamp":"2026-03-24 10:36:24"}
{"level":"info","message":"[2026-03-24T05:06:24.325Z] GET /api/event-organized/pending","service":"eduvault-backend","timestamp":"2026-03-24 10:36:24"}
{"level":"info","message":"[2026-03-24T05:06:24.333Z] GET /api/event-attended/pending","service":"eduvault-backend","timestamp":"2026-03-24 10:36:24"}
{"level":"info","message":"[2026-03-24T05:06:24.336Z] GET /api/all/pending-leaves","service":"eduvault-backend","timestamp":"2026-03-24 10:36:24"}
{"level":"info","message":"[2026-03-24T05:06:24.338Z] GET /api/pending-achievements","service":"eduvault-backend","timestamp":"2026-03-24 10:36:24"}
{"level":"info","message":"[2026-03-24T05:06:24.342Z] GET /api/pending-internships","service":"eduvault-backend","timestamp":"2026-03-24 10:36:24"}
{"level":"info","message":"[2026-03-24T05:06:24.347Z] GET /api/online-courses/pending","service":"eduvault-backend","timestamp":"2026-03-24 10:36:24"}
{"level":"info","message":"[2026-03-24T05:06:24.350Z] GET /api/publications/pending","service":"eduvault-backend","timestamp":"2026-03-24 10:36:24"}
{"level":"info","message":"[2026-03-24T05:06:24.352Z] GET /api/competency-coding/pending","service":"eduvault-backend","timestamp":"2026-03-24 10:36:24"}
{"level":"info","message":"[2026-03-24T05:06:24.353Z] GET /api/noncgpa/pending","service":"eduvault-backend","timestamp":"2026-03-24 10:36:24"}
{"level":"info","message":"[2026-03-24T05:06:24.359Z] GET /api/projects/pending","service":"eduvault-backend","timestamp":"2026-03-24 10:36:24"}
{"level":"info","message":"[2026-03-24T05:06:24.381Z] GET /api/hackathon/pending","service":"eduvault-backend","timestamp":"2026-03-24 10:36:24"}
{"level":"info","message":"[2026-03-24T05:06:24.384Z] GET /api/extracurricular/pending","service":"eduvault-backend","timestamp":"2026-03-24 10:36:24"}
{"level":"info","message":"[2026-03-24T05:09:56.505Z] GET /api/departments","service":"eduvault-backend","timestamp":"2026-03-24 10:39:56"}
{"level":"info","message":"[2026-03-24T05:09:56.520Z] GET /api/get-staff?role=Staff","service":"eduvault-backend","timestamp":"2026-03-24 10:39:56"}
{"level":"info","message":"[2026-03-24T05:09:56.531Z] GET /api/states","service":"eduvault-backend","timestamp":"2026-03-24 10:39:56"}
{"level":"info","message":"[2026-03-24T05:09:56.533Z] GET /api/auth/me","service":"eduvault-backend","timestamp":"2026-03-24 10:39:56"}
{"level":"info","message":"[2026-03-24T05:09:56.546Z] GET /api/auth/me","service":"eduvault-backend","timestamp":"2026-03-24 10:39:56"}
{"level":"info","message":"[2026-03-24T05:09:56.552Z] GET /api/get-user/2","service":"eduvault-backend","timestamp":"2026-03-24 10:39:56"}
{"level":"info","message":"[2026-03-24T05:09:56.588Z] GET /api/states","service":"eduvault-backend","timestamp":"2026-03-24 10:39:56"}
{"level":"info","message":"[2026-03-24T05:09:56.600Z] GET /api/get-staff?role=Staff","service":"eduvault-backend","timestamp":"2026-03-24 10:39:56"}
{"level":"info","message":"[2026-03-24T05:09:56.604Z] GET /api/departments","service":"eduvault-backend","timestamp":"2026-03-24 10:39:56"}
{"level":"info","message":"[2026-03-24T05:09:56.622Z] GET /api/get-user/2","service":"eduvault-backend","timestamp":"2026-03-24 10:39:56"}
{"level":"info","message":"[2026-03-24T05:09:56.647Z] GET /uploads/default.jpg","service":"eduvault-backend","timestamp":"2026-03-24 10:39:56"}
{"level":"info","message":"[2026-03-24T05:09:56.669Z] GET /api/pending-internships","service":"eduvault-backend","timestamp":"2026-03-24 10:39:56"}
{"level":"info","message":"[2026-03-24T05:09:56.681Z] GET /api/pending-scholarships","service":"eduvault-backend","timestamp":"2026-03-24 10:39:56"}
{"level":"info","message":"[2026-03-24T05:09:56.683Z] GET /api/event-organized/pending","service":"eduvault-backend","timestamp":"2026-03-24 10:39:56"}
{"level":"info","message":"[2026-03-24T05:09:56.687Z] GET /api/event-attended/pending","service":"eduvault-backend","timestamp":"2026-03-24 10:39:56"}
{"level":"info","message":"[2026-03-24T05:09:56.688Z] GET /api/all/pending-leaves","service":"eduvault-backend","timestamp":"2026-03-24 10:39:56"}
{"level":"info","message":"[2026-03-24T05:09:56.690Z] GET /api/online-courses/pending","service":"eduvault-backend","timestamp":"2026-03-24 10:39:56"}
{"level":"info","message":"[2026-03-24T05:09:56.697Z] GET /api/pending-achievements","service":"eduvault-backend","timestamp":"2026-03-24 10:39:56"}
{"level":"info","message":"[2026-03-24T05:09:56.702Z] GET /api/publications/pending","service":"eduvault-backend","timestamp":"2026-03-24 10:39:56"}
{"level":"info","message":"[2026-03-24T05:09:56.705Z] GET /api/competency-coding/pending","service":"eduvault-backend","timestamp":"2026-03-24 10:39:56"}
{"level":"info","message":"[2026-03-24T05:09:56.708Z] GET /api/noncgpa/pending","service":"eduvault-backend","timestamp":"2026-03-24 10:39:56"}
{"level":"info","message":"[2026-03-24T05:09:56.714Z] GET /api/projects/pending","service":"eduvault-backend","timestamp":"2026-03-24 10:39:56"}
{"level":"info","message":"[2026-03-24T05:09:56.717Z] GET /api/hackathon/pending","service":"eduvault-backend","timestamp":"2026-03-24 10:39:56"}
{"level":"info","message":"[2026-03-24T05:09:56.728Z] GET /api/extracurricular/pending","service":"eduvault-backend","timestamp":"2026-03-24 10:39:56"}
{"level":"info","message":"[2026-03-24T05:09:56.738Z] GET /api/departments","service":"eduvault-backend","timestamp":"2026-03-24 10:39:56"}
{"level":"info","message":"[2026-03-24T05:09:56.740Z] GET /api/students","service":"eduvault-backend","timestamp":"2026-03-24 10:39:56"}
{"level":"info","message":"[2026-03-24T05:09:56.744Z] GET /api/get-staff?role=Staff","service":"eduvault-backend","timestamp":"2026-03-24 10:39:56"}
{"level":"info","message":"[2026-03-24T05:09:56.755Z] GET /api/department-counts","service":"eduvault-backend","timestamp":"2026-03-24 10:39:56"}
{"level":"info","message":"[2026-03-24T05:09:56.763Z] GET /api/fetch-internships?UserId=2","service":"eduvault-backend","timestamp":"2026-03-24 10:39:56"}
{"level":"info","message":"[2026-03-24T05:09:56.765Z] GET /api/pending-internships?userID=2","service":"eduvault-backend","timestamp":"2026-03-24 10:39:56"}
{"level":"info","message":"[2026-03-24T05:09:56.766Z] GET /api/event-attended/list?UserId=2","service":"eduvault-backend","timestamp":"2026-03-24 10:39:56"}
{"level":"info","message":"[2026-03-24T05:09:56.767Z] GET /api/fetch-scholarships?UserId=2","service":"eduvault-backend","timestamp":"2026-03-24 10:39:56"}
{"level":"info","message":"[2026-03-24T05:09:56.782Z] GET /api/event-organized/approved?UserId=2","service":"eduvault-backend","timestamp":"2026-03-24 10:39:56"}
{"level":"info","message":"[2026-03-24T05:09:56.784Z] GET /api/event-organized/pending?UserId=2","service":"eduvault-backend","timestamp":"2026-03-24 10:39:56"}
{"level":"info","message":"[2026-03-24T05:09:56.794Z] GET /api/pending-leaves?Userid=2","service":"eduvault-backend","timestamp":"2026-03-24 10:39:56"}
{"level":"info","message":"[2026-03-24T05:09:56.797Z] GET /api/fetch-leaves?Userid=2","service":"eduvault-backend","timestamp":"2026-03-24 10:39:56"}
{"level":"info","message":"[2026-03-24T05:09:56.804Z] GET /api/user-achievements/2","service":"eduvault-backend","timestamp":"2026-03-24 10:39:56"}
{"level":"info","message":"[2026-03-24T05:09:56.806Z] GET /api/hackathon/my-events","service":"eduvault-backend","timestamp":"2026-03-24 10:39:56"}
{"level":"info","message":"[2026-03-24T05:09:56.809Z] GET /api/publications/my-publications?UserId=2","service":"eduvault-backend","timestamp":"2026-03-24 10:39:56"}
{"level":"info","message":"[2026-03-24T05:09:56.823Z] GET /api/competency-coding/my-record?UserId=2","service":"eduvault-backend","timestamp":"2026-03-24 10:39:56"}
{"level":"info","message":"[2026-03-24T05:09:56.834Z] GET /api/competency-coding/skillrack/summary?UserId=2","service":"eduvault-backend","timestamp":"2026-03-24 10:39:56"}
{"level":"info","message":"[2026-03-24T05:09:56.844Z] GET /api/competency-coding/platform/all?UserId=2","service":"eduvault-backend","timestamp":"2026-03-24 10:39:56"}
{"level":"info","message":"[2026-03-24T05:09:56.854Z] GET /api/competency-coding/analytics?UserId=2","service":"eduvault-backend","timestamp":"2026-03-24 10:39:56"}
{"level":"info","message":"[2026-03-24T05:09:56.859Z] GET /api/projects/my-projects?UserId=2","service":"eduvault-backend","timestamp":"2026-03-24 10:39:56"}
{"level":"info","message":"[2026-03-24T05:09:56.861Z] GET /api/extracurricular/my-activities?UserId=2","service":"eduvault-backend","timestamp":"2026-03-24 10:39:56"}
{"level":"info","message":"[2026-03-24T05:09:56.862Z] GET /api/noncgpa/dropdown/categories","service":"eduvault-backend","timestamp":"2026-03-24 10:39:56"}
{"level":"info","message":"[2026-03-24T05:09:56.866Z] GET /api/noncgpa/dropdown/course-names","service":"eduvault-backend","timestamp":"2026-03-24 10:39:56"}
{"level":"info","message":"[2026-03-24T05:09:56.873Z] GET /api/noncgpa/dropdown/course-codes","service":"eduvault-backend","timestamp":"2026-03-24 10:39:56"}
{"level":"info","message":"[2026-03-24T05:09:56.882Z] GET /api/noncgpa/my-records?UserId=2","service":"eduvault-backend","timestamp":"2026-03-24 10:39:56"}
{"level":"info","message":"[2026-03-24T05:09:56.883Z] GET /api/skillrack/my-record?UserId=2","service":"eduvault-backend","timestamp":"2026-03-24 10:39:56"}
{"level":"info","message":"[2026-03-24T05:09:56.890Z] GET /api/skillrack/my-stats?UserId=2","service":"eduvault-backend","timestamp":"2026-03-24 10:39:56"}
{"level":"info","message":"[2026-03-24T05:09:56.892Z] GET /api/student-certificate/list","service":"eduvault-backend","timestamp":"2026-03-24 10:39:56"}
{"level":"info","message":"[2026-03-24T05:09:56.901Z] GET /api/pending-scholarships","service":"eduvault-backend","timestamp":"2026-03-24 10:39:56"}
{"level":"info","message":"[2026-03-24T05:09:56.906Z] GET /api/event-organized/pending","service":"eduvault-backend","timestamp":"2026-03-24 10:39:56"}
{"level":"info","message":"[2026-03-24T05:09:56.909Z] GET /api/event-attended/pending","service":"eduvault-backend","timestamp":"2026-03-24 10:39:56"}
{"level":"info","message":"[2026-03-24T05:09:56.910Z] GET /api/all/pending-leaves","service":"eduvault-backend","timestamp":"2026-03-24 10:39:56"}
{"level":"info","message":"[2026-03-24T05:09:56.912Z] GET /api/pending-achievements","service":"eduvault-backend","timestamp":"2026-03-24 10:39:56"}
{"level":"info","message":"[2026-03-24T05:09:56.914Z] GET /api/pending-internships","service":"eduvault-backend","timestamp":"2026-03-24 10:39:56"}
{"level":"info","message":"[2026-03-24T05:09:56.916Z] GET /api/online-courses/pending","service":"eduvault-backend","timestamp":"2026-03-24 10:39:56"}
{"level":"info","message":"[2026-03-24T05:09:56.920Z] GET /api/publications/pending","service":"eduvault-backend","timestamp":"2026-03-24 10:39:56"}
{"level":"info","message":"[2026-03-24T05:09:56.921Z] GET /api/competency-coding/pending","service":"eduvault-backend","timestamp":"2026-03-24 10:39:56"}
{"level":"info","message":"[2026-03-24T05:09:56.922Z] GET /api/noncgpa/pending","service":"eduvault-backend","timestamp":"2026-03-24 10:39:56"}
{"level":"info","message":"[2026-03-24T05:09:56.930Z] GET /api/staffs","service":"eduvault-backend","timestamp":"2026-03-24 10:39:56"}
{"level":"info","message":"[2026-03-24T05:09:56.939Z] GET /api/extracurricular/pending","service":"eduvault-backend","timestamp":"2026-03-24 10:39:56"}
{"level":"info","message":"[2026-03-24T05:09:56.947Z] GET /api/hackathon/pending","service":"eduvault-backend","timestamp":"2026-03-24 10:39:56"}
{"level":"info","message":"[2026-03-24T05:09:56.948Z] GET /api/projects/pending","service":"eduvault-backend","timestamp":"2026-03-24 10:39:56"}
{"level":"info","message":"[2026-03-24T05:09:56.950Z] GET /api/students","service":"eduvault-backend","timestamp":"2026-03-24 10:39:56"}
{"level":"info","message":"[2026-03-24T05:09:56.956Z] GET /api/department-counts","service":"eduvault-backend","timestamp":"2026-03-24 10:39:56"}
{"level":"info","message":"[2026-03-24T05:09:56.971Z] GET /api/get-staff?role=Staff","service":"eduvault-backend","timestamp":"2026-03-24 10:39:56"}
{"level":"info","message":"[2026-03-24T05:09:56.975Z] GET /api/departments","service":"eduvault-backend","timestamp":"2026-03-24 10:39:56"}
{"level":"info","message":"[2026-03-24T05:09:56.976Z] GET /api/pending-scholarships","service":"eduvault-backend","timestamp":"2026-03-24 10:39:56"}
{"level":"info","message":"[2026-03-24T05:09:56.979Z] GET /api/event-organized/pending","service":"eduvault-backend","timestamp":"2026-03-24 10:39:56"}
{"level":"info","message":"[2026-03-24T05:09:56.981Z] GET /api/event-attended/pending","service":"eduvault-backend","timestamp":"2026-03-24 10:39:56"}
{"level":"info","message":"[2026-03-24T05:09:56.982Z] GET /api/all/pending-leaves","service":"eduvault-backend","timestamp":"2026-03-24 10:39:56"}
{"level":"info","message":"[2026-03-24T05:09:56.989Z] GET /api/pending-achievements","service":"eduvault-backend","timestamp":"2026-03-24 10:39:56"}
{"level":"info","message":"[2026-03-24T05:09:56.992Z] GET /api/pending-internships","service":"eduvault-backend","timestamp":"2026-03-24 10:39:56"}
{"level":"info","message":"[2026-03-24T05:09:56.994Z] GET /api/online-courses/pending","service":"eduvault-backend","timestamp":"2026-03-24 10:39:56"}
{"level":"info","message":"[2026-03-24T05:09:56.998Z] GET /api/publications/pending","service":"eduvault-backend","timestamp":"2026-03-24 10:39:56"}
{"level":"info","message":"[2026-03-24T05:09:56.999Z] GET /api/competency-coding/pending","service":"eduvault-backend","timestamp":"2026-03-24 10:39:56"}
{"level":"info","message":"[2026-03-24T05:09:57.001Z] GET /api/noncgpa/pending","service":"eduvault-backend","timestamp":"2026-03-24 10:39:57"}
{"level":"info","message":"[2026-03-24T05:09:57.002Z] GET /api/extracurricular/pending","service":"eduvault-backend","timestamp":"2026-03-24 10:39:57"}
{"level":"info","message":"[2026-03-24T05:09:57.019Z] GET /api/hackathon/pending","service":"eduvault-backend","timestamp":"2026-03-24 10:39:57"}
{"level":"info","message":"[2026-03-24T05:09:57.026Z] GET /api/projects/pending","service":"eduvault-backend","timestamp":"2026-03-24 10:39:57"}
{"level":"info","message":"[2026-03-24T05:09:57.028Z] GET /api/pending-scholarships","service":"eduvault-backend","timestamp":"2026-03-24 10:39:57"}
{"level":"info","message":"[2026-03-24T05:09:57.032Z] GET /api/departments","service":"eduvault-backend","timestamp":"2026-03-24 10:39:57"}
{"level":"info","message":"[2026-03-24T05:09:57.034Z] GET /api/staffs","service":"eduvault-backend","timestamp":"2026-03-24 10:39:57"}
{"level":"info","message":"[2026-03-24T05:09:57.036Z] GET /api/event-organized/pending","service":"eduvault-backend","timestamp":"2026-03-24 10:39:57"}
{"level":"info","message":"[2026-03-24T05:09:57.040Z] GET /api/event-attended/pending","service":"eduvault-backend","timestamp":"2026-03-24 10:39:57"}
{"level":"info","message":"[2026-03-24T05:09:57.046Z] GET /api/all/pending-leaves","service":"eduvault-backend","timestamp":"2026-03-24 10:39:57"}
{"level":"info","message":"[2026-03-24T05:09:57.048Z] GET /api/pending-achievements","service":"eduvault-backend","timestamp":"2026-03-24 10:39:57"}
{"level":"info","message":"[2026-03-24T05:09:57.049Z] GET /api/pending-internships","service":"eduvault-backend","timestamp":"2026-03-24 10:39:57"}
{"level":"info","message":"[2026-03-24T05:09:57.050Z] GET /api/online-courses/pending","service":"eduvault-backend","timestamp":"2026-03-24 10:39:57"}
{"level":"info","message":"[2026-03-24T05:09:57.055Z] GET /api/competency-coding/pending","service":"eduvault-backend","timestamp":"2026-03-24 10:39:57"}
{"level":"info","message":"[2026-03-24T05:09:57.058Z] GET /api/publications/pending","service":"eduvault-backend","timestamp":"2026-03-24 10:39:57"}
{"level":"info","message":"[2026-03-24T05:09:57.060Z] GET /api/noncgpa/pending","service":"eduvault-backend","timestamp":"2026-03-24 10:39:57"}
{"level":"info","message":"[2026-03-24T05:09:57.065Z] GET /api/extracurricular/pending","service":"eduvault-backend","timestamp":"2026-03-24 10:39:57"}
{"level":"info","message":"[2026-03-24T05:09:57.074Z] GET /api/pending-scholarships","service":"eduvault-backend","timestamp":"2026-03-24 10:39:57"}
{"level":"info","message":"[2026-03-24T05:09:57.081Z] GET /api/event-organized/pending","service":"eduvault-backend","timestamp":"2026-03-24 10:39:57"}
{"level":"info","message":"[2026-03-24T05:09:57.082Z] GET /api/hackathon/pending","service":"eduvault-backend","timestamp":"2026-03-24 10:39:57"}
{"level":"info","message":"[2026-03-24T05:09:57.085Z] GET /api/projects/pending","service":"eduvault-backend","timestamp":"2026-03-24 10:39:57"}
{"level":"info","message":"[2026-03-24T05:09:57.088Z] GET /api/event-attended/pending","service":"eduvault-backend","timestamp":"2026-03-24 10:39:57"}
{"level":"info","message":"[2026-03-24T05:09:57.089Z] GET /api/all/pending-leaves","service":"eduvault-backend","timestamp":"2026-03-24 10:39:57"}
{"level":"info","message":"[2026-03-24T05:09:57.095Z] GET /api/pending-achievements","service":"eduvault-backend","timestamp":"2026-03-24 10:39:57"}
{"level":"info","message":"[2026-03-24T05:09:57.097Z] GET /api/staffs","service":"eduvault-backend","timestamp":"2026-03-24 10:39:57"}
{"level":"info","message":"[2026-03-24T05:09:57.101Z] GET /api/pending-internships","service":"eduvault-backend","timestamp":"2026-03-24 10:39:57"}
{"level":"info","message":"[2026-03-24T05:09:57.102Z] GET /api/online-courses/pending","service":"eduvault-backend","timestamp":"2026-03-24 10:39:57"}
{"level":"info","message":"[2026-03-24T05:09:57.105Z] GET /api/competency-coding/pending","service":"eduvault-backend","timestamp":"2026-03-24 10:39:57"}
{"level":"info","message":"[2026-03-24T05:09:57.111Z] GET /api/publications/pending","service":"eduvault-backend","timestamp":"2026-03-24 10:39:57"}
{"level":"info","message":"[2026-03-24T05:09:57.112Z] GET /api/extracurricular/pending","service":"eduvault-backend","timestamp":"2026-03-24 10:39:57"}
{"level":"info","message":"[2026-03-24T05:09:57.127Z] GET /api/noncgpa/pending","service":"eduvault-backend","timestamp":"2026-03-24 10:39:57"}
{"level":"info","message":"[2026-03-24T05:09:57.132Z] GET /api/hackathon/pending","service":"eduvault-backend","timestamp":"2026-03-24 10:39:57"}
{"level":"info","message":"[2026-03-24T05:09:57.134Z] GET /api/projects/pending","service":"eduvault-backend","timestamp":"2026-03-24 10:39:57"}
{"level":"info","message":"[2026-03-24T05:10:31.661Z] GET /api/resume-staff/staff-data/2","service":"eduvault-backend","timestamp":"2026-03-24 10:40:31"}
{"level":"info","message":"[2026-03-24T05:10:31.831Z] GET /api/resume-staff/staff-data/2","service":"eduvault-backend","timestamp":"2026-03-24 10:40:31"}
{"level":"info","message":"[2026-03-24T05:10:31.856Z] GET /api/resume-staff/profile-image/2","service":"eduvault-backend","timestamp":"2026-03-24 10:40:31"}
{"level":"info","message":"[2026-03-24T05:10:31.881Z] GET /api/resume-staff/profile-image/2","service":"eduvault-backend","timestamp":"2026-03-24 10:40:31"}
{"level":"info","message":"[2026-03-24T05:10:35.416Z] GET /api/proposals","service":"eduvault-backend","timestamp":"2026-03-24 10:40:35"}
{"level":"info","message":"[2026-03-24T05:10:35.435Z] GET /api/proposals","service":"eduvault-backend","timestamp":"2026-03-24 10:40:35"}
{"level":"info","message":"[2026-03-24T05:10:36.493Z] GET /api/student-education/pending-approvals","service":"eduvault-backend","timestamp":"2026-03-24 10:40:36"}
{"level":"info","message":"[2026-03-24T05:10:36.521Z] GET /api/student-education/pending-approvals","service":"eduvault-backend","timestamp":"2026-03-24 10:40:36"}
{"level":"info","message":"[2026-03-24T05:10:38.149Z] GET /api/pending-internships","service":"eduvault-backend","timestamp":"2026-03-24 10:40:38"}
{"level":"info","message":"[2026-03-24T05:10:38.155Z] GET /api/pending-scholarships","service":"eduvault-backend","timestamp":"2026-03-24 10:40:38"}
{"level":"info","message":"[2026-03-24T05:10:38.159Z] GET /api/event-organized/pending","service":"eduvault-backend","timestamp":"2026-03-24 10:40:38"}
{"level":"info","message":"[2026-03-24T05:10:38.187Z] GET /api/event-attended/pending","service":"eduvault-backend","timestamp":"2026-03-24 10:40:38"}
{"level":"info","message":"[2026-03-24T05:10:38.189Z] GET /api/all/pending-leaves","service":"eduvault-backend","timestamp":"2026-03-24 10:40:38"}
{"level":"info","message":"[2026-03-24T05:10:38.190Z] GET /api/online-courses/pending","service":"eduvault-backend","timestamp":"2026-03-24 10:40:38"}
{"level":"info","message":"[2026-03-24T05:10:38.199Z] GET /api/pending-achievements","service":"eduvault-backend","timestamp":"2026-03-24 10:40:38"}
{"level":"info","message":"[2026-03-24T05:10:38.202Z] GET /api/publications/pending","service":"eduvault-backend","timestamp":"2026-03-24 10:40:38"}
{"level":"info","message":"[2026-03-24T05:10:38.204Z] GET /api/competency-coding/pending","service":"eduvault-backend","timestamp":"2026-03-24 10:40:38"}
{"level":"info","message":"[2026-03-24T05:10:38.208Z] GET /api/noncgpa/pending","service":"eduvault-backend","timestamp":"2026-03-24 10:40:38"}
{"level":"info","message":"[2026-03-24T05:10:38.229Z] GET /api/projects/pending","service":"eduvault-backend","timestamp":"2026-03-24 10:40:38"}
{"level":"info","message":"[2026-03-24T05:10:38.232Z] GET /api/hackathon/pending","service":"eduvault-backend","timestamp":"2026-03-24 10:40:38"}
{"level":"info","message":"[2026-03-24T05:10:38.258Z] GET /api/extracurricular/pending","service":"eduvault-backend","timestamp":"2026-03-24 10:40:38"}
{"level":"info","message":"[2026-03-24T05:10:38.261Z] GET /api/pending-scholarships","service":"eduvault-backend","timestamp":"2026-03-24 10:40:38"}
{"level":"info","message":"[2026-03-24T05:10:38.262Z] GET /api/event-organized/pending","service":"eduvault-backend","timestamp":"2026-03-24 10:40:38"}
{"level":"info","message":"[2026-03-24T05:10:38.264Z] GET /api/event-attended/pending","service":"eduvault-backend","timestamp":"2026-03-24 10:40:38"}
{"level":"info","message":"[2026-03-24T05:10:38.273Z] GET /api/all/pending-leaves","service":"eduvault-backend","timestamp":"2026-03-24 10:40:38"}
{"level":"info","message":"[2026-03-24T05:10:38.279Z] GET /api/pending-internships","service":"eduvault-backend","timestamp":"2026-03-24 10:40:38"}
{"level":"info","message":"[2026-03-24T05:10:38.282Z] GET /api/pending-achievements","service":"eduvault-backend","timestamp":"2026-03-24 10:40:38"}
{"level":"info","message":"[2026-03-24T05:10:38.284Z] GET /api/online-courses/pending","service":"eduvault-backend","timestamp":"2026-03-24 10:40:38"}
{"level":"info","message":"[2026-03-24T05:10:38.286Z] GET /api/publications/pending","service":"eduvault-backend","timestamp":"2026-03-24 10:40:38"}
{"level":"info","message":"[2026-03-24T05:10:38.298Z] GET /api/competency-coding/pending","service":"eduvault-backend","timestamp":"2026-03-24 10:40:38"}
{"level":"info","message":"[2026-03-24T05:10:38.301Z] GET /api/noncgpa/pending","service":"eduvault-backend","timestamp":"2026-03-24 10:40:38"}
{"level":"info","message":"[2026-03-24T05:10:38.303Z] GET /api/projects/pending","service":"eduvault-backend","timestamp":"2026-03-24 10:40:38"}
{"level":"info","message":"[2026-03-24T05:10:38.321Z] GET /api/hackathon/pending","service":"eduvault-backend","timestamp":"2026-03-24 10:40:38"}
{"level":"info","message":"[2026-03-24T05:10:38.323Z] GET /api/extracurricular/pending","service":"eduvault-backend","timestamp":"2026-03-24 10:40:38"}
{"level":"info","message":"[2026-03-24T05:10:39.890Z] GET /api/seed-money","service":"eduvault-backend","timestamp":"2026-03-24 10:40:39"}
{"level":"info","message":"[2026-03-24T05:10:39.895Z] GET /api/scholars","service":"eduvault-backend","timestamp":"2026-03-24 10:40:39"}
{"level":"info","message":"[2026-03-24T05:10:39.898Z] GET /api/proposals","service":"eduvault-backend","timestamp":"2026-03-24 10:40:39"}
{"level":"info","message":"[2026-03-24T05:10:39.900Z] GET /api/project-proposal","service":"eduvault-backend","timestamp":"2026-03-24 10:40:39"}
{"level":"info","message":"[2026-03-24T05:10:39.902Z] GET /api/events","service":"eduvault-backend","timestamp":"2026-03-24 10:40:39"}
{"level":"info","message":"[2026-03-24T05:10:39.905Z] GET /api/industry","service":"eduvault-backend","timestamp":"2026-03-24 10:40:39"}
{"level":"info","message":"[2026-03-24T05:10:39.987Z] GET /api/certifications","service":"eduvault-backend","timestamp":"2026-03-24 10:40:39"}
{"level":"info","message":"[2026-03-24T05:10:39.989Z] GET /api/book-chapters","service":"eduvault-backend","timestamp":"2026-03-24 10:40:39"}
{"level":"info","message":"[2026-03-24T05:10:39.992Z] GET /api/other/events-organized","service":"eduvault-backend","timestamp":"2026-03-24 10:40:39"}
{"level":"info","message":"[2026-03-24T05:10:40.009Z] GET /api/h-index","service":"eduvault-backend","timestamp":"2026-03-24 10:40:40"}
{"level":"info","message":"[2026-03-24T05:10:40.016Z] GET /api/resource-person","service":"eduvault-backend","timestamp":"2026-03-24 10:40:40"}
{"level":"info","message":"[2026-03-24T05:10:40.022Z] GET /api/recognition","service":"eduvault-backend","timestamp":"2026-03-24 10:40:40"}
{"level":"info","message":"[2026-03-24T05:10:40.036Z] GET /api/patent-product","service":"eduvault-backend","timestamp":"2026-03-24 10:40:40"}
{"level":"info","message":"[2026-03-24T05:10:40.039Z] GET /api/project-mentors","service":"eduvault-backend","timestamp":"2026-03-24 10:40:40"}
{"level":"info","message":"[2026-03-24T05:10:40.042Z] GET /api/seed-money","service":"eduvault-backend","timestamp":"2026-03-24 10:40:40"}
{"level":"info","message":"[2026-03-24T05:10:40.043Z] GET /api/scholars","service":"eduvault-backend","timestamp":"2026-03-24 10:40:40"}
{"level":"info","message":"[2026-03-24T05:10:40.051Z] GET /api/project-proposal","service":"eduvault-backend","timestamp":"2026-03-24 10:40:40"}
{"level":"info","message":"[2026-03-24T05:10:40.059Z] GET /api/events","service":"eduvault-backend","timestamp":"2026-03-24 10:40:40"}
{"level":"info","message":"[2026-03-24T05:10:40.070Z] GET /api/proposals","service":"eduvault-backend","timestamp":"2026-03-24 10:40:40"}
{"level":"info","message":"[2026-03-24T05:10:40.073Z] GET /api/other/events-organized","service":"eduvault-backend","timestamp":"2026-03-24 10:40:40"}
{"level":"info","message":"[2026-03-24T05:10:40.076Z] GET /api/certifications","service":"eduvault-backend","timestamp":"2026-03-24 10:40:40"}
{"level":"info","message":"[2026-03-24T05:10:40.085Z] GET /api/book-chapters","service":"eduvault-backend","timestamp":"2026-03-24 10:40:40"}
{"level":"info","message":"[2026-03-24T05:10:40.089Z] GET /api/h-index","service":"eduvault-backend","timestamp":"2026-03-24 10:40:40"}
{"level":"info","message":"[2026-03-24T05:10:40.098Z] GET /api/industry","service":"eduvault-backend","timestamp":"2026-03-24 10:40:40"}
{"level":"info","message":"[2026-03-24T05:10:40.106Z] GET /api/resource-person","service":"eduvault-backend","timestamp":"2026-03-24 10:40:40"}
{"level":"info","message":"[2026-03-24T05:10:40.116Z] GET /api/recognition","service":"eduvault-backend","timestamp":"2026-03-24 10:40:40"}
{"level":"info","message":"[2026-03-24T05:10:40.118Z] GET /api/patent-product","service":"eduvault-backend","timestamp":"2026-03-24 10:40:40"}
{"level":"info","message":"[2026-03-24T05:10:40.125Z] GET /api/project-mentors","service":"eduvault-backend","timestamp":"2026-03-24 10:40:40"}
{"level":"info","message":"[2026-03-24T05:10:40.127Z] GET /api/appraisals","service":"eduvault-backend","timestamp":"2026-03-24 10:40:40"}
{"level":"info","message":"[2026-03-24T05:10:40.149Z] GET /api/appraisals","service":"eduvault-backend","timestamp":"2026-03-24 10:40:40"}
{"level":"info","message":"[2026-03-24T05:10:57.767Z] GET /api/staff/staff","service":"eduvault-backend","timestamp":"2026-03-24 10:40:57"}
{"level":"info","message":"[2026-03-24T05:10:57.807Z] GET /api/staff/staff","service":"eduvault-backend","timestamp":"2026-03-24 10:40:57"}
{"level":"info","message":"[2026-03-24T05:11:23.770Z] PUT /api/staff/staff/update","service":"eduvault-backend","timestamp":"2026-03-24 10:41:23"}
{"level":"info","message":"[2026-03-24T05:11:23.849Z] GET /api/staff/staff","service":"eduvault-backend","timestamp":"2026-03-24 10:41:23"}
{"level":"info","message":"[2026-03-24T05:11:36.038Z] GET /api/education","service":"eduvault-backend","timestamp":"2026-03-24 10:41:36"}
{"level":"info","message":"[2026-03-24T05:11:36.051Z] GET /api/education","service":"eduvault-backend","timestamp":"2026-03-24 10:41:36"}
{"level":"info","message":"[2026-03-24T05:11:37.185Z] GET /api/staff/staff","service":"eduvault-backend","timestamp":"2026-03-24 10:41:37"}
{"level":"info","message":"[2026-03-24T05:11:37.200Z] GET /api/staff/staff","service":"eduvault-backend","timestamp":"2026-03-24 10:41:37"}
{"level":"info","message":"[2026-03-24T05:14:09.626Z] POST /api/auth/logout","service":"eduvault-backend","timestamp":"2026-03-24 10:44:09"}
{"level":"info","message":"[2026-03-24T05:14:22.888Z] GET /api/departments","service":"eduvault-backend","timestamp":"2026-03-24 10:44:22"}
{"level":"info","message":"[2026-03-24T05:14:22.904Z] GET /api/get-staff?role=Staff","service":"eduvault-backend","timestamp":"2026-03-24 10:44:22"}
{"level":"info","message":"[2026-03-24T05:14:22.908Z] GET /api/states","service":"eduvault-backend","timestamp":"2026-03-24 10:44:22"}
{"level":"info","message":"[2026-03-24T05:14:22.910Z] GET /api/auth/me","service":"eduvault-backend","timestamp":"2026-03-24 10:44:22"}
{"level":"info","message":"[2026-03-24T05:14:22.942Z] GET /api/departments","service":"eduvault-backend","timestamp":"2026-03-24 10:44:22"}
{"level":"info","message":"[2026-03-24T05:14:22.954Z] GET /api/auth/me","service":"eduvault-backend","timestamp":"2026-03-24 10:44:22"}
{"level":"info","message":"[2026-03-24T05:14:22.969Z] GET /api/states","service":"eduvault-backend","timestamp":"2026-03-24 10:44:22"}
{"level":"info","message":"[2026-03-24T05:14:22.971Z] GET /api/get-staff?role=Staff","service":"eduvault-backend","timestamp":"2026-03-24 10:44:22"}
{"level":"info","message":"[2026-03-24T05:14:33.417Z] GET /api/departments","service":"eduvault-backend","timestamp":"2026-03-24 10:44:33"}
{"level":"info","message":"[2026-03-24T05:14:33.437Z] GET /api/get-staff?role=Staff","service":"eduvault-backend","timestamp":"2026-03-24 10:44:33"}
{"level":"info","message":"[2026-03-24T05:14:33.443Z] GET /api/states","service":"eduvault-backend","timestamp":"2026-03-24 10:44:33"}
{"level":"info","message":"[2026-03-24T05:14:33.448Z] GET /api/auth/me","service":"eduvault-backend","timestamp":"2026-03-24 10:44:33"}
{"level":"info","message":"[2026-03-24T05:14:33.457Z] GET /api/departments","service":"eduvault-backend","timestamp":"2026-03-24 10:44:33"}
{"level":"info","message":"[2026-03-24T05:14:33.467Z] GET /api/auth/me","service":"eduvault-backend","timestamp":"2026-03-24 10:44:33"}
{"level":"info","message":"[2026-03-24T05:14:33.477Z] GET /api/states","service":"eduvault-backend","timestamp":"2026-03-24 10:44:33"}
{"level":"info","message":"[2026-03-24T05:14:33.479Z] GET /api/get-staff?role=Staff","service":"eduvault-backend","timestamp":"2026-03-24 10:44:33"}
{"level":"info","message":"[2026-03-24T05:14:33.556Z] GET /api/public/faculty/CSE","service":"eduvault-backend","timestamp":"2026-03-24 10:44:33"}
{"level":"info","message":"[2026-03-24T05:14:33.584Z] GET /api/public/faculty/CSE","service":"eduvault-backend","timestamp":"2026-03-24 10:44:33"}
{"level":"info","message":"[2026-03-24T05:14:40.531Z] GET /api/resume-staff/staff-data/2","service":"eduvault-backend","timestamp":"2026-03-24 10:44:40"}
{"level":"info","message":"[2026-03-24T05:14:40.686Z] GET /api/resume-staff/profile-image/2","service":"eduvault-backend","timestamp":"2026-03-24 10:44:40"}
{"level":"info","message":"[2026-03-24T05:17:33.037Z] GET /api/resume-staff/staff-data/2","service":"eduvault-backend","timestamp":"2026-03-24 10:47:33"}
{"level":"info","message":"[2026-03-24T05:17:33.228Z] GET /api/resume-staff/profile-image/2","service":"eduvault-backend","timestamp":"2026-03-24 10:47:33"}
{"level":"info","message":"[2026-03-24T05:19:09.289Z] GET /api/resume-staff/staff-data/2","service":"eduvault-backend","timestamp":"2026-03-24 10:49:09"}
{"level":"info","message":"[2026-03-24T05:19:09.495Z] GET /api/resume-staff/profile-image/2","service":"eduvault-backend","timestamp":"2026-03-24 10:49:09"}
{"level":"info","message":"[2026-03-24T05:22:29.890Z] GET /api/resume-staff/staff-data/2","service":"eduvault-backend","timestamp":"2026-03-24 10:52:29"}
{"level":"info","message":"[2026-03-24T05:22:30.108Z] GET /api/resume-staff/profile-image/2","service":"eduvault-backend","timestamp":"2026-03-24 10:52:30"}
{"level":"info","message":"[2026-03-24T05:23:04.003Z] GET /api/resume-staff/staff-data/2","service":"eduvault-backend","timestamp":"2026-03-24 10:53:04"}
{"level":"info","message":"[2026-03-24T05:23:04.171Z] GET /api/resume-staff/profile-image/2","service":"eduvault-backend","timestamp":"2026-03-24 10:53:04"}
{"level":"info","message":"[2026-03-24T05:27:29.118Z] GET /api/resume-staff/staff-data/2","service":"eduvault-backend","timestamp":"2026-03-24 10:57:29"}
{"level":"info","message":"[2026-03-24T05:27:29.293Z] GET /api/resume-staff/profile-image/2","service":"eduvault-backend","timestamp":"2026-03-24 10:57:29"}
{"level":"info","message":"[2026-03-24T05:28:24.521Z] GET /api/departments","service":"eduvault-backend","timestamp":"2026-03-24 10:58:24"}
{"level":"info","message":"[2026-03-24T05:28:24.617Z] GET /api/get-staff?role=Staff","service":"eduvault-backend","timestamp":"2026-03-24 10:58:24"}
{"level":"info","message":"[2026-03-24T05:28:24.623Z] GET /api/states","service":"eduvault-backend","timestamp":"2026-03-24 10:58:24"}
{"level":"info","message":"[2026-03-24T05:28:24.651Z] GET /api/auth/me","service":"eduvault-backend","timestamp":"2026-03-24 10:58:24"}
{"level":"info","message":"[2026-03-24T05:28:24.677Z] GET /api/auth/me","service":"eduvault-backend","timestamp":"2026-03-24 10:58:24"}
{"level":"info","message":"[2026-03-24T05:28:24.693Z] GET /api/departments","service":"eduvault-backend","timestamp":"2026-03-24 10:58:24"}
{"level":"info","message":"[2026-03-24T05:28:24.701Z] GET /api/states","service":"eduvault-backend","timestamp":"2026-03-24 10:58:24"}
{"level":"info","message":"[2026-03-24T05:28:24.708Z] GET /api/get-staff?role=Staff","service":"eduvault-backend","timestamp":"2026-03-24 10:58:24"}
{"level":"info","message":"[2026-03-24T05:28:35.820Z] GET /api/departments","service":"eduvault-backend","timestamp":"2026-03-24 10:58:35"}
{"level":"info","message":"[2026-03-24T05:28:35.823Z] GET /api/get-staff?role=Staff","service":"eduvault-backend","timestamp":"2026-03-24 10:58:35"}
{"level":"info","message":"[2026-03-24T05:28:35.825Z] GET /api/states","service":"eduvault-backend","timestamp":"2026-03-24 10:58:35"}
{"level":"info","message":"[2026-03-24T05:28:35.840Z] GET /api/departments","service":"eduvault-backend","timestamp":"2026-03-24 10:58:35"}
{"level":"info","message":"[2026-03-24T05:28:35.851Z] GET /api/states","service":"eduvault-backend","timestamp":"2026-03-24 10:58:35"}
{"level":"info","message":"[2026-03-24T05:28:35.855Z] GET /api/get-staff?role=Staff","service":"eduvault-backend","timestamp":"2026-03-24 10:58:35"}
{"level":"info","message":"[2026-03-24T05:28:51.455Z] POST /api/auth/login","service":"eduvault-backend","timestamp":"2026-03-24 10:58:51"}
{"level":"info","message":"[2026-03-24T05:29:11.392Z] POST /api/auth/login","service":"eduvault-backend","timestamp":"2026-03-24 10:59:11"}
{"level":"info","message":"[2026-03-24T05:29:40.289Z] POST /api/auth/login","service":"eduvault-backend","timestamp":"2026-03-24 10:59:40"}
{"level":"info","message":"[2026-03-24T05:29:40.445Z] GET /api/auth/me","service":"eduvault-backend","timestamp":"2026-03-24 10:59:40"}
{"level":"info","message":"[2026-03-24T05:29:40.462Z] GET /api/get-user/2","service":"eduvault-backend","timestamp":"2026-03-24 10:59:40"}
{"level":"info","message":"[2026-03-24T05:29:40.494Z] GET /api/departments","service":"eduvault-backend","timestamp":"2026-03-24 10:59:40"}
{"level":"info","message":"[2026-03-24T05:29:40.511Z] GET /api/get-staff?role=Staff","service":"eduvault-backend","timestamp":"2026-03-24 10:59:40"}
{"level":"info","message":"[2026-03-24T05:29:40.519Z] GET /api/students","service":"eduvault-backend","timestamp":"2026-03-24 10:59:40"}
{"level":"info","message":"[2026-03-24T05:29:40.522Z] GET /api/department-counts","service":"eduvault-backend","timestamp":"2026-03-24 10:59:40"}
{"level":"info","message":"[2026-03-24T05:29:40.532Z] GET /api/event-attended/pending","service":"eduvault-backend","timestamp":"2026-03-24 10:59:40"}
{"level":"info","message":"[2026-03-24T05:29:40.548Z] GET /api/pending-internships","service":"eduvault-backend","timestamp":"2026-03-24 10:59:40"}
{"level":"info","message":"[2026-03-24T05:29:40.550Z] GET /api/pending-scholarships","service":"eduvault-backend","timestamp":"2026-03-24 10:59:40"}
{"level":"info","message":"[2026-03-24T05:29:40.568Z] GET /api/event-organized/pending","service":"eduvault-backend","timestamp":"2026-03-24 10:59:40"}
{"level":"info","message":"[2026-03-24T05:29:40.569Z] GET /api/all/pending-leaves","service":"eduvault-backend","timestamp":"2026-03-24 10:59:40"}
{"level":"info","message":"[2026-03-24T05:29:40.571Z] GET /api/online-courses/pending","service":"eduvault-backend","timestamp":"2026-03-24 10:59:40"}
{"level":"info","message":"[2026-03-24T05:29:40.586Z] GET /api/pending-achievements","service":"eduvault-backend","timestamp":"2026-03-24 10:59:40"}
{"level":"info","message":"[2026-03-24T05:29:40.589Z] GET /api/publications/pending","service":"eduvault-backend","timestamp":"2026-03-24 10:59:40"}
{"level":"info","message":"[2026-03-24T05:29:40.594Z] GET /api/noncgpa/pending","service":"eduvault-backend","timestamp":"2026-03-24 10:59:40"}
{"level":"info","message":"[2026-03-24T05:29:40.596Z] GET /api/competency-coding/pending","service":"eduvault-backend","timestamp":"2026-03-24 10:59:40"}
{"level":"info","message":"[2026-03-24T05:29:40.617Z] GET /api/projects/pending","service":"eduvault-backend","timestamp":"2026-03-24 10:59:40"}
{"level":"info","message":"[2026-03-24T05:29:40.625Z] GET /api/extracurricular/pending","service":"eduvault-backend","timestamp":"2026-03-24 10:59:40"}
{"level":"info","message":"[2026-03-24T05:29:40.654Z] GET /api/hackathon/pending","service":"eduvault-backend","timestamp":"2026-03-24 10:59:40"}
{"level":"info","message":"[2026-03-24T05:29:40.688Z] GET /api/pending-internships?userID=2","service":"eduvault-backend","timestamp":"2026-03-24 10:59:40"}
{"level":"info","message":"[2026-03-24T05:29:40.711Z] GET /api/fetch-internships?UserId=2","service":"eduvault-backend","timestamp":"2026-03-24 10:59:40"}
{"level":"info","message":"[2026-03-24T05:29:40.716Z] GET /api/fetch-scholarships?UserId=2","service":"eduvault-backend","timestamp":"2026-03-24 10:59:40"}
{"level":"info","message":"[2026-03-24T05:29:40.719Z] GET /api/event-attended/list?UserId=2","service":"eduvault-backend","timestamp":"2026-03-24 10:59:40"}
{"level":"info","message":"[2026-03-24T05:29:40.721Z] GET /api/event-organized/approved?UserId=2","service":"eduvault-backend","timestamp":"2026-03-24 10:59:40"}
{"level":"info","message":"[2026-03-24T05:29:40.738Z] GET /api/event-organized/pending?UserId=2","service":"eduvault-backend","timestamp":"2026-03-24 10:59:40"}
{"level":"info","message":"[2026-03-24T05:29:40.755Z] GET /api/pending-leaves?Userid=2","service":"eduvault-backend","timestamp":"2026-03-24 10:59:40"}
{"level":"info","message":"[2026-03-24T05:29:40.763Z] GET /api/user-achievements/2","service":"eduvault-backend","timestamp":"2026-03-24 10:59:40"}
{"level":"info","message":"[2026-03-24T05:29:40.766Z] GET /api/fetch-leaves?Userid=2","service":"eduvault-backend","timestamp":"2026-03-24 10:59:40"}
{"level":"info","message":"[2026-03-24T05:29:40.772Z] GET /api/hackathon/my-events","service":"eduvault-backend","timestamp":"2026-03-24 10:59:40"}
{"level":"info","message":"[2026-03-24T05:29:40.774Z] GET /api/publications/my-publications?UserId=2","service":"eduvault-backend","timestamp":"2026-03-24 10:59:40"}
{"level":"info","message":"[2026-03-24T05:29:40.784Z] GET /api/competency-coding/my-record?UserId=2","service":"eduvault-backend","timestamp":"2026-03-24 10:59:40"}
{"level":"info","message":"[2026-03-24T05:29:40.811Z] GET /api/competency-coding/skillrack/summary?UserId=2","service":"eduvault-backend","timestamp":"2026-03-24 10:59:40"}
{"level":"info","message":"[2026-03-24T05:29:40.813Z] GET /api/competency-coding/platform/all?UserId=2","service":"eduvault-backend","timestamp":"2026-03-24 10:59:40"}
{"level":"info","message":"[2026-03-24T05:29:40.816Z] GET /api/projects/my-projects?UserId=2","service":"eduvault-backend","timestamp":"2026-03-24 10:59:40"}
{"level":"info","message":"[2026-03-24T05:29:40.817Z] GET /api/competency-coding/analytics?UserId=2","service":"eduvault-backend","timestamp":"2026-03-24 10:59:40"}
{"level":"info","message":"[2026-03-24T05:29:40.824Z] GET /api/noncgpa/dropdown/categories","service":"eduvault-backend","timestamp":"2026-03-24 10:59:40"}
{"level":"info","message":"[2026-03-24T05:29:40.838Z] GET /api/extracurricular/my-activities?UserId=2","service":"eduvault-backend","timestamp":"2026-03-24 10:59:40"}
{"level":"info","message":"[2026-03-24T05:29:40.851Z] GET /api/noncgpa/dropdown/course-names","service":"eduvault-backend","timestamp":"2026-03-24 10:59:40"}
{"level":"info","message":"[2026-03-24T05:29:40.854Z] GET /api/noncgpa/dropdown/course-codes","service":"eduvault-backend","timestamp":"2026-03-24 10:59:40"}
{"level":"info","message":"[2026-03-24T05:29:40.855Z] GET /api/noncgpa/my-records?UserId=2","service":"eduvault-backend","timestamp":"2026-03-24 10:59:40"}
{"level":"info","message":"[2026-03-24T05:29:40.861Z] GET /api/skillrack/my-record?UserId=2","service":"eduvault-backend","timestamp":"2026-03-24 10:59:40"}
{"level":"info","message":"[2026-03-24T05:29:40.874Z] GET /api/skillrack/my-stats?UserId=2","service":"eduvault-backend","timestamp":"2026-03-24 10:59:40"}
{"level":"info","message":"[2026-03-24T05:29:40.884Z] GET /api/student-certificate/list","service":"eduvault-backend","timestamp":"2026-03-24 10:59:40"}
{"level":"info","message":"[2026-03-24T05:29:40.887Z] GET /api/staffs","service":"eduvault-backend","timestamp":"2026-03-24 10:59:40"}
{"level":"info","message":"[2026-03-24T05:29:40.888Z] GET /uploads/default.jpg","service":"eduvault-backend","timestamp":"2026-03-24 10:59:40"}
{"level":"info","message":"[2026-03-24T05:29:40.894Z] GET /api/scholars","service":"eduvault-backend","timestamp":"2026-03-24 10:59:40"}
{"level":"info","message":"[2026-03-24T05:29:40.896Z] GET /api/proposals","service":"eduvault-backend","timestamp":"2026-03-24 10:59:40"}
{"level":"info","message":"[2026-03-24T05:29:40.909Z] GET /api/seed-money","service":"eduvault-backend","timestamp":"2026-03-24 10:59:40"}
{"level":"info","message":"[2026-03-24T05:29:40.911Z] GET /api/project-proposal","service":"eduvault-backend","timestamp":"2026-03-24 10:59:40"}
{"level":"info","message":"[2026-03-24T05:29:40.924Z] GET /api/events","service":"eduvault-backend","timestamp":"2026-03-24 10:59:40"}
{"level":"info","message":"[2026-03-24T05:29:40.938Z] GET /api/industry","service":"eduvault-backend","timestamp":"2026-03-24 10:59:40"}
{"level":"info","message":"[2026-03-24T05:29:40.946Z] GET /api/certifications","service":"eduvault-backend","timestamp":"2026-03-24 10:59:40"}
{"level":"info","message":"[2026-03-24T05:29:40.950Z] GET /api/book-chapters","service":"eduvault-backend","timestamp":"2026-03-24 10:59:40"}
{"level":"info","message":"[2026-03-24T05:29:40.960Z] GET /api/other/events-organized","service":"eduvault-backend","timestamp":"2026-03-24 10:59:40"}
{"level":"info","message":"[2026-03-24T05:29:40.962Z] GET /api/resource-person","service":"eduvault-backend","timestamp":"2026-03-24 10:59:40"}
{"level":"info","message":"[2026-03-24T05:29:40.972Z] GET /api/h-index","service":"eduvault-backend","timestamp":"2026-03-24 10:59:40"}
{"level":"info","message":"[2026-03-24T05:29:40.973Z] GET /api/recognition","service":"eduvault-backend","timestamp":"2026-03-24 10:59:40"}
{"level":"info","message":"[2026-03-24T05:29:40.983Z] GET /api/patent-product","service":"eduvault-backend","timestamp":"2026-03-24 10:59:40"}
{"level":"info","message":"[2026-03-24T05:29:40.991Z] GET /api/departments","service":"eduvault-backend","timestamp":"2026-03-24 10:59:40"}
{"level":"info","message":"[2026-03-24T05:29:40.993Z] GET /api/project-mentors","service":"eduvault-backend","timestamp":"2026-03-24 10:59:40"}
{"level":"info","message":"[2026-03-24T05:29:41.004Z] GET /api/scholars","service":"eduvault-backend","timestamp":"2026-03-24 10:59:41"}
{"level":"info","message":"[2026-03-24T05:29:41.008Z] GET /api/seed-money","service":"eduvault-backend","timestamp":"2026-03-24 10:59:41"}
{"level":"info","message":"[2026-03-24T05:29:41.014Z] GET /api/project-proposal","service":"eduvault-backend","timestamp":"2026-03-24 10:59:41"}
{"level":"info","message":"[2026-03-24T05:29:41.016Z] GET /api/proposals","service":"eduvault-backend","timestamp":"2026-03-24 10:59:41"}
{"level":"info","message":"[2026-03-24T05:29:41.023Z] GET /api/events","service":"eduvault-backend","timestamp":"2026-03-24 10:59:41"}
{"level":"info","message":"[2026-03-24T05:29:41.034Z] GET /api/other/events-organized","service":"eduvault-backend","timestamp":"2026-03-24 10:59:41"}
{"level":"info","message":"[2026-03-24T05:29:41.044Z] GET /api/certifications","service":"eduvault-backend","timestamp":"2026-03-24 10:59:41"}
{"level":"info","message":"[2026-03-24T05:29:41.045Z] GET /api/book-chapters","service":"eduvault-backend","timestamp":"2026-03-24 10:59:41"}
{"level":"info","message":"[2026-03-24T05:29:41.046Z] GET /api/industry","service":"eduvault-backend","timestamp":"2026-03-24 10:59:41"}
{"level":"info","message":"[2026-03-24T05:29:41.052Z] GET /api/resource-person","service":"eduvault-backend","timestamp":"2026-03-24 10:59:41"}
{"level":"info","message":"[2026-03-24T05:29:41.063Z] GET /api/h-index","service":"eduvault-backend","timestamp":"2026-03-24 10:59:41"}
{"level":"info","message":"[2026-03-24T05:29:41.065Z] GET /api/recognition","service":"eduvault-backend","timestamp":"2026-03-24 10:59:41"}
{"level":"info","message":"[2026-03-24T05:29:41.077Z] GET /api/departments","service":"eduvault-backend","timestamp":"2026-03-24 10:59:41"}
{"level":"info","message":"[2026-03-24T05:29:41.078Z] GET /api/staffs","service":"eduvault-backend","timestamp":"2026-03-24 10:59:41"}
{"level":"info","message":"[2026-03-24T05:29:41.094Z] GET /api/patent-product","service":"eduvault-backend","timestamp":"2026-03-24 10:59:41"}
{"level":"info","message":"[2026-03-24T05:29:41.096Z] GET /api/project-mentors","service":"eduvault-backend","timestamp":"2026-03-24 10:59:41"}
{"level":"info","message":"[2026-03-24T05:29:41.101Z] GET /api/appraisals","service":"eduvault-backend","timestamp":"2026-03-24 10:59:41"}
{"level":"info","message":"[2026-03-24T05:29:41.115Z] GET /api/staffs","service":"eduvault-backend","timestamp":"2026-03-24 10:59:41"}
{"level":"info","message":"[2026-03-24T05:29:41.127Z] GET /api/appraisals","service":"eduvault-backend","timestamp":"2026-03-24 10:59:41"}
{"level":"info","message":"[2026-03-24T05:32:03.456Z] GET /api/departments","service":"eduvault-backend","timestamp":"2026-03-24 11:02:03"}
{"level":"info","message":"[2026-03-24T05:32:03.475Z] GET /api/get-staff?role=Staff","service":"eduvault-backend","timestamp":"2026-03-24 11:02:03"}
{"level":"info","message":"[2026-03-24T05:32:03.478Z] GET /api/states","service":"eduvault-backend","timestamp":"2026-03-24 11:02:03"}
{"level":"info","message":"[2026-03-24T05:32:03.480Z] GET /api/auth/me","service":"eduvault-backend","timestamp":"2026-03-24 11:02:03"}
{"level":"info","message":"[2026-03-24T05:32:03.512Z] GET /api/departments","service":"eduvault-backend","timestamp":"2026-03-24 11:02:03"}
{"level":"info","message":"[2026-03-24T05:32:03.531Z] GET /api/states","service":"eduvault-backend","timestamp":"2026-03-24 11:02:03"}
{"level":"info","message":"[2026-03-24T05:32:03.537Z] GET /api/get-staff?role=Staff","service":"eduvault-backend","timestamp":"2026-03-24 11:02:03"}
{"level":"info","message":"[2026-03-24T05:32:03.564Z] GET /api/auth/me","service":"eduvault-backend","timestamp":"2026-03-24 11:02:03"}
{"level":"info","message":"[2026-03-24T05:32:03.570Z] GET /api/get-user/2","service":"eduvault-backend","timestamp":"2026-03-24 11:02:03"}
{"level":"info","message":"[2026-03-24T05:32:03.607Z] GET /api/get-user/2","service":"eduvault-backend","timestamp":"2026-03-24 11:02:03"}
{"level":"info","message":"[2026-03-24T05:32:03.658Z] GET /uploads/default.jpg","service":"eduvault-backend","timestamp":"2026-03-24 11:02:03"}
{"level":"info","message":"[2026-03-24T05:32:03.750Z] GET /api/seed-money","service":"eduvault-backend","timestamp":"2026-03-24 11:02:03"}
{"level":"info","message":"[2026-03-24T05:32:03.756Z] GET /api/scholars","service":"eduvault-backend","timestamp":"2026-03-24 11:02:03"}
{"level":"info","message":"[2026-03-24T05:32:03.759Z] GET /api/proposals","service":"eduvault-backend","timestamp":"2026-03-24 11:02:03"}
{"level":"info","message":"[2026-03-24T05:32:03.766Z] GET /api/project-proposal","service":"eduvault-backend","timestamp":"2026-03-24 11:02:03"}
{"level":"info","message":"[2026-03-24T05:32:03.772Z] GET /api/events","service":"eduvault-backend","timestamp":"2026-03-24 11:02:03"}
{"level":"info","message":"[2026-03-24T05:32:03.802Z] GET /api/industry","service":"eduvault-backend","timestamp":"2026-03-24 11:02:03"}
{"level":"info","message":"[2026-03-24T05:32:03.823Z] GET /api/certifications","service":"eduvault-backend","timestamp":"2026-03-24 11:02:03"}
{"level":"info","message":"[2026-03-24T05:32:03.826Z] GET /api/book-chapters","service":"eduvault-backend","timestamp":"2026-03-24 11:02:03"}
{"level":"info","message":"[2026-03-24T05:32:03.884Z] GET /api/other/events-organized","service":"eduvault-backend","timestamp":"2026-03-24 11:02:03"}
{"level":"info","message":"[2026-03-24T05:32:03.895Z] GET /api/h-index","service":"eduvault-backend","timestamp":"2026-03-24 11:02:03"}
{"level":"info","message":"[2026-03-24T05:32:03.911Z] GET /api/resource-person","service":"eduvault-backend","timestamp":"2026-03-24 11:02:03"}
{"level":"info","message":"[2026-03-24T05:32:03.926Z] GET /api/recognition","service":"eduvault-backend","timestamp":"2026-03-24 11:02:03"}
{"level":"info","message":"[2026-03-24T05:32:03.929Z] GET /api/patent-product","service":"eduvault-backend","timestamp":"2026-03-24 11:02:03"}
{"level":"info","message":"[2026-03-24T05:32:03.933Z] GET /api/project-mentors","service":"eduvault-backend","timestamp":"2026-03-24 11:02:03"}
{"level":"info","message":"[2026-03-24T05:32:03.942Z] GET /api/departments","service":"eduvault-backend","timestamp":"2026-03-24 11:02:03"}
{"level":"info","message":"[2026-03-24T05:32:03.975Z] GET /api/students","service":"eduvault-backend","timestamp":"2026-03-24 11:02:03"}
{"level":"info","message":"[2026-03-24T05:32:03.977Z] GET /api/get-staff?role=Staff","service":"eduvault-backend","timestamp":"2026-03-24 11:02:03"}
{"level":"info","message":"[2026-03-24T05:32:03.979Z] GET /api/department-counts","service":"eduvault-backend","timestamp":"2026-03-24 11:02:03"}
{"level":"info","message":"[2026-03-24T05:32:03.980Z] GET /api/pending-internships","service":"eduvault-backend","timestamp":"2026-03-24 11:02:03"}
{"level":"info","message":"[2026-03-24T05:32:03.989Z] GET /api/pending-scholarships","service":"eduvault-backend","timestamp":"2026-03-24 11:02:03"}
{"level":"info","message":"[2026-03-24T05:32:03.991Z] GET /api/event-organized/pending","service":"eduvault-backend","timestamp":"2026-03-24 11:02:03"}
{"level":"info","message":"[2026-03-24T05:32:04.014Z] GET /api/event-attended/pending","service":"eduvault-backend","timestamp":"2026-03-24 11:02:04"}
{"level":"info","message":"[2026-03-24T05:32:04.016Z] GET /api/all/pending-leaves","service":"eduvault-backend","timestamp":"2026-03-24 11:02:04"}
{"level":"info","message":"[2026-03-24T05:32:04.021Z] GET /api/online-courses/pending","service":"eduvault-backend","timestamp":"2026-03-24 11:02:04"}
{"level":"info","message":"[2026-03-24T05:32:04.025Z] GET /api/pending-achievements","service":"eduvault-backend","timestamp":"2026-03-24 11:02:04"}
{"level":"info","message":"[2026-03-24T05:32:04.028Z] GET /api/publications/pending","service":"eduvault-backend","timestamp":"2026-03-24 11:02:04"}
{"level":"info","message":"[2026-03-24T05:32:04.029Z] GET /api/competency-coding/pending","service":"eduvault-backend","timestamp":"2026-03-24 11:02:04"}
{"level":"info","message":"[2026-03-24T05:32:04.039Z] GET /api/noncgpa/pending","service":"eduvault-backend","timestamp":"2026-03-24 11:02:04"}
{"level":"info","message":"[2026-03-24T05:32:04.041Z] GET /api/projects/pending","service":"eduvault-backend","timestamp":"2026-03-24 11:02:04"}
{"level":"info","message":"[2026-03-24T05:32:04.046Z] GET /api/hackathon/pending","service":"eduvault-backend","timestamp":"2026-03-24 11:02:04"}
{"level":"info","message":"[2026-03-24T05:32:04.077Z] GET /api/extracurricular/pending","service":"eduvault-backend","timestamp":"2026-03-24 11:02:04"}
{"level":"info","message":"[2026-03-24T05:32:04.080Z] GET /api/fetch-internships?UserId=2","service":"eduvault-backend","timestamp":"2026-03-24 11:02:04"}
{"level":"info","message":"[2026-03-24T05:32:04.097Z] GET /api/pending-internships?userID=2","service":"eduvault-backend","timestamp":"2026-03-24 11:02:04"}
{"level":"info","message":"[2026-03-24T05:32:04.102Z] GET /api/event-attended/list?UserId=2","service":"eduvault-backend","timestamp":"2026-03-24 11:02:04"}
{"level":"info","message":"[2026-03-24T05:32:04.112Z] GET /api/fetch-scholarships?UserId=2","service":"eduvault-backend","timestamp":"2026-03-24 11:02:04"}
{"level":"info","message":"[2026-03-24T05:32:04.119Z] GET /api/event-organized/approved?UserId=2","service":"eduvault-backend","timestamp":"2026-03-24 11:02:04"}
{"level":"info","message":"[2026-03-24T05:32:04.138Z] GET /api/event-organized/pending?UserId=2","service":"eduvault-backend","timestamp":"2026-03-24 11:02:04"}
{"level":"info","message":"[2026-03-24T05:32:04.150Z] GET /api/pending-leaves?Userid=2","service":"eduvault-backend","timestamp":"2026-03-24 11:02:04"}
{"level":"info","message":"[2026-03-24T05:32:04.153Z] GET /api/fetch-leaves?Userid=2","service":"eduvault-backend","timestamp":"2026-03-24 11:02:04"}
{"level":"info","message":"[2026-03-24T05:32:04.159Z] GET /api/user-achievements/2","service":"eduvault-backend","timestamp":"2026-03-24 11:02:04"}
{"level":"info","message":"[2026-03-24T05:32:04.162Z] GET /api/hackathon/my-events","service":"eduvault-backend","timestamp":"2026-03-24 11:02:04"}
{"level":"info","message":"[2026-03-24T05:32:04.166Z] GET /api/publications/my-publications?UserId=2","service":"eduvault-backend","timestamp":"2026-03-24 11:02:04"}
{"level":"info","message":"[2026-03-24T05:32:04.185Z] GET /api/competency-coding/my-record?UserId=2","service":"eduvault-backend","timestamp":"2026-03-24 11:02:04"}
{"level":"info","message":"[2026-03-24T05:32:04.201Z] GET /api/competency-coding/skillrack/summary?UserId=2","service":"eduvault-backend","timestamp":"2026-03-24 11:02:04"}
{"level":"info","message":"[2026-03-24T05:32:04.214Z] GET /api/competency-coding/platform/all?UserId=2","service":"eduvault-backend","timestamp":"2026-03-24 11:02:04"}
{"level":"info","message":"[2026-03-24T05:32:04.218Z] GET /api/competency-coding/analytics?UserId=2","service":"eduvault-backend","timestamp":"2026-03-24 11:02:04"}
{"level":"info","message":"[2026-03-24T05:32:04.226Z] GET /api/projects/my-projects?UserId=2","service":"eduvault-backend","timestamp":"2026-03-24 11:02:04"}
{"level":"info","message":"[2026-03-24T05:32:04.231Z] GET /api/extracurricular/my-activities?UserId=2","service":"eduvault-backend","timestamp":"2026-03-24 11:02:04"}
{"level":"info","message":"[2026-03-24T05:32:04.243Z] GET /api/noncgpa/dropdown/categories","service":"eduvault-backend","timestamp":"2026-03-24 11:02:04"}
{"level":"info","message":"[2026-03-24T05:32:04.257Z] GET /api/noncgpa/dropdown/course-names","service":"eduvault-backend","timestamp":"2026-03-24 11:02:04"}
{"level":"info","message":"[2026-03-24T05:32:04.263Z] GET /api/noncgpa/dropdown/course-codes","service":"eduvault-backend","timestamp":"2026-03-24 11:02:04"}
{"level":"info","message":"[2026-03-24T05:32:04.279Z] GET /api/noncgpa/my-records?UserId=2","service":"eduvault-backend","timestamp":"2026-03-24 11:02:04"}
{"level":"info","message":"[2026-03-24T05:32:04.281Z] GET /api/skillrack/my-record?UserId=2","service":"eduvault-backend","timestamp":"2026-03-24 11:02:04"}
{"level":"info","message":"[2026-03-24T05:32:04.295Z] GET /api/skillrack/my-stats?UserId=2","service":"eduvault-backend","timestamp":"2026-03-24 11:02:04"}
{"level":"info","message":"[2026-03-24T05:32:04.313Z] GET /api/student-certificate/list","service":"eduvault-backend","timestamp":"2026-03-24 11:02:04"}
{"level":"info","message":"[2026-03-24T05:32:04.316Z] GET /api/seed-money","service":"eduvault-backend","timestamp":"2026-03-24 11:02:04"}
{"level":"info","message":"[2026-03-24T05:32:04.325Z] GET /api/scholars","service":"eduvault-backend","timestamp":"2026-03-24 11:02:04"}
{"level":"info","message":"[2026-03-24T05:32:04.328Z] GET /api/industry","service":"eduvault-backend","timestamp":"2026-03-24 11:02:04"}
{"level":"info","message":"[2026-03-24T05:32:04.331Z] GET /api/project-proposal","service":"eduvault-backend","timestamp":"2026-03-24 11:02:04"}
{"level":"info","message":"[2026-03-24T05:32:04.339Z] GET /api/certifications","service":"eduvault-backend","timestamp":"2026-03-24 11:02:04"}
{"level":"info","message":"[2026-03-24T05:32:04.359Z] GET /api/events","service":"eduvault-backend","timestamp":"2026-03-24 11:02:04"}
{"level":"info","message":"[2026-03-24T05:32:04.361Z] GET /api/proposals","service":"eduvault-backend","timestamp":"2026-03-24 11:02:04"}
{"level":"info","message":"[2026-03-24T05:32:04.363Z] GET /api/other/events-organized","service":"eduvault-backend","timestamp":"2026-03-24 11:02:04"}
{"level":"info","message":"[2026-03-24T05:32:04.374Z] GET /api/book-chapters","service":"eduvault-backend","timestamp":"2026-03-24 11:02:04"}
{"level":"info","message":"[2026-03-24T05:32:04.385Z] GET /api/h-index","service":"eduvault-backend","timestamp":"2026-03-24 11:02:04"}
{"level":"info","message":"[2026-03-24T05:32:04.386Z] GET /api/staffs","service":"eduvault-backend","timestamp":"2026-03-24 11:02:04"}
{"level":"info","message":"[2026-03-24T05:32:04.388Z] GET /api/resource-person","service":"eduvault-backend","timestamp":"2026-03-24 11:02:04"}
{"level":"info","message":"[2026-03-24T05:32:04.400Z] GET /api/recognition","service":"eduvault-backend","timestamp":"2026-03-24 11:02:04"}
{"level":"info","message":"[2026-03-24T05:32:04.427Z] GET /api/project-mentors","service":"eduvault-backend","timestamp":"2026-03-24 11:02:04"}
{"level":"info","message":"[2026-03-24T05:32:04.441Z] GET /api/patent-product","service":"eduvault-backend","timestamp":"2026-03-24 11:02:04"}
{"level":"info","message":"[2026-03-24T05:32:04.446Z] GET /api/appraisals","service":"eduvault-backend","timestamp":"2026-03-24 11:02:04"}
{"level":"info","message":"[2026-03-24T05:32:04.457Z] GET /api/department-counts","service":"eduvault-backend","timestamp":"2026-03-24 11:02:04"}
{"level":"info","message":"[2026-03-24T05:32:04.460Z] GET /api/students","service":"eduvault-backend","timestamp":"2026-03-24 11:02:04"}
{"level":"info","message":"[2026-03-24T05:32:04.474Z] GET /api/get-staff?role=Staff","service":"eduvault-backend","timestamp":"2026-03-24 11:02:04"}
{"level":"info","message":"[2026-03-24T05:32:04.481Z] GET /api/departments","service":"eduvault-backend","timestamp":"2026-03-24 11:02:04"}
{"level":"info","message":"[2026-03-24T05:32:04.496Z] GET /api/seed-money","service":"eduvault-backend","timestamp":"2026-03-24 11:02:04"}
{"level":"info","message":"[2026-03-24T05:32:04.500Z] GET /api/scholars","service":"eduvault-backend","timestamp":"2026-03-24 11:02:04"}
{"level":"info","message":"[2026-03-24T05:32:04.511Z] GET /api/project-proposal","service":"eduvault-backend","timestamp":"2026-03-24 11:02:04"}
{"level":"info","message":"[2026-03-24T05:32:04.513Z] GET /api/other/events-organized","service":"eduvault-backend","timestamp":"2026-03-24 11:02:04"}
{"level":"info","message":"[2026-03-24T05:32:04.520Z] GET /api/industry","service":"eduvault-backend","timestamp":"2026-03-24 11:02:04"}
{"level":"info","message":"[2026-03-24T05:32:04.530Z] GET /api/certifications","service":"eduvault-backend","timestamp":"2026-03-24 11:02:04"}
{"level":"info","message":"[2026-03-24T05:32:04.534Z] GET /api/events","service":"eduvault-backend","timestamp":"2026-03-24 11:02:04"}
{"level":"info","message":"[2026-03-24T05:32:04.537Z] GET /api/proposals","service":"eduvault-backend","timestamp":"2026-03-24 11:02:04"}
{"level":"info","message":"[2026-03-24T05:32:04.547Z] GET /api/book-chapters","service":"eduvault-backend","timestamp":"2026-03-24 11:02:04"}
{"level":"info","message":"[2026-03-24T05:32:04.549Z] GET /api/h-index","service":"eduvault-backend","timestamp":"2026-03-24 11:02:04"}
{"level":"info","message":"[2026-03-24T05:32:04.575Z] GET /api/resource-person","service":"eduvault-backend","timestamp":"2026-03-24 11:02:04"}
{"level":"info","message":"[2026-03-24T05:32:04.577Z] GET /api/recognition","service":"eduvault-backend","timestamp":"2026-03-24 11:02:04"}
{"level":"info","message":"[2026-03-24T05:32:04.587Z] GET /api/project-mentors","service":"eduvault-backend","timestamp":"2026-03-24 11:02:04"}
{"level":"info","message":"[2026-03-24T05:32:04.595Z] GET /api/patent-product","service":"eduvault-backend","timestamp":"2026-03-24 11:02:04"}
{"level":"info","message":"[2026-03-24T05:32:04.598Z] GET /api/appraisals","service":"eduvault-backend","timestamp":"2026-03-24 11:02:04"}
{"level":"info","message":"[2026-03-24T05:32:04.600Z] GET /api/departments","service":"eduvault-backend","timestamp":"2026-03-24 11:02:04"}
{"level":"info","message":"[2026-03-24T05:32:04.613Z] GET /api/staffs","service":"eduvault-backend","timestamp":"2026-03-24 11:02:04"}
{"level":"info","message":"[2026-03-24T05:32:04.622Z] GET /api/other/events-organized","service":"eduvault-backend","timestamp":"2026-03-24 11:02:04"}
{"level":"info","message":"[2026-03-24T05:32:04.625Z] GET /api/seed-money","service":"eduvault-backend","timestamp":"2026-03-24 11:02:04"}
{"level":"info","message":"[2026-03-24T05:32:04.629Z] GET /api/scholars","service":"eduvault-backend","timestamp":"2026-03-24 11:02:04"}
{"level":"info","message":"[2026-03-24T05:32:04.639Z] GET /api/project-proposal","service":"eduvault-backend","timestamp":"2026-03-24 11:02:04"}
{"level":"info","message":"[2026-03-24T05:32:04.642Z] GET /api/certifications","service":"eduvault-backend","timestamp":"2026-03-24 11:02:04"}
{"level":"info","message":"[2026-03-24T05:32:04.644Z] GET /api/events","service":"eduvault-backend","timestamp":"2026-03-24 11:02:04"}
{"level":"info","message":"[2026-03-24T05:32:04.663Z] GET /api/industry","service":"eduvault-backend","timestamp":"2026-03-24 11:02:04"}
{"level":"info","message":"[2026-03-24T05:32:04.675Z] GET /api/book-chapters","service":"eduvault-backend","timestamp":"2026-03-24 11:02:04"}
{"level":"info","message":"[2026-03-24T05:32:04.677Z] GET /api/h-index","service":"eduvault-backend","timestamp":"2026-03-24 11:02:04"}
{"level":"info","message":"[2026-03-24T05:32:04.680Z] GET /api/proposals","service":"eduvault-backend","timestamp":"2026-03-24 11:02:04"}
{"level":"info","message":"[2026-03-24T05:32:04.689Z] GET /api/resource-person","service":"eduvault-backend","timestamp":"2026-03-24 11:02:04"}
{"level":"info","message":"[2026-03-24T05:32:04.692Z] GET /api/recognition","service":"eduvault-backend","timestamp":"2026-03-24 11:02:04"}
{"level":"info","message":"[2026-03-24T05:32:04.711Z] GET /api/project-mentors","service":"eduvault-backend","timestamp":"2026-03-24 11:02:04"}
{"level":"info","message":"[2026-03-24T05:32:04.714Z] GET /api/patent-product","service":"eduvault-backend","timestamp":"2026-03-24 11:02:04"}
{"level":"info","message":"[2026-03-24T05:32:04.721Z] GET /api/appraisals","service":"eduvault-backend","timestamp":"2026-03-24 11:02:04"}
{"level":"info","message":"[2026-03-24T05:32:04.728Z] GET /api/staffs","service":"eduvault-backend","timestamp":"2026-03-24 11:02:04"}
{"level":"info","message":"[2026-03-24T05:32:04.751Z] GET /api/appraisals","service":"eduvault-backend","timestamp":"2026-03-24 11:02:04"}
{"level":"info","message":"[2026-03-24T05:37:07.818Z] GET /api/pending-scholarships","service":"eduvault-backend","timestamp":"2026-03-24 11:07:07"}
{"level":"info","message":"[2026-03-24T05:37:07.826Z] GET /api/pending-internships","service":"eduvault-backend","timestamp":"2026-03-24 11:07:07"}
{"level":"info","message":"[2026-03-24T05:37:07.829Z] GET /api/event-organized/pending","service":"eduvault-backend","timestamp":"2026-03-24 11:07:07"}
{"level":"info","message":"[2026-03-24T05:37:07.831Z] GET /api/event-attended/pending","service":"eduvault-backend","timestamp":"2026-03-24 11:07:07"}
{"level":"info","message":"[2026-03-24T05:37:07.858Z] GET /api/online-courses/pending","service":"eduvault-backend","timestamp":"2026-03-24 11:07:07"}
{"level":"info","message":"[2026-03-24T05:37:07.866Z] GET /api/all/pending-leaves","service":"eduvault-backend","timestamp":"2026-03-24 11:07:07"}
{"level":"info","message":"[2026-03-24T05:37:07.877Z] GET /api/publications/pending","service":"eduvault-backend","timestamp":"2026-03-24 11:07:07"}
{"level":"info","message":"[2026-03-24T05:37:07.880Z] GET /api/pending-achievements","service":"eduvault-backend","timestamp":"2026-03-24 11:07:07"}
{"level":"info","message":"[2026-03-24T05:37:07.892Z] GET /api/noncgpa/pending","service":"eduvault-backend","timestamp":"2026-03-24 11:07:07"}
{"level":"info","message":"[2026-03-24T05:37:07.900Z] GET /api/competency-coding/pending","service":"eduvault-backend","timestamp":"2026-03-24 11:07:07"}
{"level":"info","message":"[2026-03-24T05:37:07.908Z] GET /api/hackathon/pending","service":"eduvault-backend","timestamp":"2026-03-24 11:07:07"}
{"level":"info","message":"[2026-03-24T05:37:07.998Z] GET /api/projects/pending","service":"eduvault-backend","timestamp":"2026-03-24 11:07:07"}
{"level":"info","message":"[2026-03-24T05:37:08.004Z] GET /api/extracurricular/pending","service":"eduvault-backend","timestamp":"2026-03-24 11:07:08"}
{"level":"info","message":"[2026-03-24T05:42:04.647Z] GET /api/pending-internships","service":"eduvault-backend","timestamp":"2026-03-24 11:12:04"}
{"level":"info","message":"[2026-03-24T05:42:04.653Z] GET /api/pending-scholarships","service":"eduvault-backend","timestamp":"2026-03-24 11:12:04"}
{"level":"info","message":"[2026-03-24T05:42:04.665Z] GET /api/event-organized/pending","service":"eduvault-backend","timestamp":"2026-03-24 11:12:04"}
{"level":"info","message":"[2026-03-24T05:42:04.668Z] GET /api/event-attended/pending","service":"eduvault-backend","timestamp":"2026-03-24 11:12:04"}
{"level":"info","message":"[2026-03-24T05:42:04.670Z] GET /api/all/pending-leaves","service":"eduvault-backend","timestamp":"2026-03-24 11:12:04"}
{"level":"info","message":"[2026-03-24T05:42:04.675Z] GET /api/online-courses/pending","service":"eduvault-backend","timestamp":"2026-03-24 11:12:04"}
{"level":"info","message":"[2026-03-24T05:42:04.678Z] GET /api/publications/pending","service":"eduvault-backend","timestamp":"2026-03-24 11:12:04"}
{"level":"info","message":"[2026-03-24T05:42:04.680Z] GET /api/pending-achievements","service":"eduvault-backend","timestamp":"2026-03-24 11:12:04"}
{"level":"info","message":"[2026-03-24T05:42:04.688Z] GET /api/competency-coding/pending","service":"eduvault-backend","timestamp":"2026-03-24 11:12:04"}
{"level":"info","message":"[2026-03-24T05:42:04.690Z] GET /api/noncgpa/pending","service":"eduvault-backend","timestamp":"2026-03-24 11:12:04"}
{"level":"info","message":"[2026-03-24T05:42:04.700Z] GET /api/projects/pending","service":"eduvault-backend","timestamp":"2026-03-24 11:12:04"}
{"level":"info","message":"[2026-03-24T05:42:04.733Z] GET /api/hackathon/pending","service":"eduvault-backend","timestamp":"2026-03-24 11:12:04"}
{"level":"info","message":"[2026-03-24T05:42:04.736Z] GET /api/extracurricular/pending","service":"eduvault-backend","timestamp":"2026-03-24 11:12:04"}
{"level":"info","message":"[2026-03-24T05:45:23.470Z] GET /api/departments","service":"eduvault-backend","timestamp":"2026-03-24 11:15:23"}
{"level":"info","message":"[2026-03-24T05:45:23.481Z] GET /api/get-staff?role=Staff","service":"eduvault-backend","timestamp":"2026-03-24 11:15:23"}
{"level":"info","message":"[2026-03-24T05:45:23.487Z] GET /api/states","service":"eduvault-backend","timestamp":"2026-03-24 11:15:23"}
{"level":"info","message":"[2026-03-24T05:45:23.489Z] GET /api/auth/me","service":"eduvault-backend","timestamp":"2026-03-24 11:15:23"}
{"level":"info","message":"[2026-03-24T05:45:23.499Z] GET /api/auth/me","service":"eduvault-backend","timestamp":"2026-03-24 11:15:23"}
{"level":"info","message":"[2026-03-24T05:45:23.536Z] GET /api/states","service":"eduvault-backend","timestamp":"2026-03-24 11:15:23"}
{"level":"info","message":"[2026-03-24T05:45:23.540Z] GET /api/departments","service":"eduvault-backend","timestamp":"2026-03-24 11:15:23"}
{"level":"info","message":"[2026-03-24T05:45:23.544Z] GET /api/get-staff?role=Staff","service":"eduvault-backend","timestamp":"2026-03-24 11:15:23"}
{"level":"info","message":"[2026-03-24T05:45:31.668Z] GET /api/departments","service":"eduvault-backend","timestamp":"2026-03-24 11:15:31"}
{"level":"info","message":"[2026-03-24T05:45:31.673Z] GET /api/get-staff?role=Staff","service":"eduvault-backend","timestamp":"2026-03-24 11:15:31"}
{"level":"info","message":"[2026-03-24T05:45:31.677Z] GET /api/states","service":"eduvault-backend","timestamp":"2026-03-24 11:15:31"}
{"level":"info","message":"[2026-03-24T05:45:31.682Z] GET /api/departments","service":"eduvault-backend","timestamp":"2026-03-24 11:15:31"}
{"level":"info","message":"[2026-03-24T05:45:31.688Z] GET /api/states","service":"eduvault-backend","timestamp":"2026-03-24 11:15:31"}
{"level":"info","message":"[2026-03-24T05:45:31.720Z] GET /api/get-staff?role=Staff","service":"eduvault-backend","timestamp":"2026-03-24 11:15:31"}
{"level":"info","message":"[2026-03-24T05:49:44.486Z] POST /api/auth/login","service":"eduvault-backend","timestamp":"2026-03-24 11:19:44"}
{"level":"info","message":"[2026-03-24T05:49:52.877Z] POST /api/auth/login","service":"eduvault-backend","timestamp":"2026-03-24 11:19:52"}
{"level":"info","message":"[2026-03-24T05:49:53.013Z] GET /api/auth/me","service":"eduvault-backend","timestamp":"2026-03-24 11:19:53"}
{"level":"info","message":"[2026-03-24T05:49:53.022Z] GET /api/get-user/2","service":"eduvault-backend","timestamp":"2026-03-24 11:19:53"}
{"level":"info","message":"[2026-03-24T05:49:53.081Z] GET /api/departments","service":"eduvault-backend","timestamp":"2026-03-24 11:19:53"}
{"level":"info","message":"[2026-03-24T05:49:53.084Z] GET /api/students","service":"eduvault-backend","timestamp":"2026-03-24 11:19:53"}
{"level":"info","message":"[2026-03-24T05:49:53.088Z] GET /api/get-staff?role=Staff","service":"eduvault-backend","timestamp":"2026-03-24 11:19:53"}
{"level":"info","message":"[2026-03-24T05:49:53.091Z] GET /api/department-counts","service":"eduvault-backend","timestamp":"2026-03-24 11:19:53"}
{"level":"info","message":"[2026-03-24T05:49:53.107Z] GET /api/event-organized/pending","service":"eduvault-backend","timestamp":"2026-03-24 11:19:53"}
{"level":"info","message":"[2026-03-24T05:49:53.122Z] GET /api/pending-internships","service":"eduvault-backend","timestamp":"2026-03-24 11:19:53"}
{"level":"info","message":"[2026-03-24T05:49:53.125Z] GET /api/pending-scholarships","service":"eduvault-backend","timestamp":"2026-03-24 11:19:53"}
{"level":"info","message":"[2026-03-24T05:49:53.158Z] GET /api/event-attended/pending","service":"eduvault-backend","timestamp":"2026-03-24 11:19:53"}
{"level":"info","message":"[2026-03-24T05:49:53.182Z] GET /api/all/pending-leaves","service":"eduvault-backend","timestamp":"2026-03-24 11:19:53"}
{"level":"info","message":"[2026-03-24T05:49:53.185Z] GET /api/online-courses/pending","service":"eduvault-backend","timestamp":"2026-03-24 11:19:53"}
{"level":"info","message":"[2026-03-24T05:49:53.211Z] GET /api/pending-achievements","service":"eduvault-backend","timestamp":"2026-03-24 11:19:53"}
{"level":"info","message":"[2026-03-24T05:49:53.216Z] GET /api/publications/pending","service":"eduvault-backend","timestamp":"2026-03-24 11:19:53"}
{"level":"info","message":"[2026-03-24T05:49:53.229Z] GET /api/competency-coding/pending","service":"eduvault-backend","timestamp":"2026-03-24 11:19:53"}
{"level":"info","message":"[2026-03-24T05:49:53.231Z] GET /api/noncgpa/pending","service":"eduvault-backend","timestamp":"2026-03-24 11:19:53"}
{"level":"info","message":"[2026-03-24T05:49:53.233Z] GET /api/projects/pending","service":"eduvault-backend","timestamp":"2026-03-24 11:19:53"}
{"level":"info","message":"[2026-03-24T05:49:53.237Z] GET /api/hackathon/pending","service":"eduvault-backend","timestamp":"2026-03-24 11:19:53"}
{"level":"info","message":"[2026-03-24T05:49:53.273Z] GET /api/extracurricular/pending","service":"eduvault-backend","timestamp":"2026-03-24 11:19:53"}
{"level":"info","message":"[2026-03-24T05:49:53.288Z] GET /api/fetch-internships?UserId=2","service":"eduvault-backend","timestamp":"2026-03-24 11:19:53"}
{"level":"info","message":"[2026-03-24T05:49:53.291Z] GET /api/pending-internships?userID=2","service":"eduvault-backend","timestamp":"2026-03-24 11:19:53"}
{"level":"info","message":"[2026-03-24T05:49:53.293Z] GET /api/event-attended/list?UserId=2","service":"eduvault-backend","timestamp":"2026-03-24 11:19:53"}
{"level":"info","message":"[2026-03-24T05:49:53.295Z] GET /api/fetch-scholarships?UserId=2","service":"eduvault-backend","timestamp":"2026-03-24 11:19:53"}
{"level":"info","message":"[2026-03-24T05:49:53.329Z] GET /api/event-organized/approved?UserId=2","service":"eduvault-backend","timestamp":"2026-03-24 11:19:53"}
{"level":"info","message":"[2026-03-24T05:49:53.366Z] GET /api/event-organized/pending?UserId=2","service":"eduvault-backend","timestamp":"2026-03-24 11:19:53"}
{"level":"info","message":"[2026-03-24T05:49:53.370Z] GET /api/pending-leaves?Userid=2","service":"eduvault-backend","timestamp":"2026-03-24 11:19:53"}
{"level":"info","message":"[2026-03-24T05:49:53.374Z] GET /api/fetch-leaves?Userid=2","service":"eduvault-backend","timestamp":"2026-03-24 11:19:53"}
{"level":"info","message":"[2026-03-24T05:49:53.378Z] GET /api/user-achievements/2","service":"eduvault-backend","timestamp":"2026-03-24 11:19:53"}
{"level":"info","message":"[2026-03-24T05:49:53.391Z] GET /api/hackathon/my-events","service":"eduvault-backend","timestamp":"2026-03-24 11:19:53"}
{"level":"info","message":"[2026-03-24T05:49:53.403Z] GET /api/publications/my-publications?UserId=2","service":"eduvault-backend","timestamp":"2026-03-24 11:19:53"}
{"level":"info","message":"[2026-03-24T05:49:53.434Z] GET /api/competency-coding/my-record?UserId=2","service":"eduvault-backend","timestamp":"2026-03-24 11:19:53"}
{"level":"info","message":"[2026-03-24T05:49:53.453Z] GET /api/competency-coding/skillrack/summary?UserId=2","service":"eduvault-backend","timestamp":"2026-03-24 11:19:53"}
{"level":"info","message":"[2026-03-24T05:49:53.457Z] GET /api/competency-coding/platform/all?UserId=2","service":"eduvault-backend","timestamp":"2026-03-24 11:19:53"}
{"level":"info","message":"[2026-03-24T05:49:53.471Z] GET /api/competency-coding/analytics?UserId=2","service":"eduvault-backend","timestamp":"2026-03-24 11:19:53"}
{"level":"info","message":"[2026-03-24T05:49:53.473Z] GET /api/projects/my-projects?UserId=2","service":"eduvault-backend","timestamp":"2026-03-24 11:19:53"}
{"level":"info","message":"[2026-03-24T05:49:53.482Z] GET /api/extracurricular/my-activities?UserId=2","service":"eduvault-backend","timestamp":"2026-03-24 11:19:53"}
{"level":"info","message":"[2026-03-24T05:49:53.491Z] GET /api/noncgpa/dropdown/categories","service":"eduvault-backend","timestamp":"2026-03-24 11:19:53"}
{"level":"info","message":"[2026-03-24T05:49:53.493Z] GET /api/noncgpa/dropdown/course-names","service":"eduvault-backend","timestamp":"2026-03-24 11:19:53"}
{"level":"info","message":"[2026-03-24T05:49:53.504Z] GET /api/noncgpa/dropdown/course-codes","service":"eduvault-backend","timestamp":"2026-03-24 11:19:53"}
{"level":"info","message":"[2026-03-24T05:49:53.506Z] GET /api/noncgpa/my-records?UserId=2","service":"eduvault-backend","timestamp":"2026-03-24 11:19:53"}
{"level":"info","message":"[2026-03-24T05:49:53.517Z] GET /api/skillrack/my-record?UserId=2","service":"eduvault-backend","timestamp":"2026-03-24 11:19:53"}
{"level":"info","message":"[2026-03-24T05:49:53.532Z] GET /api/skillrack/my-stats?UserId=2","service":"eduvault-backend","timestamp":"2026-03-24 11:19:53"}
{"level":"info","message":"[2026-03-24T05:49:53.536Z] GET /api/student-certificate/list","service":"eduvault-backend","timestamp":"2026-03-24 11:19:53"}
{"level":"info","message":"[2026-03-24T05:49:53.549Z] GET /api/staffs","service":"eduvault-backend","timestamp":"2026-03-24 11:19:53"}
{"level":"info","message":"[2026-03-24T05:49:53.551Z] GET /uploads/default.jpg","service":"eduvault-backend","timestamp":"2026-03-24 11:19:53"}
{"level":"info","message":"[2026-03-24T05:49:53.560Z] GET /api/seed-money","service":"eduvault-backend","timestamp":"2026-03-24 11:19:53"}
{"level":"info","message":"[2026-03-24T05:49:53.564Z] GET /api/scholars","service":"eduvault-backend","timestamp":"2026-03-24 11:19:53"}
{"level":"info","message":"[2026-03-24T05:49:53.566Z] GET /api/proposals","service":"eduvault-backend","timestamp":"2026-03-24 11:19:53"}
{"level":"info","message":"[2026-03-24T05:49:53.574Z] GET /api/project-proposal","service":"eduvault-backend","timestamp":"2026-03-24 11:19:53"}
{"level":"info","message":"[2026-03-24T05:49:53.583Z] GET /api/events","service":"eduvault-backend","timestamp":"2026-03-24 11:19:53"}
{"level":"info","message":"[2026-03-24T05:49:53.598Z] GET /api/industry","service":"eduvault-backend","timestamp":"2026-03-24 11:19:53"}
{"level":"info","message":"[2026-03-24T05:49:53.612Z] GET /api/certifications","service":"eduvault-backend","timestamp":"2026-03-24 11:19:53"}
{"level":"info","message":"[2026-03-24T05:49:53.623Z] GET /api/book-chapters","service":"eduvault-backend","timestamp":"2026-03-24 11:19:53"}
{"level":"info","message":"[2026-03-24T05:49:53.640Z] GET /api/other/events-organized","service":"eduvault-backend","timestamp":"2026-03-24 11:19:53"}
{"level":"info","message":"[2026-03-24T05:49:53.641Z] GET /api/h-index","service":"eduvault-backend","timestamp":"2026-03-24 11:19:53"}
{"level":"info","message":"[2026-03-24T05:49:53.643Z] GET /api/resource-person","service":"eduvault-backend","timestamp":"2026-03-24 11:19:53"}
{"level":"info","message":"[2026-03-24T05:49:53.657Z] GET /api/recognition","service":"eduvault-backend","timestamp":"2026-03-24 11:19:53"}
{"level":"info","message":"[2026-03-24T05:49:53.670Z] GET /api/patent-product","service":"eduvault-backend","timestamp":"2026-03-24 11:19:53"}
{"level":"info","message":"[2026-03-24T05:49:53.672Z] GET /api/project-mentors","service":"eduvault-backend","timestamp":"2026-03-24 11:19:53"}
{"level":"info","message":"[2026-03-24T05:49:53.684Z] GET /api/departments","service":"eduvault-backend","timestamp":"2026-03-24 11:19:53"}
{"level":"info","message":"[2026-03-24T05:49:53.687Z] GET /api/scholars","service":"eduvault-backend","timestamp":"2026-03-24 11:19:53"}
{"level":"info","message":"[2026-03-24T05:49:53.702Z] GET /api/proposals","service":"eduvault-backend","timestamp":"2026-03-24 11:19:53"}
{"level":"info","message":"[2026-03-24T05:49:53.718Z] GET /api/events","service":"eduvault-backend","timestamp":"2026-03-24 11:19:53"}
{"level":"info","message":"[2026-03-24T05:49:53.720Z] GET /api/seed-money","service":"eduvault-backend","timestamp":"2026-03-24 11:19:53"}
{"level":"info","message":"[2026-03-24T05:49:53.723Z] GET /api/project-proposal","service":"eduvault-backend","timestamp":"2026-03-24 11:19:53"}
{"level":"info","message":"[2026-03-24T05:49:53.735Z] GET /api/other/events-organized","service":"eduvault-backend","timestamp":"2026-03-24 11:19:53"}
{"level":"info","message":"[2026-03-24T05:49:53.751Z] GET /api/certifications","service":"eduvault-backend","timestamp":"2026-03-24 11:19:53"}
{"level":"info","message":"[2026-03-24T05:49:53.764Z] GET /api/industry","service":"eduvault-backend","timestamp":"2026-03-24 11:19:53"}
{"level":"info","message":"[2026-03-24T05:49:53.769Z] GET /api/book-chapters","service":"eduvault-backend","timestamp":"2026-03-24 11:19:53"}
{"level":"info","message":"[2026-03-24T05:49:53.772Z] GET /api/h-index","service":"eduvault-backend","timestamp":"2026-03-24 11:19:53"}
{"level":"info","message":"[2026-03-24T05:49:53.781Z] GET /api/resource-person","service":"eduvault-backend","timestamp":"2026-03-24 11:19:53"}
{"level":"info","message":"[2026-03-24T05:49:53.789Z] GET /api/recognition","service":"eduvault-backend","timestamp":"2026-03-24 11:19:53"}
{"level":"info","message":"[2026-03-24T05:49:53.801Z] GET /api/departments","service":"eduvault-backend","timestamp":"2026-03-24 11:19:53"}
{"level":"info","message":"[2026-03-24T05:49:53.805Z] GET /api/patent-product","service":"eduvault-backend","timestamp":"2026-03-24 11:19:53"}
{"level":"info","message":"[2026-03-24T05:49:53.814Z] GET /api/staffs","service":"eduvault-backend","timestamp":"2026-03-24 11:19:53"}
{"level":"info","message":"[2026-03-24T05:49:53.820Z] GET /api/project-mentors","service":"eduvault-backend","timestamp":"2026-03-24 11:19:53"}
{"level":"info","message":"[2026-03-24T05:49:53.830Z] GET /api/appraisals","service":"eduvault-backend","timestamp":"2026-03-24 11:19:53"}
{"level":"info","message":"[2026-03-24T05:49:53.844Z] GET /api/staffs","service":"eduvault-backend","timestamp":"2026-03-24 11:19:53"}
{"level":"info","message":"[2026-03-24T05:49:53.855Z] GET /api/appraisals","service":"eduvault-backend","timestamp":"2026-03-24 11:19:53"}
{"level":"info","message":"[2026-03-24T05:50:51.927Z] GET /api/resume-staff/staff-data/2","service":"eduvault-backend","timestamp":"2026-03-24 11:20:51"}
{"level":"info","message":"[2026-03-24T05:50:52.078Z] GET /api/resume-staff/staff-data/2","service":"eduvault-backend","timestamp":"2026-03-24 11:20:52"}
{"level":"info","message":"[2026-03-24T05:50:52.088Z] GET /api/resume-staff/profile-image/2","service":"eduvault-backend","timestamp":"2026-03-24 11:20:52"}
{"level":"info","message":"[2026-03-24T05:50:52.187Z] GET /api/resume-staff/profile-image/2","service":"eduvault-backend","timestamp":"2026-03-24 11:20:52"}
{"level":"info","message":"[2026-03-24T05:51:29.480Z] GET /api/pending-internships","service":"eduvault-backend","timestamp":"2026-03-24 11:21:29"}
{"level":"info","message":"[2026-03-24T05:51:29.504Z] GET /api/pending-scholarships","service":"eduvault-backend","timestamp":"2026-03-24 11:21:29"}
{"level":"info","message":"[2026-03-24T05:51:29.508Z] GET /api/event-organized/pending","service":"eduvault-backend","timestamp":"2026-03-24 11:21:29"}
{"level":"info","message":"[2026-03-24T05:51:29.514Z] GET /api/event-attended/pending","service":"eduvault-backend","timestamp":"2026-03-24 11:21:29"}
{"level":"info","message":"[2026-03-24T05:51:29.523Z] GET /api/all/pending-leaves","service":"eduvault-backend","timestamp":"2026-03-24 11:21:29"}
{"level":"info","message":"[2026-03-24T05:51:29.527Z] GET /api/online-courses/pending","service":"eduvault-backend","timestamp":"2026-03-24 11:21:29"}
{"level":"info","message":"[2026-03-24T05:51:29.534Z] GET /api/pending-achievements","service":"eduvault-backend","timestamp":"2026-03-24 11:21:29"}
{"level":"info","message":"[2026-03-24T05:51:29.541Z] GET /api/publications/pending","service":"eduvault-backend","timestamp":"2026-03-24 11:21:29"}
{"level":"info","message":"[2026-03-24T05:51:29.543Z] GET /api/competency-coding/pending","service":"eduvault-backend","timestamp":"2026-03-24 11:21:29"}
{"level":"info","message":"[2026-03-24T05:51:29.554Z] GET /api/noncgpa/pending","service":"eduvault-backend","timestamp":"2026-03-24 11:21:29"}
{"level":"info","message":"[2026-03-24T05:51:29.555Z] GET /api/projects/pending","service":"eduvault-backend","timestamp":"2026-03-24 11:21:29"}
{"level":"info","message":"[2026-03-24T05:51:29.593Z] GET /api/hackathon/pending","service":"eduvault-backend","timestamp":"2026-03-24 11:21:29"}
{"level":"info","message":"[2026-03-24T05:51:29.606Z] GET /api/extracurricular/pending","service":"eduvault-backend","timestamp":"2026-03-24 11:21:29"}
{"level":"info","message":"[2026-03-24T05:51:29.608Z] GET /api/pending-scholarships","service":"eduvault-backend","timestamp":"2026-03-24 11:21:29"}
{"level":"info","message":"[2026-03-24T05:51:29.609Z] GET /api/event-organized/pending","service":"eduvault-backend","timestamp":"2026-03-24 11:21:29"}
{"level":"info","message":"[2026-03-24T05:51:29.611Z] GET /api/event-attended/pending","service":"eduvault-backend","timestamp":"2026-03-24 11:21:29"}
{"level":"info","message":"[2026-03-24T05:51:29.623Z] GET /api/all/pending-leaves","service":"eduvault-backend","timestamp":"2026-03-24 11:21:29"}
{"level":"info","message":"[2026-03-24T05:51:29.626Z] GET /api/pending-achievements","service":"eduvault-backend","timestamp":"2026-03-24 11:21:29"}
{"level":"info","message":"[2026-03-24T05:51:29.627Z] GET /api/pending-internships","service":"eduvault-backend","timestamp":"2026-03-24 11:21:29"}
{"level":"info","message":"[2026-03-24T05:51:29.632Z] GET /api/online-courses/pending","service":"eduvault-backend","timestamp":"2026-03-24 11:21:29"}
{"level":"info","message":"[2026-03-24T05:51:29.638Z] GET /api/publications/pending","service":"eduvault-backend","timestamp":"2026-03-24 11:21:29"}
{"level":"info","message":"[2026-03-24T05:51:29.645Z] GET /api/noncgpa/pending","service":"eduvault-backend","timestamp":"2026-03-24 11:21:29"}
{"level":"info","message":"[2026-03-24T05:51:29.648Z] GET /api/projects/pending","service":"eduvault-backend","timestamp":"2026-03-24 11:21:29"}
{"level":"info","message":"[2026-03-24T05:51:29.650Z] GET /api/competency-coding/pending","service":"eduvault-backend","timestamp":"2026-03-24 11:21:29"}
{"level":"info","message":"[2026-03-24T05:51:29.666Z] GET /api/hackathon/pending","service":"eduvault-backend","timestamp":"2026-03-24 11:21:29"}
{"level":"info","message":"[2026-03-24T05:51:29.668Z] GET /api/extracurricular/pending","service":"eduvault-backend","timestamp":"2026-03-24 11:21:29"}
{"level":"info","message":"[2026-03-24T05:52:25.999Z] POST /api/auth/logout","service":"eduvault-backend","timestamp":"2026-03-24 11:22:25"}
{"level":"info","message":"[2026-03-24T05:52:34.867Z] GET /api/departments","service":"eduvault-backend","timestamp":"2026-03-24 11:22:34"}
{"level":"info","message":"[2026-03-24T05:52:34.891Z] GET /api/get-staff?role=Staff","service":"eduvault-backend","timestamp":"2026-03-24 11:22:34"}
{"level":"info","message":"[2026-03-24T05:52:34.894Z] GET /api/states","service":"eduvault-backend","timestamp":"2026-03-24 11:22:34"}
{"level":"info","message":"[2026-03-24T05:52:34.938Z] GET /api/states","service":"eduvault-backend","timestamp":"2026-03-24 11:22:34"}
{"level":"info","message":"[2026-03-24T05:52:34.942Z] GET /api/departments","service":"eduvault-backend","timestamp":"2026-03-24 11:22:34"}
{"level":"info","message":"[2026-03-24T05:52:34.944Z] GET /api/get-staff?role=Staff","service":"eduvault-backend","timestamp":"2026-03-24 11:22:34"}
{"level":"info","message":"[2026-03-24T05:52:47.317Z] POST /api/auth/login","service":"eduvault-backend","timestamp":"2026-03-24 11:22:47"}
{"level":"info","message":"[2026-03-24T05:52:47.423Z] GET /api/auth/me","service":"eduvault-backend","timestamp":"2026-03-24 11:22:47"}
{"level":"info","message":"[2026-03-24T05:52:47.465Z] GET /api/get-user/3","service":"eduvault-backend","timestamp":"2026-03-24 11:22:47"}
{"level":"info","message":"[2026-03-24T05:52:47.499Z] GET /api/departments","service":"eduvault-backend","timestamp":"2026-03-24 11:22:47"}
{"level":"info","message":"[2026-03-24T05:52:47.510Z] GET /api/students","service":"eduvault-backend","timestamp":"2026-03-24 11:22:47"}
{"level":"info","message":"[2026-03-24T05:52:47.516Z] GET /api/get-staff?role=Staff","service":"eduvault-backend","timestamp":"2026-03-24 11:22:47"}
{"level":"info","message":"[2026-03-24T05:52:47.519Z] GET /api/pending-scholarships","service":"eduvault-backend","timestamp":"2026-03-24 11:22:47"}
{"level":"info","message":"[2026-03-24T05:52:47.522Z] GET /api/department-counts","service":"eduvault-backend","timestamp":"2026-03-24 11:22:47"}
{"level":"info","message":"[2026-03-24T05:52:47.524Z] GET /api/pending-internships","service":"eduvault-backend","timestamp":"2026-03-24 11:22:47"}
{"level":"info","message":"[2026-03-24T05:52:47.526Z] GET /api/event-organized/pending","service":"eduvault-backend","timestamp":"2026-03-24 11:22:47"}
{"level":"info","message":"[2026-03-24T05:52:47.553Z] GET /api/event-attended/pending","service":"eduvault-backend","timestamp":"2026-03-24 11:22:47"}
{"level":"info","message":"[2026-03-24T05:52:47.560Z] GET /api/all/pending-leaves","service":"eduvault-backend","timestamp":"2026-03-24 11:22:47"}
{"level":"info","message":"[2026-03-24T05:52:47.567Z] GET /api/online-courses/pending","service":"eduvault-backend","timestamp":"2026-03-24 11:22:47"}
{"level":"info","message":"[2026-03-24T05:52:47.572Z] GET /api/pending-achievements","service":"eduvault-backend","timestamp":"2026-03-24 11:22:47"}
{"level":"info","message":"[2026-03-24T05:52:47.575Z] GET /api/publications/pending","service":"eduvault-backend","timestamp":"2026-03-24 11:22:47"}
{"level":"info","message":"[2026-03-24T05:52:47.577Z] GET /api/competency-coding/pending","service":"eduvault-backend","timestamp":"2026-03-24 11:22:47"}
{"level":"info","message":"[2026-03-24T05:52:47.580Z] GET /api/noncgpa/pending","service":"eduvault-backend","timestamp":"2026-03-24 11:22:47"}
{"level":"info","message":"[2026-03-24T05:52:47.589Z] GET /api/projects/pending","service":"eduvault-backend","timestamp":"2026-03-24 11:22:47"}
{"level":"info","message":"[2026-03-24T05:52:47.593Z] GET /api/hackathon/pending","service":"eduvault-backend","timestamp":"2026-03-24 11:22:47"}
{"level":"info","message":"[2026-03-24T05:52:47.615Z] GET /api/extracurricular/pending","service":"eduvault-backend","timestamp":"2026-03-24 11:22:47"}
{"level":"info","message":"[2026-03-24T05:52:47.619Z] GET /api/fetch-internships?UserId=3","service":"eduvault-backend","timestamp":"2026-03-24 11:22:47"}
{"level":"info","message":"[2026-03-24T05:52:47.620Z] GET /api/event-attended/list?UserId=3","service":"eduvault-backend","timestamp":"2026-03-24 11:22:47"}
{"level":"info","message":"[2026-03-24T05:52:47.627Z] GET /api/pending-internships?userID=3","service":"eduvault-backend","timestamp":"2026-03-24 11:22:47"}
{"level":"info","message":"[2026-03-24T05:52:47.639Z] GET /api/event-organized/approved?UserId=3","service":"eduvault-backend","timestamp":"2026-03-24 11:22:47"}
{"level":"info","message":"[2026-03-24T05:52:47.642Z] GET /api/fetch-scholarships?UserId=3","service":"eduvault-backend","timestamp":"2026-03-24 11:22:47"}
{"level":"info","message":"[2026-03-24T05:52:47.655Z] GET /api/event-organized/pending?UserId=3","service":"eduvault-backend","timestamp":"2026-03-24 11:22:47"}
{"level":"info","message":"[2026-03-24T05:52:47.657Z] GET /api/pending-leaves?Userid=3","service":"eduvault-backend","timestamp":"2026-03-24 11:22:47"}
{"level":"info","message":"[2026-03-24T05:52:47.667Z] GET /api/fetch-leaves?Userid=3","service":"eduvault-backend","timestamp":"2026-03-24 11:22:47"}
{"level":"info","message":"[2026-03-24T05:52:47.672Z] GET /api/user-achievements/3","service":"eduvault-backend","timestamp":"2026-03-24 11:22:47"}
{"level":"info","message":"[2026-03-24T05:52:47.681Z] GET /api/hackathon/my-events","service":"eduvault-backend","timestamp":"2026-03-24 11:22:47"}
{"level":"info","message":"[2026-03-24T05:52:47.683Z] GET /api/publications/my-publications?UserId=3","service":"eduvault-backend","timestamp":"2026-03-24 11:22:47"}
{"level":"info","message":"[2026-03-24T05:52:47.692Z] GET /api/competency-coding/my-record?UserId=3","service":"eduvault-backend","timestamp":"2026-03-24 11:22:47"}
{"level":"info","message":"[2026-03-24T05:52:47.706Z] GET /api/competency-coding/skillrack/summary?UserId=3","service":"eduvault-backend","timestamp":"2026-03-24 11:22:47"}
{"level":"info","message":"[2026-03-24T05:52:47.717Z] GET /api/competency-coding/platform/all?UserId=3","service":"eduvault-backend","timestamp":"2026-03-24 11:22:47"}
{"level":"info","message":"[2026-03-24T05:52:47.719Z] GET /api/noncgpa/dropdown/categories","service":"eduvault-backend","timestamp":"2026-03-24 11:22:47"}
{"level":"info","message":"[2026-03-24T05:52:47.728Z] GET /api/noncgpa/dropdown/course-names","service":"eduvault-backend","timestamp":"2026-03-24 11:22:47"}
{"level":"info","message":"[2026-03-24T05:52:47.732Z] GET /api/competency-coding/analytics?UserId=3","service":"eduvault-backend","timestamp":"2026-03-24 11:22:47"}
{"level":"info","message":"[2026-03-24T05:52:47.740Z] GET /api/extracurricular/my-activities?UserId=3","service":"eduvault-backend","timestamp":"2026-03-24 11:22:47"}
{"level":"info","message":"[2026-03-24T05:52:47.753Z] GET /api/projects/my-projects?UserId=3","service":"eduvault-backend","timestamp":"2026-03-24 11:22:47"}
{"level":"info","message":"[2026-03-24T05:52:47.756Z] GET /api/noncgpa/dropdown/course-codes","service":"eduvault-backend","timestamp":"2026-03-24 11:22:47"}
{"level":"info","message":"[2026-03-24T05:52:47.766Z] GET /api/noncgpa/my-records?UserId=3","service":"eduvault-backend","timestamp":"2026-03-24 11:22:47"}
{"level":"info","message":"[2026-03-24T05:52:47.768Z] GET /api/skillrack/my-record?UserId=3","service":"eduvault-backend","timestamp":"2026-03-24 11:22:47"}
{"level":"info","message":"[2026-03-24T05:52:47.776Z] GET /api/skillrack/my-stats?UserId=3","service":"eduvault-backend","timestamp":"2026-03-24 11:22:47"}
{"level":"info","message":"[2026-03-24T05:52:47.788Z] GET /api/student-certificate/list","service":"eduvault-backend","timestamp":"2026-03-24 11:22:47"}
{"level":"info","message":"[2026-03-24T05:52:47.790Z] GET /api/biodata/3","service":"eduvault-backend","timestamp":"2026-03-24 11:22:47"}
{"level":"info","message":"[2026-03-24T05:52:47.798Z] GET /api/user-courses/3","service":"eduvault-backend","timestamp":"2026-03-24 11:22:47"}
{"level":"info","message":"[2026-03-24T05:52:47.803Z] GET /api/approved-internships/3","service":"eduvault-backend","timestamp":"2026-03-24 11:22:47"}
{"level":"info","message":"[2026-03-24T05:52:47.819Z] GET /api/fetch-leaves/3","service":"eduvault-backend","timestamp":"2026-03-24 11:22:47"}
{"level":"info","message":"[2026-03-24T05:52:47.827Z] GET /api/approved-events-organized/3","service":"eduvault-backend","timestamp":"2026-03-24 11:22:47"}
{"level":"info","message":"[2026-03-24T05:52:47.836Z] GET /api/approved-events/3","service":"eduvault-backend","timestamp":"2026-03-24 11:22:47"}
{"level":"info","message":"[2026-03-24T05:52:47.852Z] GET /api/fetch-scholarships/3","service":"eduvault-backend","timestamp":"2026-03-24 11:22:47"}
{"level":"info","message":"[2026-03-24T05:52:47.854Z] GET /api/staffs","service":"eduvault-backend","timestamp":"2026-03-24 11:22:47"}
{"level":"info","message":"[2026-03-24T05:52:47.855Z] GET /api/students","service":"eduvault-backend","timestamp":"2026-03-24 11:22:47"}
{"level":"info","message":"[2026-03-24T05:52:47.864Z] GET /api/get-staff?role=Staff","service":"eduvault-backend","timestamp":"2026-03-24 11:22:47"}
{"level":"info","message":"[2026-03-24T05:52:47.873Z] GET /api/department-counts","service":"eduvault-backend","timestamp":"2026-03-24 11:22:47"}
{"level":"info","message":"[2026-03-24T05:52:47.874Z] GET /api/departments","service":"eduvault-backend","timestamp":"2026-03-24 11:22:47"}
{"level":"info","message":"[2026-03-24T05:52:47.890Z] GET /api/students","service":"eduvault-backend","timestamp":"2026-03-24 11:22:47"}
{"level":"info","message":"[2026-03-24T05:52:47.894Z] GET /api/departments","service":"eduvault-backend","timestamp":"2026-03-24 11:22:47"}
{"level":"info","message":"[2026-03-24T05:52:47.897Z] GET /api/department-counts","service":"eduvault-backend","timestamp":"2026-03-24 11:22:47"}
{"level":"info","message":"[2026-03-24T05:52:47.899Z] GET /api/get-staff?role=Staff","service":"eduvault-backend","timestamp":"2026-03-24 11:22:47"}
{"level":"info","message":"[2026-03-24T05:52:47.902Z] GET /api/staffs","service":"eduvault-backend","timestamp":"2026-03-24 11:22:47"}
{"level":"info","message":"[2026-03-24T05:52:47.931Z] GET /uploads/default.jpg","service":"eduvault-backend","timestamp":"2026-03-24 11:22:47"}
{"level":"info","message":"[2026-03-24T05:52:47.951Z] GET /api/staffs","service":"eduvault-backend","timestamp":"2026-03-24 11:22:47"}
{"level":"info","message":"[2026-03-24T05:52:47.966Z] GET /api/biodata/3","service":"eduvault-backend","timestamp":"2026-03-24 11:22:47"}
{"level":"info","message":"[2026-03-24T05:52:47.971Z] GET /api/user-courses/3","service":"eduvault-backend","timestamp":"2026-03-24 11:22:47"}
{"level":"info","message":"[2026-03-24T05:52:47.973Z] GET /api/approved-internships/3","service":"eduvault-backend","timestamp":"2026-03-24 11:22:47"}
{"level":"info","message":"[2026-03-24T05:52:47.975Z] GET /api/approved-events-organized/3","service":"eduvault-backend","timestamp":"2026-03-24 11:22:47"}
{"level":"info","message":"[2026-03-24T05:52:47.977Z] GET /api/approved-events/3","service":"eduvault-backend","timestamp":"2026-03-24 11:22:47"}
{"level":"info","message":"[2026-03-24T05:52:47.979Z] GET /api/fetch-scholarships/3","service":"eduvault-backend","timestamp":"2026-03-24 11:22:47"}
{"level":"info","message":"[2026-03-24T05:52:48.039Z] GET /api/fetch-leaves/3","service":"eduvault-backend","timestamp":"2026-03-24 11:22:48"}
{"level":"info","message":"[2026-03-24T05:52:48.041Z] GET /api/skillrack/my-stats?UserId=3","service":"eduvault-backend","timestamp":"2026-03-24 11:22:48"}
{"level":"info","message":"[2026-03-24T05:52:48.043Z] GET /api/noncgpa/my-records","service":"eduvault-backend","timestamp":"2026-03-24 11:22:48"}
{"level":"info","message":"[2026-03-24T05:52:48.046Z] GET /api/user-courses/3","service":"eduvault-backend","timestamp":"2026-03-24 11:22:48"}
{"level":"info","message":"[2026-03-24T05:52:48.048Z] GET /api/approved-internships/3","service":"eduvault-backend","timestamp":"2026-03-24 11:22:48"}
{"level":"info","message":"[2026-03-24T05:52:48.057Z] GET /api/approved-events-organized/3","service":"eduvault-backend","timestamp":"2026-03-24 11:22:48"}
{"level":"info","message":"[2026-03-24T05:52:48.098Z] GET /api/approved-events/3","service":"eduvault-backend","timestamp":"2026-03-24 11:22:48"}
{"level":"info","message":"[2026-03-24T05:52:48.100Z] GET /api/fetch-scholarships/3","service":"eduvault-backend","timestamp":"2026-03-24 11:22:48"}
{"level":"info","message":"[2026-03-24T05:52:48.102Z] GET /api/biodata/3","service":"eduvault-backend","timestamp":"2026-03-24 11:22:48"}
{"level":"info","message":"[2026-03-24T05:52:48.104Z] GET /api/fetch-leaves/3","service":"eduvault-backend","timestamp":"2026-03-24 11:22:48"}
{"level":"info","message":"[2026-03-24T05:52:48.105Z] GET /api/skillrack/my-stats?UserId=3","service":"eduvault-backend","timestamp":"2026-03-24 11:22:48"}
{"level":"info","message":"[2026-03-24T05:52:48.127Z] GET /api/noncgpa/my-records","service":"eduvault-backend","timestamp":"2026-03-24 11:22:48"}
{"level":"info","message":"[2026-03-24T05:52:52.276Z] GET /api/student","service":"eduvault-backend","timestamp":"2026-03-24 11:22:52"}
{"level":"info","message":"[2026-03-24T05:52:52.313Z] GET /api/student","service":"eduvault-backend","timestamp":"2026-03-24 11:22:52"}
{"level":"info","message":"[2026-03-24T05:52:59.631Z] GET /api/student-education/my-record?UserId=3","service":"eduvault-backend","timestamp":"2026-03-24 11:22:59"}
{"level":"info","message":"[2026-03-24T05:52:59.636Z] GET /api/student-education/averages?UserId=3","service":"eduvault-backend","timestamp":"2026-03-24 11:22:59"}
{"level":"info","message":"[2026-03-24T05:52:59.648Z] GET /api/student-education/my-record?UserId=3","service":"eduvault-backend","timestamp":"2026-03-24 11:22:59"}
{"level":"info","message":"[2026-03-24T05:52:59.652Z] GET /api/student-education/averages?UserId=3","service":"eduvault-backend","timestamp":"2026-03-24 11:22:59"}
{"level":"info","message":"[2026-03-24T05:53:02.464Z] GET /api/event-attended/list?UserId=3","service":"eduvault-backend","timestamp":"2026-03-24 11:23:02"}
{"level":"info","message":"[2026-03-24T05:53:02.474Z] GET /api/event-attended/list?UserId=3","service":"eduvault-backend","timestamp":"2026-03-24 11:23:02"}
{"level":"info","message":"[2026-03-24T05:53:11.050Z] POST /api/student-certificate/upload","service":"eduvault-backend","timestamp":"2026-03-24 11:23:11"}
{"level":"info","message":"[2026-03-24T05:55:55.255Z] GET /api/departments","service":"eduvault-backend","timestamp":"2026-03-24 11:25:55"}
{"level":"info","message":"[2026-03-24T05:55:55.287Z] GET /api/get-staff?role=Staff","service":"eduvault-backend","timestamp":"2026-03-24 11:25:55"}
{"level":"info","message":"[2026-03-24T05:55:55.292Z] GET /api/states","service":"eduvault-backend","timestamp":"2026-03-24 11:25:55"}
{"level":"info","message":"[2026-03-24T05:55:55.295Z] GET /api/auth/me","service":"eduvault-backend","timestamp":"2026-03-24 11:25:55"}
{"level":"info","message":"[2026-03-24T05:55:55.324Z] GET /api/departments","service":"eduvault-backend","timestamp":"2026-03-24 11:25:55"}
{"level":"info","message":"[2026-03-24T05:55:55.342Z] GET /api/get-staff?role=Staff","service":"eduvault-backend","timestamp":"2026-03-24 11:25:55"}
{"level":"info","message":"[2026-03-24T05:55:55.356Z] GET /api/states","service":"eduvault-backend","timestamp":"2026-03-24 11:25:55"}
{"level":"info","message":"[2026-03-24T05:55:55.361Z] GET /api/auth/me","service":"eduvault-backend","timestamp":"2026-03-24 11:25:55"}
{"level":"info","message":"[2026-03-24T05:55:55.368Z] GET /api/get-user/3","service":"eduvault-backend","timestamp":"2026-03-24 11:25:55"}
{"level":"info","message":"[2026-03-24T05:55:55.409Z] GET /api/get-user/3","service":"eduvault-backend","timestamp":"2026-03-24 11:25:55"}
{"level":"info","message":"[2026-03-24T05:55:55.434Z] GET /api/students","service":"eduvault-backend","timestamp":"2026-03-24 11:25:55"}
{"level":"info","message":"[2026-03-24T05:55:55.439Z] GET /api/get-staff?role=Staff","service":"eduvault-backend","timestamp":"2026-03-24 11:25:55"}
{"level":"info","message":"[2026-03-24T05:55:55.443Z] GET /api/department-counts","service":"eduvault-backend","timestamp":"2026-03-24 11:25:55"}
{"level":"info","message":"[2026-03-24T05:55:55.445Z] GET /api/departments","service":"eduvault-backend","timestamp":"2026-03-24 11:25:55"}
{"level":"info","message":"[2026-03-24T05:55:55.479Z] GET /api/pending-internships","service":"eduvault-backend","timestamp":"2026-03-24 11:25:55"}
{"level":"info","message":"[2026-03-24T05:55:55.482Z] GET /api/pending-scholarships","service":"eduvault-backend","timestamp":"2026-03-24 11:25:55"}
{"level":"info","message":"[2026-03-24T05:55:55.506Z] GET /api/event-organized/pending","service":"eduvault-backend","timestamp":"2026-03-24 11:25:55"}
{"level":"info","message":"[2026-03-24T05:55:55.507Z] GET /api/event-attended/pending","service":"eduvault-backend","timestamp":"2026-03-24 11:25:55"}
{"level":"info","message":"[2026-03-24T05:55:55.509Z] GET /api/all/pending-leaves","service":"eduvault-backend","timestamp":"2026-03-24 11:25:55"}
{"level":"info","message":"[2026-03-24T05:55:55.518Z] GET /api/online-courses/pending","service":"eduvault-backend","timestamp":"2026-03-24 11:25:55"}
{"level":"info","message":"[2026-03-24T05:55:55.521Z] GET /api/pending-achievements","service":"eduvault-backend","timestamp":"2026-03-24 11:25:55"}
{"level":"info","message":"[2026-03-24T05:55:55.527Z] GET /api/publications/pending","service":"eduvault-backend","timestamp":"2026-03-24 11:25:55"}
{"level":"info","message":"[2026-03-24T05:55:55.530Z] GET /api/competency-coding/pending","service":"eduvault-backend","timestamp":"2026-03-24 11:25:55"}
{"level":"info","message":"[2026-03-24T05:55:55.541Z] GET /api/noncgpa/pending","service":"eduvault-backend","timestamp":"2026-03-24 11:25:55"}
{"level":"info","message":"[2026-03-24T05:55:55.544Z] GET /api/projects/pending","service":"eduvault-backend","timestamp":"2026-03-24 11:25:55"}
{"level":"info","message":"[2026-03-24T05:55:55.552Z] GET /api/hackathon/pending","service":"eduvault-backend","timestamp":"2026-03-24 11:25:55"}
{"level":"info","message":"[2026-03-24T05:55:55.574Z] GET /api/extracurricular/pending","service":"eduvault-backend","timestamp":"2026-03-24 11:25:55"}
{"level":"info","message":"[2026-03-24T05:55:55.587Z] GET /api/fetch-internships?UserId=3","service":"eduvault-backend","timestamp":"2026-03-24 11:25:55"}
{"level":"info","message":"[2026-03-24T05:55:55.594Z] GET /api/pending-internships?userID=3","service":"eduvault-backend","timestamp":"2026-03-24 11:25:55"}
{"level":"info","message":"[2026-03-24T05:55:55.595Z] GET /api/event-attended/list?UserId=3","service":"eduvault-backend","timestamp":"2026-03-24 11:25:55"}
{"level":"info","message":"[2026-03-24T05:55:55.615Z] GET /api/fetch-scholarships?UserId=3","service":"eduvault-backend","timestamp":"2026-03-24 11:25:55"}
{"level":"info","message":"[2026-03-24T05:55:55.628Z] GET /api/event-organized/approved?UserId=3","service":"eduvault-backend","timestamp":"2026-03-24 11:25:55"}
{"level":"info","message":"[2026-03-24T05:55:55.632Z] GET /api/event-organized/pending?UserId=3","service":"eduvault-backend","timestamp":"2026-03-24 11:25:55"}
{"level":"info","message":"[2026-03-24T05:55:55.635Z] GET /api/pending-leaves?Userid=3","service":"eduvault-backend","timestamp":"2026-03-24 11:25:55"}
{"level":"info","message":"[2026-03-24T05:55:55.647Z] GET /api/fetch-leaves?Userid=3","service":"eduvault-backend","timestamp":"2026-03-24 11:25:55"}
{"level":"info","message":"[2026-03-24T05:55:55.654Z] GET /api/user-achievements/3","service":"eduvault-backend","timestamp":"2026-03-24 11:25:55"}
{"level":"info","message":"[2026-03-24T05:55:55.690Z] GET /api/hackathon/my-events","service":"eduvault-backend","timestamp":"2026-03-24 11:25:55"}
{"level":"info","message":"[2026-03-24T05:55:55.692Z] GET /api/publications/my-publications?UserId=3","service":"eduvault-backend","timestamp":"2026-03-24 11:25:55"}
{"level":"info","message":"[2026-03-24T05:55:55.694Z] GET /api/competency-coding/my-record?UserId=3","service":"eduvault-backend","timestamp":"2026-03-24 11:25:55"}
{"level":"info","message":"[2026-03-24T05:55:55.703Z] GET /api/competency-coding/skillrack/summary?UserId=3","service":"eduvault-backend","timestamp":"2026-03-24 11:25:55"}
{"level":"info","message":"[2026-03-24T05:55:55.712Z] GET /api/competency-coding/platform/all?UserId=3","service":"eduvault-backend","timestamp":"2026-03-24 11:25:55"}
{"level":"info","message":"[2026-03-24T05:55:55.714Z] GET /api/competency-coding/analytics?UserId=3","service":"eduvault-backend","timestamp":"2026-03-24 11:25:55"}
{"level":"info","message":"[2026-03-24T05:55:55.726Z] GET /api/projects/my-projects?UserId=3","service":"eduvault-backend","timestamp":"2026-03-24 11:25:55"}
{"level":"info","message":"[2026-03-24T05:55:55.735Z] GET /api/extracurricular/my-activities?UserId=3","service":"eduvault-backend","timestamp":"2026-03-24 11:25:55"}
{"level":"info","message":"[2026-03-24T05:55:55.737Z] GET /api/noncgpa/dropdown/categories","service":"eduvault-backend","timestamp":"2026-03-24 11:25:55"}
{"level":"info","message":"[2026-03-24T05:55:55.746Z] GET /api/noncgpa/dropdown/course-names","service":"eduvault-backend","timestamp":"2026-03-24 11:25:55"}
{"level":"info","message":"[2026-03-24T05:55:55.749Z] GET /api/noncgpa/dropdown/course-codes","service":"eduvault-backend","timestamp":"2026-03-24 11:25:55"}
{"level":"info","message":"[2026-03-24T05:55:55.760Z] GET /api/noncgpa/my-records?UserId=3","service":"eduvault-backend","timestamp":"2026-03-24 11:25:55"}
{"level":"info","message":"[2026-03-24T05:55:55.771Z] GET /api/skillrack/my-record?UserId=3","service":"eduvault-backend","timestamp":"2026-03-24 11:25:55"}
{"level":"info","message":"[2026-03-24T05:55:55.774Z] GET /api/skillrack/my-stats?UserId=3","service":"eduvault-backend","timestamp":"2026-03-24 11:25:55"}
{"level":"info","message":"[2026-03-24T05:55:55.786Z] GET /api/student-certificate/list","service":"eduvault-backend","timestamp":"2026-03-24 11:25:55"}
{"level":"info","message":"[2026-03-24T05:55:55.789Z] GET /api/biodata/3","service":"eduvault-backend","timestamp":"2026-03-24 11:25:55"}
{"level":"info","message":"[2026-03-24T05:55:55.801Z] GET /api/user-courses/3","service":"eduvault-backend","timestamp":"2026-03-24 11:25:55"}
{"level":"info","message":"[2026-03-24T05:55:55.820Z] GET /api/approved-internships/3","service":"eduvault-backend","timestamp":"2026-03-24 11:25:55"}
{"level":"info","message":"[2026-03-24T05:55:55.822Z] GET /api/approved-events-organized/3","service":"eduvault-backend","timestamp":"2026-03-24 11:25:55"}
{"level":"info","message":"[2026-03-24T05:55:55.841Z] GET /api/approved-events/3","service":"eduvault-backend","timestamp":"2026-03-24 11:25:55"}
{"level":"info","message":"[2026-03-24T05:55:55.843Z] GET /api/fetch-scholarships/3","service":"eduvault-backend","timestamp":"2026-03-24 11:25:55"}
{"level":"info","message":"[2026-03-24T05:55:55.866Z] GET /api/fetch-leaves/3","service":"eduvault-backend","timestamp":"2026-03-24 11:25:55"}
{"level":"info","message":"[2026-03-24T05:55:55.869Z] GET /api/staffs","service":"eduvault-backend","timestamp":"2026-03-24 11:25:55"}
{"level":"info","message":"[2026-03-24T05:55:55.870Z] GET /api/students","service":"eduvault-backend","timestamp":"2026-03-24 11:25:55"}
{"level":"info","message":"[2026-03-24T05:55:55.877Z] GET /api/get-staff?role=Staff","service":"eduvault-backend","timestamp":"2026-03-24 11:25:55"}
{"level":"info","message":"[2026-03-24T05:55:55.888Z] GET /api/department-counts","service":"eduvault-backend","timestamp":"2026-03-24 11:25:55"}
{"level":"info","message":"[2026-03-24T05:55:55.890Z] GET /api/user-courses/3","service":"eduvault-backend","timestamp":"2026-03-24 11:25:55"}
{"level":"info","message":"[2026-03-24T05:55:55.901Z] GET /api/biodata/3","service":"eduvault-backend","timestamp":"2026-03-24 11:25:55"}
{"level":"info","message":"[2026-03-24T05:55:55.915Z] GET /api/approved-internships/3","service":"eduvault-backend","timestamp":"2026-03-24 11:25:55"}
{"level":"info","message":"[2026-03-24T05:55:55.917Z] GET /api/approved-events-organized/3","service":"eduvault-backend","timestamp":"2026-03-24 11:25:55"}
{"level":"info","message":"[2026-03-24T05:55:55.919Z] GET /api/approved-events/3","service":"eduvault-backend","timestamp":"2026-03-24 11:25:55"}
{"level":"info","message":"[2026-03-24T05:55:55.933Z] GET /api/fetch-scholarships/3","service":"eduvault-backend","timestamp":"2026-03-24 11:25:55"}
{"level":"info","message":"[2026-03-24T05:55:55.946Z] GET /api/fetch-leaves/3","service":"eduvault-backend","timestamp":"2026-03-24 11:25:55"}
{"level":"info","message":"[2026-03-24T05:55:55.960Z] GET /api/students","service":"eduvault-backend","timestamp":"2026-03-24 11:25:55"}
{"level":"info","message":"[2026-03-24T05:55:55.963Z] GET /api/department-counts","service":"eduvault-backend","timestamp":"2026-03-24 11:25:55"}
{"level":"info","message":"[2026-03-24T05:55:55.969Z] GET /api/get-staff?role=Staff","service":"eduvault-backend","timestamp":"2026-03-24 11:25:55"}
{"level":"info","message":"[2026-03-24T05:55:55.972Z] GET /api/departments","service":"eduvault-backend","timestamp":"2026-03-24 11:25:55"}
{"level":"info","message":"[2026-03-24T05:55:55.988Z] GET /api/department-counts","service":"eduvault-backend","timestamp":"2026-03-24 11:25:55"}
{"level":"info","message":"[2026-03-24T05:55:55.990Z] GET /api/departments","service":"eduvault-backend","timestamp":"2026-03-24 11:25:55"}
{"level":"info","message":"[2026-03-24T05:55:55.994Z] GET /api/students","service":"eduvault-backend","timestamp":"2026-03-24 11:25:55"}
{"level":"info","message":"[2026-03-24T05:55:55.997Z] GET /api/staffs","service":"eduvault-backend","timestamp":"2026-03-24 11:25:55"}
{"level":"info","message":"[2026-03-24T05:55:56.006Z] GET /api/get-staff?role=Staff","service":"eduvault-backend","timestamp":"2026-03-24 11:25:56"}
{"level":"info","message":"[2026-03-24T05:55:56.013Z] GET /api/department-counts","service":"eduvault-backend","timestamp":"2026-03-24 11:25:56"}
{"level":"info","message":"[2026-03-24T05:55:56.023Z] GET /api/students","service":"eduvault-backend","timestamp":"2026-03-24 11:25:56"}
{"level":"info","message":"[2026-03-24T05:55:56.032Z] GET /api/department-counts","service":"eduvault-backend","timestamp":"2026-03-24 11:25:56"}
{"level":"info","message":"[2026-03-24T05:55:56.036Z] GET /api/get-staff?role=Staff","service":"eduvault-backend","timestamp":"2026-03-24 11:25:56"}
{"level":"info","message":"[2026-03-24T05:55:56.038Z] GET /api/staffs","service":"eduvault-backend","timestamp":"2026-03-24 11:25:56"}
{"level":"info","message":"[2026-03-24T05:55:56.047Z] GET /api/students","service":"eduvault-backend","timestamp":"2026-03-24 11:25:56"}
{"level":"info","message":"[2026-03-24T05:55:56.058Z] GET /api/get-staff?role=Staff","service":"eduvault-backend","timestamp":"2026-03-24 11:25:56"}
{"level":"info","message":"[2026-03-24T05:55:56.102Z] GET /uploads/default.jpg","service":"eduvault-backend","timestamp":"2026-03-24 11:25:56"}
{"level":"info","message":"[2026-03-24T05:56:03.205Z] GET /api/online-courses/pending","service":"eduvault-backend","timestamp":"2026-03-24 11:26:03"}
{"level":"info","message":"[2026-03-24T05:56:03.207Z] GET /api/online-courses","service":"eduvault-backend","timestamp":"2026-03-24 11:26:03"}
{"level":"info","message":"[2026-03-24T05:56:03.229Z] GET /api/online-courses/pending","service":"eduvault-backend","timestamp":"2026-03-24 11:26:03"}
{"level":"info","message":"[2026-03-24T05:56:03.235Z] GET /api/online-courses","service":"eduvault-backend","timestamp":"2026-03-24 11:26:03"}
{"level":"info","message":"[2026-03-24T05:56:14.210Z] POST /api/online-courses","service":"eduvault-backend","timestamp":"2026-03-24 11:26:14"}
{"level":"info","message":"[2026-03-24T05:56:19.586Z] GET /api/online-courses","service":"eduvault-backend","timestamp":"2026-03-24 11:26:19"}
{"level":"info","message":"[2026-03-24T05:56:19.604Z] GET /api/online-courses/pending","service":"eduvault-backend","timestamp":"2026-03-24 11:26:19"}
{"level":"info","message":"[2026-03-24T05:56:49.342Z] POST /api/add-leave","service":"eduvault-backend","timestamp":"2026-03-24 11:26:49"}
{"level":"info","message":"[2026-03-24T05:56:53.705Z] GET /api/pending-leaves?Userid=3","service":"eduvault-backend","timestamp":"2026-03-24 11:26:53"}
{"level":"info","message":"[2026-03-24T05:56:58.046Z] GET /api/skillrack/my-record?UserId=3","service":"eduvault-backend","timestamp":"2026-03-24 11:26:58"}
{"level":"info","message":"[2026-03-24T05:56:58.057Z] GET /api/skillrack/my-stats?UserId=3","service":"eduvault-backend","timestamp":"2026-03-24 11:26:58"}
{"level":"info","message":"[2026-03-24T05:56:58.172Z] GET /api/skillrack/my-record?UserId=3","service":"eduvault-backend","timestamp":"2026-03-24 11:26:58"}
{"level":"info","message":"[2026-03-24T05:56:58.186Z] GET /api/skillrack/my-stats?UserId=3","service":"eduvault-backend","timestamp":"2026-03-24 11:26:58"}
{"level":"info","message":"[2026-03-24T05:57:00.390Z] GET /api/noncgpa/dropdown/categories","service":"eduvault-backend","timestamp":"2026-03-24 11:27:00"}
{"level":"info","message":"[2026-03-24T05:57:00.394Z] GET /api/noncgpa/my-records?UserId=3","service":"eduvault-backend","timestamp":"2026-03-24 11:27:00"}
{"level":"info","message":"[2026-03-24T05:57:00.405Z] GET /api/noncgpa/dropdown/categories","service":"eduvault-backend","timestamp":"2026-03-24 11:27:00"}
{"level":"info","message":"[2026-03-24T05:57:00.412Z] GET /api/noncgpa/my-records?UserId=3","service":"eduvault-backend","timestamp":"2026-03-24 11:27:00"}
{"level":"info","message":"[2026-03-24T05:57:16.909Z] POST /api/add-internships","service":"eduvault-backend","timestamp":"2026-03-24 11:27:16"}
{"level":"info","message":"[2026-03-24T05:57:22.913Z] GET /api/fetch-internships?UserId=3","service":"eduvault-backend","timestamp":"2026-03-24 11:27:22"}
{"level":"info","message":"[2026-03-24T05:57:22.925Z] GET /api/pending-internships?userID=3","service":"eduvault-backend","timestamp":"2026-03-24 11:27:22"}
{"level":"info","message":"[2026-03-24T05:57:28.467Z] POST /api/auth/logout","service":"eduvault-backend","timestamp":"2026-03-24 11:27:28"}
{"level":"info","message":"[2026-03-24T05:57:36.070Z] GET /api/departments","service":"eduvault-backend","timestamp":"2026-03-24 11:27:36"}
{"level":"info","message":"[2026-03-24T05:57:36.079Z] GET /api/get-staff?role=Staff","service":"eduvault-backend","timestamp":"2026-03-24 11:27:36"}
{"level":"info","message":"[2026-03-24T05:57:36.095Z] GET /api/states","service":"eduvault-backend","timestamp":"2026-03-24 11:27:36"}
{"level":"info","message":"[2026-03-24T05:57:36.120Z] GET /api/departments","service":"eduvault-backend","timestamp":"2026-03-24 11:27:36"}
{"level":"info","message":"[2026-03-24T05:57:36.131Z] GET /api/states","service":"eduvault-backend","timestamp":"2026-03-24 11:27:36"}
{"level":"info","message":"[2026-03-24T05:57:36.137Z] GET /api/get-staff?role=Staff","service":"eduvault-backend","timestamp":"2026-03-24 11:27:36"}
{"level":"info","message":"[2026-03-24T05:57:44.834Z] POST /api/auth/login","service":"eduvault-backend","timestamp":"2026-03-24 11:27:44"}
{"level":"info","message":"[2026-03-24T05:57:44.956Z] GET /api/auth/me","service":"eduvault-backend","timestamp":"2026-03-24 11:27:44"}
{"level":"info","message":"[2026-03-24T05:57:44.965Z] GET /api/get-user/2","service":"eduvault-backend","timestamp":"2026-03-24 11:27:44"}
{"level":"info","message":"[2026-03-24T05:57:45.003Z] GET /api/departments","service":"eduvault-backend","timestamp":"2026-03-24 11:27:45"}
{"level":"info","message":"[2026-03-24T05:57:45.006Z] GET /api/students","service":"eduvault-backend","timestamp":"2026-03-24 11:27:45"}
{"level":"info","message":"[2026-03-24T05:57:45.010Z] GET /api/get-staff?role=Staff","service":"eduvault-backend","timestamp":"2026-03-24 11:27:45"}
{"level":"info","message":"[2026-03-24T05:57:45.012Z] GET /api/department-counts","service":"eduvault-backend","timestamp":"2026-03-24 11:27:45"}
{"level":"info","message":"[2026-03-24T05:57:45.027Z] GET /api/event-organized/pending","service":"eduvault-backend","timestamp":"2026-03-24 11:27:45"}
{"level":"info","message":"[2026-03-24T05:57:45.030Z] GET /api/pending-internships","service":"eduvault-backend","timestamp":"2026-03-24 11:27:45"}
{"level":"info","message":"[2026-03-24T05:57:45.033Z] GET /api/pending-scholarships","service":"eduvault-backend","timestamp":"2026-03-24 11:27:45"}
{"level":"info","message":"[2026-03-24T05:57:45.057Z] GET /api/event-attended/pending","service":"eduvault-backend","timestamp":"2026-03-24 11:27:45"}
{"level":"info","message":"[2026-03-24T05:57:45.060Z] GET /api/all/pending-leaves","service":"eduvault-backend","timestamp":"2026-03-24 11:27:45"}
{"level":"info","message":"[2026-03-24T05:57:45.061Z] GET /api/online-courses/pending","service":"eduvault-backend","timestamp":"2026-03-24 11:27:45"}
{"level":"info","message":"[2026-03-24T05:57:45.067Z] GET /api/pending-achievements","service":"eduvault-backend","timestamp":"2026-03-24 11:27:45"}
{"level":"info","message":"[2026-03-24T05:57:45.069Z] GET /api/publications/pending","service":"eduvault-backend","timestamp":"2026-03-24 11:27:45"}
{"level":"info","message":"[2026-03-24T05:57:45.072Z] GET /api/competency-coding/pending","service":"eduvault-backend","timestamp":"2026-03-24 11:27:45"}
{"level":"info","message":"[2026-03-24T05:57:45.073Z] GET /api/noncgpa/pending","service":"eduvault-backend","timestamp":"2026-03-24 11:27:45"}
{"level":"info","message":"[2026-03-24T05:57:45.074Z] GET /api/projects/pending","service":"eduvault-backend","timestamp":"2026-03-24 11:27:45"}
{"level":"info","message":"[2026-03-24T05:57:45.087Z] GET /api/hackathon/pending","service":"eduvault-backend","timestamp":"2026-03-24 11:27:45"}
{"level":"info","message":"[2026-03-24T05:57:45.110Z] GET /api/extracurricular/pending","service":"eduvault-backend","timestamp":"2026-03-24 11:27:45"}
{"level":"info","message":"[2026-03-24T05:57:45.112Z] GET /api/fetch-internships?UserId=2","service":"eduvault-backend","timestamp":"2026-03-24 11:27:45"}
{"level":"info","message":"[2026-03-24T05:57:45.117Z] GET /api/pending-internships?userID=2","service":"eduvault-backend","timestamp":"2026-03-24 11:27:45"}
{"level":"info","message":"[2026-03-24T05:57:45.120Z] GET /api/event-attended/list?UserId=2","service":"eduvault-backend","timestamp":"2026-03-24 11:27:45"}
{"level":"info","message":"[2026-03-24T05:57:45.130Z] GET /api/fetch-scholarships?UserId=2","service":"eduvault-backend","timestamp":"2026-03-24 11:27:45"}
{"level":"info","message":"[2026-03-24T05:57:45.139Z] GET /api/event-organized/approved?UserId=2","service":"eduvault-backend","timestamp":"2026-03-24 11:27:45"}
{"level":"info","message":"[2026-03-24T05:57:45.142Z] GET /api/event-organized/pending?UserId=2","service":"eduvault-backend","timestamp":"2026-03-24 11:27:45"}
{"level":"info","message":"[2026-03-24T05:57:45.154Z] GET /api/pending-leaves?Userid=2","service":"eduvault-backend","timestamp":"2026-03-24 11:27:45"}
{"level":"info","message":"[2026-03-24T05:57:45.156Z] GET /api/fetch-leaves?Userid=2","service":"eduvault-backend","timestamp":"2026-03-24 11:27:45"}
{"level":"info","message":"[2026-03-24T05:57:45.162Z] GET /api/user-achievements/2","service":"eduvault-backend","timestamp":"2026-03-24 11:27:45"}
{"level":"info","message":"[2026-03-24T05:57:45.167Z] GET /api/hackathon/my-events","service":"eduvault-backend","timestamp":"2026-03-24 11:27:45"}
{"level":"info","message":"[2026-03-24T05:57:45.185Z] GET /api/publications/my-publications?UserId=2","service":"eduvault-backend","timestamp":"2026-03-24 11:27:45"}
{"level":"info","message":"[2026-03-24T05:57:45.187Z] GET /api/competency-coding/my-record?UserId=2","service":"eduvault-backend","timestamp":"2026-03-24 11:27:45"}
{"level":"info","message":"[2026-03-24T05:57:45.201Z] GET /api/competency-coding/skillrack/summary?UserId=2","service":"eduvault-backend","timestamp":"2026-03-24 11:27:45"}
{"level":"info","message":"[2026-03-24T05:57:45.216Z] GET /api/competency-coding/platform/all?UserId=2","service":"eduvault-backend","timestamp":"2026-03-24 11:27:45"}
{"level":"info","message":"[2026-03-24T05:57:45.218Z] GET /api/competency-coding/analytics?UserId=2","service":"eduvault-backend","timestamp":"2026-03-24 11:27:45"}
{"level":"info","message":"[2026-03-24T05:57:45.228Z] GET /api/projects/my-projects?UserId=2","service":"eduvault-backend","timestamp":"2026-03-24 11:27:45"}
{"level":"info","message":"[2026-03-24T05:57:45.241Z] GET /api/extracurricular/my-activities?UserId=2","service":"eduvault-backend","timestamp":"2026-03-24 11:27:45"}
{"level":"info","message":"[2026-03-24T05:57:45.243Z] GET /api/noncgpa/dropdown/categories","service":"eduvault-backend","timestamp":"2026-03-24 11:27:45"}
{"level":"info","message":"[2026-03-24T05:57:45.253Z] GET /api/noncgpa/dropdown/course-names","service":"eduvault-backend","timestamp":"2026-03-24 11:27:45"}
{"level":"info","message":"[2026-03-24T05:57:45.255Z] GET /api/noncgpa/dropdown/course-codes","service":"eduvault-backend","timestamp":"2026-03-24 11:27:45"}
{"level":"info","message":"[2026-03-24T05:57:45.265Z] GET /api/noncgpa/my-records?UserId=2","service":"eduvault-backend","timestamp":"2026-03-24 11:27:45"}
{"level":"info","message":"[2026-03-24T05:57:45.276Z] GET /api/skillrack/my-record?UserId=2","service":"eduvault-backend","timestamp":"2026-03-24 11:27:45"}
{"level":"info","message":"[2026-03-24T05:57:45.278Z] GET /api/skillrack/my-stats?UserId=2","service":"eduvault-backend","timestamp":"2026-03-24 11:27:45"}
{"level":"info","message":"[2026-03-24T05:57:45.290Z] GET /api/student-certificate/list","service":"eduvault-backend","timestamp":"2026-03-24 11:27:45"}
{"level":"info","message":"[2026-03-24T05:57:45.292Z] GET /api/staffs","service":"eduvault-backend","timestamp":"2026-03-24 11:27:45"}
{"level":"info","message":"[2026-03-24T05:57:45.299Z] GET /uploads/default.jpg","service":"eduvault-backend","timestamp":"2026-03-24 11:27:45"}
{"level":"info","message":"[2026-03-24T05:57:45.303Z] GET /api/seed-money","service":"eduvault-backend","timestamp":"2026-03-24 11:27:45"}
{"level":"info","message":"[2026-03-24T05:57:45.309Z] GET /api/scholars","service":"eduvault-backend","timestamp":"2026-03-24 11:27:45"}
{"level":"info","message":"[2026-03-24T05:57:45.311Z] GET /api/proposals","service":"eduvault-backend","timestamp":"2026-03-24 11:27:45"}
{"level":"info","message":"[2026-03-24T05:57:45.319Z] GET /api/project-proposal","service":"eduvault-backend","timestamp":"2026-03-24 11:27:45"}
{"level":"info","message":"[2026-03-24T05:57:45.328Z] GET /api/events","service":"eduvault-backend","timestamp":"2026-03-24 11:27:45"}
{"level":"info","message":"[2026-03-24T05:57:45.341Z] GET /api/industry","service":"eduvault-backend","timestamp":"2026-03-24 11:27:45"}
{"level":"info","message":"[2026-03-24T05:57:45.343Z] GET /api/certifications","service":"eduvault-backend","timestamp":"2026-03-24 11:27:45"}
{"level":"info","message":"[2026-03-24T05:57:45.344Z] GET /api/book-chapters","service":"eduvault-backend","timestamp":"2026-03-24 11:27:45"}
{"level":"info","message":"[2026-03-24T05:57:45.362Z] GET /api/other/events-organized","service":"eduvault-backend","timestamp":"2026-03-24 11:27:45"}
{"level":"info","message":"[2026-03-24T05:57:45.364Z] GET /api/h-index","service":"eduvault-backend","timestamp":"2026-03-24 11:27:45"}
{"level":"info","message":"[2026-03-24T05:57:45.375Z] GET /api/resource-person","service":"eduvault-backend","timestamp":"2026-03-24 11:27:45"}
{"level":"info","message":"[2026-03-24T05:57:45.379Z] GET /api/recognition","service":"eduvault-backend","timestamp":"2026-03-24 11:27:45"}
{"level":"info","message":"[2026-03-24T05:57:45.386Z] GET /api/patent-product","service":"eduvault-backend","timestamp":"2026-03-24 11:27:45"}
{"level":"info","message":"[2026-03-24T05:57:45.388Z] GET /api/project-mentors","service":"eduvault-backend","timestamp":"2026-03-24 11:27:45"}
{"level":"info","message":"[2026-03-24T05:57:45.389Z] GET /api/departments","service":"eduvault-backend","timestamp":"2026-03-24 11:27:45"}
{"level":"info","message":"[2026-03-24T05:57:45.409Z] GET /api/seed-money","service":"eduvault-backend","timestamp":"2026-03-24 11:27:45"}
{"level":"info","message":"[2026-03-24T05:57:45.411Z] GET /api/scholars","service":"eduvault-backend","timestamp":"2026-03-24 11:27:45"}
{"level":"info","message":"[2026-03-24T05:57:45.412Z] GET /api/project-proposal","service":"eduvault-backend","timestamp":"2026-03-24 11:27:45"}
{"level":"info","message":"[2026-03-24T05:57:45.422Z] GET /api/proposals","service":"eduvault-backend","timestamp":"2026-03-24 11:27:45"}
{"level":"info","message":"[2026-03-24T05:57:45.431Z] GET /api/events","service":"eduvault-backend","timestamp":"2026-03-24 11:27:45"}
{"level":"info","message":"[2026-03-24T05:57:45.433Z] GET /api/other/events-organized","service":"eduvault-backend","timestamp":"2026-03-24 11:27:45"}
{"level":"info","message":"[2026-03-24T05:57:45.443Z] GET /api/certifications","service":"eduvault-backend","timestamp":"2026-03-24 11:27:45"}
{"level":"info","message":"[2026-03-24T05:57:45.445Z] GET /api/book-chapters","service":"eduvault-backend","timestamp":"2026-03-24 11:27:45"}
{"level":"info","message":"[2026-03-24T05:57:45.454Z] GET /api/industry","service":"eduvault-backend","timestamp":"2026-03-24 11:27:45"}
{"level":"info","message":"[2026-03-24T05:57:45.458Z] GET /api/h-index","service":"eduvault-backend","timestamp":"2026-03-24 11:27:45"}
{"level":"info","message":"[2026-03-24T05:57:45.472Z] GET /api/departments","service":"eduvault-backend","timestamp":"2026-03-24 11:27:45"}
{"level":"info","message":"[2026-03-24T05:57:45.479Z] GET /api/resource-person","service":"eduvault-backend","timestamp":"2026-03-24 11:27:45"}
{"level":"info","message":"[2026-03-24T05:57:45.483Z] GET /api/staffs","service":"eduvault-backend","timestamp":"2026-03-24 11:27:45"}
{"level":"info","message":"[2026-03-24T05:57:45.490Z] GET /api/recognition","service":"eduvault-backend","timestamp":"2026-03-24 11:27:45"}
{"level":"info","message":"[2026-03-24T05:57:45.492Z] GET /api/patent-product","service":"eduvault-backend","timestamp":"2026-03-24 11:27:45"}
{"level":"info","message":"[2026-03-24T05:57:45.499Z] GET /api/project-mentors","service":"eduvault-backend","timestamp":"2026-03-24 11:27:45"}
{"level":"info","message":"[2026-03-24T05:57:45.508Z] GET /api/appraisals","service":"eduvault-backend","timestamp":"2026-03-24 11:27:45"}
{"level":"info","message":"[2026-03-24T05:57:45.519Z] GET /api/staffs","service":"eduvault-backend","timestamp":"2026-03-24 11:27:45"}
{"level":"info","message":"[2026-03-24T05:57:45.562Z] GET /api/appraisals","service":"eduvault-backend","timestamp":"2026-03-24 11:27:45"}
{"level":"info","message":"[2026-03-24T05:57:48.833Z] GET /api/pending-internships","service":"eduvault-backend","timestamp":"2026-03-24 11:27:48"}
{"level":"info","message":"[2026-03-24T05:57:48.838Z] GET /api/pending-scholarships","service":"eduvault-backend","timestamp":"2026-03-24 11:27:48"}
{"level":"info","message":"[2026-03-24T05:57:48.840Z] GET /api/event-organized/pending","service":"eduvault-backend","timestamp":"2026-03-24 11:27:48"}
{"level":"info","message":"[2026-03-24T05:57:48.842Z] GET /api/event-attended/pending","service":"eduvault-backend","timestamp":"2026-03-24 11:27:48"}
{"level":"info","message":"[2026-03-24T05:57:48.845Z] GET /api/all/pending-leaves","service":"eduvault-backend","timestamp":"2026-03-24 11:27:48"}
{"level":"info","message":"[2026-03-24T05:57:48.848Z] GET /api/online-courses/pending","service":"eduvault-backend","timestamp":"2026-03-24 11:27:48"}
{"level":"info","message":"[2026-03-24T05:57:48.862Z] GET /api/pending-achievements","service":"eduvault-backend","timestamp":"2026-03-24 11:27:48"}
{"level":"info","message":"[2026-03-24T05:57:48.866Z] GET /api/publications/pending","service":"eduvault-backend","timestamp":"2026-03-24 11:27:48"}
{"level":"info","message":"[2026-03-24T05:57:48.886Z] GET /api/competency-coding/pending","service":"eduvault-backend","timestamp":"2026-03-24 11:27:48"}
{"level":"info","message":"[2026-03-24T05:57:48.888Z] GET /api/noncgpa/pending","service":"eduvault-backend","timestamp":"2026-03-24 11:27:48"}
{"level":"info","message":"[2026-03-24T05:57:48.891Z] GET /api/projects/pending","service":"eduvault-backend","timestamp":"2026-03-24 11:27:48"}
{"level":"info","message":"[2026-03-24T05:57:48.905Z] GET /api/hackathon/pending","service":"eduvault-backend","timestamp":"2026-03-24 11:27:48"}
{"level":"info","message":"[2026-03-24T05:57:48.920Z] GET /api/extracurricular/pending","service":"eduvault-backend","timestamp":"2026-03-24 11:27:48"}
{"level":"info","message":"[2026-03-24T05:57:48.940Z] GET /api/pending-scholarships","service":"eduvault-backend","timestamp":"2026-03-24 11:27:48"}
{"level":"info","message":"[2026-03-24T05:57:48.942Z] GET /api/event-organized/pending","service":"eduvault-backend","timestamp":"2026-03-24 11:27:48"}
{"level":"info","message":"[2026-03-24T05:57:48.944Z] GET /api/event-attended/pending","service":"eduvault-backend","timestamp":"2026-03-24 11:27:48"}
{"level":"info","message":"[2026-03-24T05:57:48.955Z] GET /api/all/pending-leaves","service":"eduvault-backend","timestamp":"2026-03-24 11:27:48"}
{"level":"info","message":"[2026-03-24T05:57:48.956Z] GET /api/pending-achievements","service":"eduvault-backend","timestamp":"2026-03-24 11:27:48"}
{"level":"info","message":"[2026-03-24T05:57:48.958Z] GET /api/pending-internships","service":"eduvault-backend","timestamp":"2026-03-24 11:27:48"}
{"level":"info","message":"[2026-03-24T05:57:48.962Z] GET /api/online-courses/pending","service":"eduvault-backend","timestamp":"2026-03-24 11:27:48"}
{"level":"info","message":"[2026-03-24T05:57:48.964Z] GET /api/publications/pending","service":"eduvault-backend","timestamp":"2026-03-24 11:27:48"}
{"level":"info","message":"[2026-03-24T05:57:48.966Z] GET /api/competency-coding/pending","service":"eduvault-backend","timestamp":"2026-03-24 11:27:48"}
{"level":"info","message":"[2026-03-24T05:57:48.971Z] GET /api/noncgpa/pending","service":"eduvault-backend","timestamp":"2026-03-24 11:27:48"}
{"level":"info","message":"[2026-03-24T05:57:48.992Z] GET /api/projects/pending","service":"eduvault-backend","timestamp":"2026-03-24 11:27:48"}
{"level":"info","message":"[2026-03-24T05:57:48.995Z] GET /api/hackathon/pending","service":"eduvault-backend","timestamp":"2026-03-24 11:27:48"}
{"level":"info","message":"[2026-03-24T05:57:49.003Z] GET /api/extracurricular/pending","service":"eduvault-backend","timestamp":"2026-03-24 11:27:49"}
{"level":"info","message":"[2026-03-24T05:58:54.172Z] POST /api/auth/logout","service":"eduvault-backend","timestamp":"2026-03-24 11:28:54"}
{"level":"info","message":"[2026-03-24T05:58:59.991Z] GET /api/departments","service":"eduvault-backend","timestamp":"2026-03-24 11:28:59"}
{"level":"info","message":"[2026-03-24T05:59:00.000Z] GET /api/states","service":"eduvault-backend","timestamp":"2026-03-24 11:29:00"}
{"level":"info","message":"[2026-03-24T05:59:00.024Z] GET /api/get-staff?role=Staff","service":"eduvault-backend","timestamp":"2026-03-24 11:29:00"}
{"level":"info","message":"[2026-03-24T05:59:00.052Z] GET /api/departments","service":"eduvault-backend","timestamp":"2026-03-24 11:29:00"}
{"level":"info","message":"[2026-03-24T05:59:00.071Z] GET /api/states","service":"eduvault-backend","timestamp":"2026-03-24 11:29:00"}
{"level":"info","message":"[2026-03-24T05:59:00.078Z] GET /api/get-staff?role=Staff","service":"eduvault-backend","timestamp":"2026-03-24 11:29:00"}
{"level":"info","message":"[2026-03-24T06:07:57.464Z] GET /api/departments","service":"eduvault-backend","timestamp":"2026-03-24 11:37:57"}
{"level":"info","message":"[2026-03-24T06:07:57.469Z] GET /api/get-staff?role=Staff","service":"eduvault-backend","timestamp":"2026-03-24 11:37:57"}
{"level":"info","message":"[2026-03-24T06:07:57.480Z] GET /api/states","service":"eduvault-backend","timestamp":"2026-03-24 11:37:57"}
{"level":"info","message":"[2026-03-24T06:07:57.532Z] GET /api/auth/me","service":"eduvault-backend","timestamp":"2026-03-24 11:37:57"}
{"level":"info","message":"[2026-03-24T06:07:57.537Z] GET /api/states","service":"eduvault-backend","timestamp":"2026-03-24 11:37:57"}
{"level":"info","message":"[2026-03-24T06:07:57.539Z] GET /api/get-staff?role=Staff","service":"eduvault-backend","timestamp":"2026-03-24 11:37:57"}
{"level":"info","message":"[2026-03-24T06:07:57.545Z] GET /api/auth/me","service":"eduvault-backend","timestamp":"2026-03-24 11:37:57"}
{"level":"info","message":"[2026-03-24T06:07:57.547Z] GET /api/departments","service":"eduvault-backend","timestamp":"2026-03-24 11:37:57"}
{"level":"info","message":"[2026-03-24T06:07:57.559Z] GET /api/states","service":"eduvault-backend","timestamp":"2026-03-24 11:37:57"}
{"level":"info","message":"[2026-03-24T06:07:57.565Z] GET /api/auth/me","service":"eduvault-backend","timestamp":"2026-03-24 11:37:57"}
{"level":"info","message":"[2026-03-24T06:07:57.567Z] GET /api/departments","service":"eduvault-backend","timestamp":"2026-03-24 11:37:57"}
{"level":"info","message":"[2026-03-24T06:07:57.573Z] GET /api/get-staff?role=Staff","service":"eduvault-backend","timestamp":"2026-03-24 11:37:57"}
{"level":"info","message":"[2026-03-24T06:07:57.578Z] GET /api/auth/me","service":"eduvault-backend","timestamp":"2026-03-24 11:37:57"}
{"level":"info","message":"[2026-03-24T06:07:57.580Z] GET /api/states","service":"eduvault-backend","timestamp":"2026-03-24 11:37:57"}
{"level":"info","message":"[2026-03-24T06:07:57.582Z] GET /api/departments","service":"eduvault-backend","timestamp":"2026-03-24 11:37:57"}
{"level":"info","message":"[2026-03-24T06:07:57.595Z] GET /api/get-staff?role=Staff","service":"eduvault-backend","timestamp":"2026-03-24 11:37:57"}
{"level":"info","message":"[2026-03-24T06:08:04.342Z] POST /api/auth/login","service":"eduvault-backend","timestamp":"2026-03-24 11:38:04"}
{"level":"info","message":"[2026-03-24T06:08:04.442Z] GET /api/auth/me","service":"eduvault-backend","timestamp":"2026-03-24 11:38:04"}
{"level":"info","message":"[2026-03-24T06:08:04.453Z] GET /api/get-user/2","service":"eduvault-backend","timestamp":"2026-03-24 11:38:04"}
{"level":"info","message":"[2026-03-24T06:08:04.479Z] GET /api/departments","service":"eduvault-backend","timestamp":"2026-03-24 11:38:04"}
{"level":"info","message":"[2026-03-24T06:08:04.493Z] GET /api/students","service":"eduvault-backend","timestamp":"2026-03-24 11:38:04"}
{"level":"info","message":"[2026-03-24T06:08:04.501Z] GET /api/get-staff?role=Staff","service":"eduvault-backend","timestamp":"2026-03-24 11:38:04"}
{"level":"info","message":"[2026-03-24T06:08:04.508Z] GET /api/pending-scholarships","service":"eduvault-backend","timestamp":"2026-03-24 11:38:04"}
{"level":"info","message":"[2026-03-24T06:08:04.511Z] GET /api/department-counts","service":"eduvault-backend","timestamp":"2026-03-24 11:38:04"}
{"level":"info","message":"[2026-03-24T06:08:04.513Z] GET /api/pending-internships","service":"eduvault-backend","timestamp":"2026-03-24 11:38:04"}
{"level":"info","message":"[2026-03-24T06:08:04.515Z] GET /api/event-organized/pending","service":"eduvault-backend","timestamp":"2026-03-24 11:38:04"}
{"level":"info","message":"[2026-03-24T06:08:04.539Z] GET /api/event-attended/pending","service":"eduvault-backend","timestamp":"2026-03-24 11:38:04"}
{"level":"info","message":"[2026-03-24T06:08:04.541Z] GET /api/all/pending-leaves","service":"eduvault-backend","timestamp":"2026-03-24 11:38:04"}
{"level":"info","message":"[2026-03-24T06:08:04.546Z] GET /api/online-courses/pending","service":"eduvault-backend","timestamp":"2026-03-24 11:38:04"}
{"level":"info","message":"[2026-03-24T06:08:04.549Z] GET /api/pending-achievements","service":"eduvault-backend","timestamp":"2026-03-24 11:38:04"}
{"level":"info","message":"[2026-03-24T06:08:04.551Z] GET /api/publications/pending","service":"eduvault-backend","timestamp":"2026-03-24 11:38:04"}
{"level":"info","message":"[2026-03-24T06:08:04.553Z] GET /api/competency-coding/pending","service":"eduvault-backend","timestamp":"2026-03-24 11:38:04"}
{"level":"info","message":"[2026-03-24T06:08:04.555Z] GET /api/projects/pending","service":"eduvault-backend","timestamp":"2026-03-24 11:38:04"}
{"level":"info","message":"[2026-03-24T06:08:04.564Z] GET /api/noncgpa/pending","service":"eduvault-backend","timestamp":"2026-03-24 11:38:04"}
{"level":"info","message":"[2026-03-24T06:08:04.568Z] GET /api/extracurricular/pending","service":"eduvault-backend","timestamp":"2026-03-24 11:38:04"}
{"level":"info","message":"[2026-03-24T06:08:04.599Z] GET /api/hackathon/pending","service":"eduvault-backend","timestamp":"2026-03-24 11:38:04"}
{"level":"info","message":"[2026-03-24T06:08:04.602Z] GET /api/fetch-internships?UserId=2","service":"eduvault-backend","timestamp":"2026-03-24 11:38:04"}
{"level":"info","message":"[2026-03-24T06:08:04.604Z] GET /api/event-attended/list?UserId=2","service":"eduvault-backend","timestamp":"2026-03-24 11:38:04"}
{"level":"info","message":"[2026-03-24T06:08:04.612Z] GET /api/fetch-scholarships?UserId=2","service":"eduvault-backend","timestamp":"2026-03-24 11:38:04"}
{"level":"info","message":"[2026-03-24T06:08:04.616Z] GET /api/event-organized/approved?UserId=2","service":"eduvault-backend","timestamp":"2026-03-24 11:38:04"}
{"level":"info","message":"[2026-03-24T06:08:04.626Z] GET /api/event-organized/pending?UserId=2","service":"eduvault-backend","timestamp":"2026-03-24 11:38:04"}
{"level":"info","message":"[2026-03-24T06:08:04.643Z] GET /api/pending-leaves?Userid=2","service":"eduvault-backend","timestamp":"2026-03-24 11:38:04"}
{"level":"info","message":"[2026-03-24T06:08:04.646Z] GET /api/user-achievements/2","service":"eduvault-backend","timestamp":"2026-03-24 11:38:04"}
{"level":"info","message":"[2026-03-24T06:08:04.648Z] GET /api/fetch-leaves?Userid=2","service":"eduvault-backend","timestamp":"2026-03-24 11:38:04"}
{"level":"info","message":"[2026-03-24T06:08:04.651Z] GET /api/hackathon/my-events","service":"eduvault-backend","timestamp":"2026-03-24 11:38:04"}
{"level":"info","message":"[2026-03-24T06:08:04.656Z] GET /api/publications/my-publications?UserId=2","service":"eduvault-backend","timestamp":"2026-03-24 11:38:04"}
{"level":"info","message":"[2026-03-24T06:08:04.666Z] GET /api/pending-internships?userID=2","service":"eduvault-backend","timestamp":"2026-03-24 11:38:04"}
{"level":"info","message":"[2026-03-24T06:08:04.699Z] GET /api/competency-coding/my-record?UserId=2","service":"eduvault-backend","timestamp":"2026-03-24 11:38:04"}
{"level":"info","message":"[2026-03-24T06:08:04.702Z] GET /api/competency-coding/platform/all?UserId=2","service":"eduvault-backend","timestamp":"2026-03-24 11:38:04"}
{"level":"info","message":"[2026-03-24T06:08:04.706Z] GET /api/competency-coding/skillrack/summary?UserId=2","service":"eduvault-backend","timestamp":"2026-03-24 11:38:04"}
{"level":"info","message":"[2026-03-24T06:08:04.709Z] GET /api/competency-coding/analytics?UserId=2","service":"eduvault-backend","timestamp":"2026-03-24 11:38:04"}
{"level":"info","message":"[2026-03-24T06:08:04.714Z] GET /api/projects/my-projects?UserId=2","service":"eduvault-backend","timestamp":"2026-03-24 11:38:04"}
{"level":"info","message":"[2026-03-24T06:08:04.723Z] GET /api/extracurricular/my-activities?UserId=2","service":"eduvault-backend","timestamp":"2026-03-24 11:38:04"}
{"level":"info","message":"[2026-03-24T06:08:04.734Z] GET /api/noncgpa/dropdown/categories","service":"eduvault-backend","timestamp":"2026-03-24 11:38:04"}
{"level":"info","message":"[2026-03-24T06:08:04.740Z] GET /api/noncgpa/dropdown/course-names","service":"eduvault-backend","timestamp":"2026-03-24 11:38:04"}
{"level":"info","message":"[2026-03-24T06:08:04.743Z] GET /api/noncgpa/dropdown/course-codes","service":"eduvault-backend","timestamp":"2026-03-24 11:38:04"}
{"level":"info","message":"[2026-03-24T06:08:04.745Z] GET /api/noncgpa/my-records?UserId=2","service":"eduvault-backend","timestamp":"2026-03-24 11:38:04"}
{"level":"info","message":"[2026-03-24T06:08:04.754Z] GET /api/skillrack/my-record?UserId=2","service":"eduvault-backend","timestamp":"2026-03-24 11:38:04"}
{"level":"info","message":"[2026-03-24T06:08:04.771Z] GET /api/skillrack/my-stats?UserId=2","service":"eduvault-backend","timestamp":"2026-03-24 11:38:04"}
{"level":"info","message":"[2026-03-24T06:08:04.785Z] GET /api/student-certificate/list","service":"eduvault-backend","timestamp":"2026-03-24 11:38:04"}
{"level":"info","message":"[2026-03-24T06:08:04.787Z] GET /api/staffs","service":"eduvault-backend","timestamp":"2026-03-24 11:38:04"}
{"level":"info","message":"[2026-03-24T06:08:04.789Z] GET /uploads/default.jpg","service":"eduvault-backend","timestamp":"2026-03-24 11:38:04"}
{"level":"info","message":"[2026-03-24T06:08:04.804Z] GET /api/seed-money","service":"eduvault-backend","timestamp":"2026-03-24 11:38:04"}
{"level":"info","message":"[2026-03-24T06:08:04.806Z] GET /api/scholars","service":"eduvault-backend","timestamp":"2026-03-24 11:38:04"}
{"level":"info","message":"[2026-03-24T06:08:04.808Z] GET /api/proposals","service":"eduvault-backend","timestamp":"2026-03-24 11:38:04"}
{"level":"info","message":"[2026-03-24T06:08:04.815Z] GET /api/project-proposal","service":"eduvault-backend","timestamp":"2026-03-24 11:38:04"}
{"level":"info","message":"[2026-03-24T06:08:04.825Z] GET /api/events","service":"eduvault-backend","timestamp":"2026-03-24 11:38:04"}
{"level":"info","message":"[2026-03-24T06:08:04.832Z] GET /api/certifications","service":"eduvault-backend","timestamp":"2026-03-24 11:38:04"}
{"level":"info","message":"[2026-03-24T06:08:04.834Z] GET /api/industry","service":"eduvault-backend","timestamp":"2026-03-24 11:38:04"}
{"level":"info","message":"[2026-03-24T06:08:04.841Z] GET /api/book-chapters","service":"eduvault-backend","timestamp":"2026-03-24 11:38:04"}
{"level":"info","message":"[2026-03-24T06:08:04.848Z] GET /api/h-index","service":"eduvault-backend","timestamp":"2026-03-24 11:38:04"}
{"level":"info","message":"[2026-03-24T06:08:04.849Z] GET /api/other/events-organized","service":"eduvault-backend","timestamp":"2026-03-24 11:38:04"}
{"level":"info","message":"[2026-03-24T06:08:04.859Z] GET /api/project-mentors","service":"eduvault-backend","timestamp":"2026-03-24 11:38:04"}
{"level":"info","message":"[2026-03-24T06:08:04.860Z] GET /api/recognition","service":"eduvault-backend","timestamp":"2026-03-24 11:38:04"}
{"level":"info","message":"[2026-03-24T06:08:04.864Z] GET /api/resource-person","service":"eduvault-backend","timestamp":"2026-03-24 11:38:04"}
{"level":"info","message":"[2026-03-24T06:08:04.875Z] GET /api/patent-product","service":"eduvault-backend","timestamp":"2026-03-24 11:38:04"}
{"level":"info","message":"[2026-03-24T06:08:04.877Z] GET /api/departments","service":"eduvault-backend","timestamp":"2026-03-24 11:38:04"}
{"level":"info","message":"[2026-03-24T06:08:04.879Z] GET /api/seed-money","service":"eduvault-backend","timestamp":"2026-03-24 11:38:04"}
{"level":"info","message":"[2026-03-24T06:08:04.895Z] GET /api/scholars","service":"eduvault-backend","timestamp":"2026-03-24 11:38:04"}
{"level":"info","message":"[2026-03-24T06:08:04.898Z] GET /api/project-proposal","service":"eduvault-backend","timestamp":"2026-03-24 11:38:04"}
{"level":"info","message":"[2026-03-24T06:08:04.900Z] GET /api/proposals","service":"eduvault-backend","timestamp":"2026-03-24 11:38:04"}
{"level":"info","message":"[2026-03-24T06:08:04.909Z] GET /api/events","service":"eduvault-backend","timestamp":"2026-03-24 11:38:04"}
{"level":"info","message":"[2026-03-24T06:08:04.915Z] GET /api/certifications","service":"eduvault-backend","timestamp":"2026-03-24 11:38:04"}
{"level":"info","message":"[2026-03-24T06:08:04.917Z] GET /api/other/events-organized","service":"eduvault-backend","timestamp":"2026-03-24 11:38:04"}
{"level":"info","message":"[2026-03-24T06:08:04.927Z] GET /api/book-chapters","service":"eduvault-backend","timestamp":"2026-03-24 11:38:04"}
{"level":"info","message":"[2026-03-24T06:08:04.929Z] GET /api/industry","service":"eduvault-backend","timestamp":"2026-03-24 11:38:04"}
{"level":"info","message":"[2026-03-24T06:08:04.933Z] GET /api/h-index","service":"eduvault-backend","timestamp":"2026-03-24 11:38:04"}
{"level":"info","message":"[2026-03-24T06:08:04.945Z] GET /api/project-mentors","service":"eduvault-backend","timestamp":"2026-03-24 11:38:04"}
{"level":"info","message":"[2026-03-24T06:08:04.946Z] GET /api/recognition","service":"eduvault-backend","timestamp":"2026-03-24 11:38:04"}
{"level":"info","message":"[2026-03-24T06:08:04.947Z] GET /api/departments","service":"eduvault-backend","timestamp":"2026-03-24 11:38:04"}
{"level":"info","message":"[2026-03-24T06:08:04.960Z] GET /api/staffs","service":"eduvault-backend","timestamp":"2026-03-24 11:38:04"}
{"level":"info","message":"[2026-03-24T06:08:04.972Z] GET /api/resource-person","service":"eduvault-backend","timestamp":"2026-03-24 11:38:04"}
{"level":"info","message":"[2026-03-24T06:08:04.980Z] GET /api/patent-product","service":"eduvault-backend","timestamp":"2026-03-24 11:38:04"}
{"level":"info","message":"[2026-03-24T06:08:04.982Z] GET /api/appraisals","service":"eduvault-backend","timestamp":"2026-03-24 11:38:04"}
{"level":"info","message":"[2026-03-24T06:08:04.997Z] GET /api/staffs","service":"eduvault-backend","timestamp":"2026-03-24 11:38:04"}
{"level":"info","message":"[2026-03-24T06:08:05.005Z] GET /api/appraisals","service":"eduvault-backend","timestamp":"2026-03-24 11:38:05"}
{"level":"info","message":"[2026-03-24T06:08:07.955Z] GET /api/pending-internships","service":"eduvault-backend","timestamp":"2026-03-24 11:38:07"}
{"level":"info","message":"[2026-03-24T06:08:07.962Z] GET /api/pending-scholarships","service":"eduvault-backend","timestamp":"2026-03-24 11:38:07"}
{"level":"info","message":"[2026-03-24T06:08:07.964Z] GET /api/event-organized/pending","service":"eduvault-backend","timestamp":"2026-03-24 11:38:07"}
{"level":"info","message":"[2026-03-24T06:08:07.968Z] GET /api/event-attended/pending","service":"eduvault-backend","timestamp":"2026-03-24 11:38:07"}
{"level":"info","message":"[2026-03-24T06:08:07.976Z] GET /api/all/pending-leaves","service":"eduvault-backend","timestamp":"2026-03-24 11:38:07"}
{"level":"info","message":"[2026-03-24T06:08:07.982Z] GET /api/online-courses/pending","service":"eduvault-backend","timestamp":"2026-03-24 11:38:07"}
{"level":"info","message":"[2026-03-24T06:08:07.990Z] GET /api/pending-achievements","service":"eduvault-backend","timestamp":"2026-03-24 11:38:07"}
{"level":"info","message":"[2026-03-24T06:08:07.998Z] GET /api/publications/pending","service":"eduvault-backend","timestamp":"2026-03-24 11:38:07"}
{"level":"info","message":"[2026-03-24T06:08:08.002Z] GET /api/competency-coding/pending","service":"eduvault-backend","timestamp":"2026-03-24 11:38:08"}
{"level":"info","message":"[2026-03-24T06:08:08.008Z] GET /api/noncgpa/pending","service":"eduvault-backend","timestamp":"2026-03-24 11:38:08"}
{"level":"info","message":"[2026-03-24T06:08:08.013Z] GET /api/projects/pending","service":"eduvault-backend","timestamp":"2026-03-24 11:38:08"}
{"level":"info","message":"[2026-03-24T06:08:08.014Z] GET /api/hackathon/pending","service":"eduvault-backend","timestamp":"2026-03-24 11:38:08"}
{"level":"info","message":"[2026-03-24T06:08:08.028Z] GET /api/extracurricular/pending","service":"eduvault-backend","timestamp":"2026-03-24 11:38:08"}
{"level":"info","message":"[2026-03-24T06:08:08.040Z] GET /api/pending-scholarships","service":"eduvault-backend","timestamp":"2026-03-24 11:38:08"}
{"level":"info","message":"[2026-03-24T06:08:08.042Z] GET /api/event-organized/pending","service":"eduvault-backend","timestamp":"2026-03-24 11:38:08"}
{"level":"info","message":"[2026-03-24T06:08:08.048Z] GET /api/event-attended/pending","service":"eduvault-backend","timestamp":"2026-03-24 11:38:08"}
{"level":"info","message":"[2026-03-24T06:08:08.051Z] GET /api/all/pending-leaves","service":"eduvault-backend","timestamp":"2026-03-24 11:38:08"}
{"level":"info","message":"[2026-03-24T06:08:08.055Z] GET /api/pending-achievements","service":"eduvault-backend","timestamp":"2026-03-24 11:38:08"}
{"level":"info","message":"[2026-03-24T06:08:08.057Z] GET /api/pending-internships","service":"eduvault-backend","timestamp":"2026-03-24 11:38:08"}
{"level":"info","message":"[2026-03-24T06:08:08.060Z] GET /api/online-courses/pending","service":"eduvault-backend","timestamp":"2026-03-24 11:38:08"}
{"level":"info","message":"[2026-03-24T06:08:08.062Z] GET /api/publications/pending","service":"eduvault-backend","timestamp":"2026-03-24 11:38:08"}
{"level":"info","message":"[2026-03-24T06:08:08.066Z] GET /api/competency-coding/pending","service":"eduvault-backend","timestamp":"2026-03-24 11:38:08"}
{"level":"info","message":"[2026-03-24T06:08:08.069Z] GET /api/noncgpa/pending","service":"eduvault-backend","timestamp":"2026-03-24 11:38:08"}
{"level":"info","message":"[2026-03-24T06:08:08.071Z] GET /api/projects/pending","service":"eduvault-backend","timestamp":"2026-03-24 11:38:08"}
{"level":"info","message":"[2026-03-24T06:08:08.091Z] GET /api/hackathon/pending","service":"eduvault-backend","timestamp":"2026-03-24 11:38:08"}
{"level":"info","message":"[2026-03-24T06:08:08.093Z] GET /api/extracurricular/pending","service":"eduvault-backend","timestamp":"2026-03-24 11:38:08"}
{"level":"info","message":"[2026-03-24T06:08:09.033Z] GET /api/students","service":"eduvault-backend","timestamp":"2026-03-24 11:38:09"}
{"level":"info","message":"[2026-03-24T06:08:09.036Z] GET /api/departments","service":"eduvault-backend","timestamp":"2026-03-24 11:38:09"}
{"level":"info","message":"[2026-03-24T06:08:09.044Z] GET /api/departments","service":"eduvault-backend","timestamp":"2026-03-24 11:38:09"}
{"level":"info","message":"[2026-03-24T06:08:09.046Z] GET /api/students","service":"eduvault-backend","timestamp":"2026-03-24 11:38:09"}
{"level":"info","message":"[2026-03-24T06:08:24.049Z] GET /api/student-education/pending-approvals","service":"eduvault-backend","timestamp":"2026-03-24 11:38:24"}
{"level":"info","message":"[2026-03-24T06:08:24.067Z] GET /api/student-education/pending-approvals","service":"eduvault-backend","timestamp":"2026-03-24 11:38:24"}
{"level":"info","message":"[2026-03-24T06:08:24.941Z] GET /api/skillrack/all-records","service":"eduvault-backend","timestamp":"2026-03-24 11:38:24"}
{"level":"info","message":"[2026-03-24T06:08:24.951Z] GET /api/skillrack/all-records","service":"eduvault-backend","timestamp":"2026-03-24 11:38:24"}
{"level":"info","message":"[2026-03-24T06:08:26.010Z] GET /api/staff/staff","service":"eduvault-backend","timestamp":"2026-03-24 11:38:26"}
{"level":"info","message":"[2026-03-24T06:08:26.034Z] GET /api/staff/staff","service":"eduvault-backend","timestamp":"2026-03-24 11:38:26"}
{"level":"info","message":"[2026-03-24T06:09:25.370Z] GET /api/placement/companies","service":"eduvault-backend","timestamp":"2026-03-24 11:39:25"}
{"level":"info","message":"[2026-03-24T06:09:25.400Z] GET /api/placement/companies","service":"eduvault-backend","timestamp":"2026-03-24 11:39:25"}
{"level":"info","message":"[2026-03-24T06:09:27.741Z] GET /api/placement/drives","service":"eduvault-backend","timestamp":"2026-03-24 11:39:27"}
{"level":"info","message":"[2026-03-24T06:09:27.745Z] GET /api/placement/registrations/my","service":"eduvault-backend","timestamp":"2026-03-24 11:39:27"}
{"level":"info","message":"[2026-03-24T06:09:27.767Z] GET /api/placement/drives","service":"eduvault-backend","timestamp":"2026-03-24 11:39:27"}
{"level":"info","message":"[2026-03-24T06:09:27.779Z] GET /api/placement/registrations/my","service":"eduvault-backend","timestamp":"2026-03-24 11:39:27"}
{"level":"info","message":"[2026-03-24T06:09:30.305Z] GET /api/placement/student-hackathons","service":"eduvault-backend","timestamp":"2026-03-24 11:39:30"}
{"level":"info","message":"[2026-03-24T06:09:30.345Z] GET /api/placement/student-hackathons","service":"eduvault-backend","timestamp":"2026-03-24 11:39:30"}
{"level":"info","message":"[2026-03-24T06:09:31.714Z] GET /api/placement/feedback?limit=10&offset=0","service":"eduvault-backend","timestamp":"2026-03-24 11:39:31"}
{"level":"info","message":"[2026-03-24T06:09:31.737Z] GET /api/placement/feedback?limit=10&offset=0","service":"eduvault-backend","timestamp":"2026-03-24 11:39:31"}
{"level":"info","message":"[2026-03-24T06:09:37.886Z] GET /api/placement/eligibility/eligible-students?staffId=2","service":"eduvault-backend","timestamp":"2026-03-24 11:39:37"}
{"level":"info","message":"[2026-03-24T06:09:37.891Z] GET /api/placement/eligibility/filter-options","service":"eduvault-backend","timestamp":"2026-03-24 11:39:37"}
{"level":"info","message":"[2026-03-24T06:09:37.933Z] GET /api/placement/eligibility/eligible-students?staffId=2","service":"eduvault-backend","timestamp":"2026-03-24 11:39:37"}
{"level":"info","message":"[2026-03-24T06:09:37.951Z] GET /api/placement/eligibility/filter-options","service":"eduvault-backend","timestamp":"2026-03-24 11:39:37"}
{"level":"info","message":"[2026-03-24T06:09:51.867Z] GET /api/students","service":"eduvault-backend","timestamp":"2026-03-24 11:39:51"}
{"level":"info","message":"[2026-03-24T06:09:51.872Z] GET /api/departments","service":"eduvault-backend","timestamp":"2026-03-24 11:39:51"}
{"level":"info","message":"[2026-03-24T06:09:51.893Z] GET /api/departments","service":"eduvault-backend","timestamp":"2026-03-24 11:39:51"}
{"level":"info","message":"[2026-03-24T06:09:51.898Z] GET /api/students","service":"eduvault-backend","timestamp":"2026-03-24 11:39:51"}
{"level":"info","message":"[2026-03-24T06:10:21.077Z] GET /api/pending-internships","service":"eduvault-backend","timestamp":"2026-03-24 11:40:21"}
{"level":"info","message":"[2026-03-24T06:10:21.081Z] GET /api/pending-scholarships","service":"eduvault-backend","timestamp":"2026-03-24 11:40:21"}
{"level":"info","message":"[2026-03-24T06:10:21.084Z] GET /api/event-organized/pending","service":"eduvault-backend","timestamp":"2026-03-24 11:40:21"}
{"level":"info","message":"[2026-03-24T06:10:21.089Z] GET /api/event-attended/pending","service":"eduvault-backend","timestamp":"2026-03-24 11:40:21"}
{"level":"info","message":"[2026-03-24T06:10:21.091Z] GET /api/all/pending-leaves","service":"eduvault-backend","timestamp":"2026-03-24 11:40:21"}
{"level":"info","message":"[2026-03-24T06:10:21.103Z] GET /api/pending-achievements","service":"eduvault-backend","timestamp":"2026-03-24 11:40:21"}
{"level":"info","message":"[2026-03-24T06:10:21.106Z] GET /api/online-courses/pending","service":"eduvault-backend","timestamp":"2026-03-24 11:40:21"}
{"level":"info","message":"[2026-03-24T06:10:21.109Z] GET /api/publications/pending","service":"eduvault-backend","timestamp":"2026-03-24 11:40:21"}
{"level":"info","message":"[2026-03-24T06:10:21.111Z] GET /api/competency-coding/pending","service":"eduvault-backend","timestamp":"2026-03-24 11:40:21"}
{"level":"info","message":"[2026-03-24T06:10:21.114Z] GET /api/noncgpa/pending","service":"eduvault-backend","timestamp":"2026-03-24 11:40:21"}
{"level":"info","message":"[2026-03-24T06:10:21.115Z] GET /api/projects/pending","service":"eduvault-backend","timestamp":"2026-03-24 11:40:21"}
{"level":"info","message":"[2026-03-24T06:10:21.151Z] GET /api/hackathon/pending","service":"eduvault-backend","timestamp":"2026-03-24 11:40:21"}
{"level":"info","message":"[2026-03-24T06:10:21.161Z] GET /api/extracurricular/pending","service":"eduvault-backend","timestamp":"2026-03-24 11:40:21"}
{"level":"info","message":"[2026-03-24T06:10:21.171Z] GET /api/pending-scholarships","service":"eduvault-backend","timestamp":"2026-03-24 11:40:21"}
{"level":"info","message":"[2026-03-24T06:10:21.172Z] GET /api/event-organized/pending","service":"eduvault-backend","timestamp":"2026-03-24 11:40:21"}
{"level":"info","message":"[2026-03-24T06:10:21.173Z] GET /api/event-attended/pending","service":"eduvault-backend","timestamp":"2026-03-24 11:40:21"}
{"level":"info","message":"[2026-03-24T06:10:21.174Z] GET /api/all/pending-leaves","service":"eduvault-backend","timestamp":"2026-03-24 11:40:21"}
{"level":"info","message":"[2026-03-24T06:10:21.181Z] GET /api/pending-achievements","service":"eduvault-backend","timestamp":"2026-03-24 11:40:21"}
{"level":"info","message":"[2026-03-24T06:10:21.184Z] GET /api/pending-internships","service":"eduvault-backend","timestamp":"2026-03-24 11:40:21"}
{"level":"info","message":"[2026-03-24T06:10:21.187Z] GET /api/online-courses/pending","service":"eduvault-backend","timestamp":"2026-03-24 11:40:21"}
{"level":"info","message":"[2026-03-24T06:10:21.189Z] GET /api/publications/pending","service":"eduvault-backend","timestamp":"2026-03-24 11:40:21"}
{"level":"info","message":"[2026-03-24T06:10:21.191Z] GET /api/competency-coding/pending","service":"eduvault-backend","timestamp":"2026-03-24 11:40:21"}
{"level":"info","message":"[2026-03-24T06:10:21.198Z] GET /api/noncgpa/pending","service":"eduvault-backend","timestamp":"2026-03-24 11:40:21"}
{"level":"info","message":"[2026-03-24T06:10:21.200Z] GET /api/projects/pending","service":"eduvault-backend","timestamp":"2026-03-24 11:40:21"}
{"level":"info","message":"[2026-03-24T06:10:21.225Z] GET /api/hackathon/pending","service":"eduvault-backend","timestamp":"2026-03-24 11:40:21"}
{"level":"info","message":"[2026-03-24T06:10:21.227Z] GET /api/extracurricular/pending","service":"eduvault-backend","timestamp":"2026-03-24 11:40:21"}
{"level":"info","message":"[2026-03-24T06:10:38.888Z] GET /api/students","service":"eduvault-backend","timestamp":"2026-03-24 11:40:38"}
{"level":"info","message":"[2026-03-24T06:10:38.900Z] GET /api/get-staff?role=Staff","service":"eduvault-backend","timestamp":"2026-03-24 11:40:38"}
{"level":"info","message":"[2026-03-24T06:10:38.906Z] GET /api/department-counts","service":"eduvault-backend","timestamp":"2026-03-24 11:40:38"}
{"level":"info","message":"[2026-03-24T06:10:38.921Z] GET /api/department-counts","service":"eduvault-backend","timestamp":"2026-03-24 11:40:38"}
{"level":"info","message":"[2026-03-24T06:10:38.927Z] GET /api/students","service":"eduvault-backend","timestamp":"2026-03-24 11:40:38"}
{"level":"info","message":"[2026-03-24T06:10:38.928Z] GET /api/get-staff?role=Staff","service":"eduvault-backend","timestamp":"2026-03-24 11:40:38"}
{"level":"info","message":"[2026-03-24T06:10:38.946Z] GET /uploads/default.jpg","service":"eduvault-backend","timestamp":"2026-03-24 11:40:38"}
{"level":"info","message":"[2026-03-24T06:10:38.954Z] GET /api/get-user/2","service":"eduvault-backend","timestamp":"2026-03-24 11:40:38"}
{"level":"info","message":"[2026-03-24T06:10:38.966Z] GET /api/get-user/2","service":"eduvault-backend","timestamp":"2026-03-24 11:40:38"}
{"level":"info","message":"[2026-03-24T06:11:49.240Z] GET /api/get-user/2","service":"eduvault-backend","timestamp":"2026-03-24 11:41:49"}
{"level":"info","message":"[2026-03-24T06:12:07.459Z] GET /api/get-user/2","service":"eduvault-backend","timestamp":"2026-03-24 11:42:07"}
{"level":"info","message":"[2026-03-24T06:12:08.460Z] GET /api/get-user/2","service":"eduvault-backend","timestamp":"2026-03-24 11:42:08"}
{"level":"info","message":"[2026-03-24T06:12:21.671Z] PUT /api/update-profile/2","service":"eduvault-backend","timestamp":"2026-03-24 11:42:21"}
{"level":"info","message":"[2026-03-24T06:12:21.744Z] GET /uploads/profile/profile-2.png","service":"eduvault-backend","timestamp":"2026-03-24 11:42:21"}
{"level":"info","message":"[2026-03-24T06:12:27.764Z] GET /api/seed-money","service":"eduvault-backend","timestamp":"2026-03-24 11:42:27"}
{"level":"info","message":"[2026-03-24T06:12:27.775Z] GET /api/scholars","service":"eduvault-backend","timestamp":"2026-03-24 11:42:27"}
{"level":"info","message":"[2026-03-24T06:12:27.778Z] GET /api/proposals","service":"eduvault-backend","timestamp":"2026-03-24 11:42:27"}
{"level":"info","message":"[2026-03-24T06:12:27.780Z] GET /api/project-proposal","service":"eduvault-backend","timestamp":"2026-03-24 11:42:27"}
{"level":"info","message":"[2026-03-24T06:12:27.832Z] GET /api/events","service":"eduvault-backend","timestamp":"2026-03-24 11:42:27"}
{"level":"info","message":"[2026-03-24T06:12:27.835Z] GET /api/industry","service":"eduvault-backend","timestamp":"2026-03-24 11:42:27"}
{"level":"info","message":"[2026-03-24T06:12:27.891Z] GET /api/certifications","service":"eduvault-backend","timestamp":"2026-03-24 11:42:27"}
{"level":"info","message":"[2026-03-24T06:12:27.893Z] GET /api/book-chapters","service":"eduvault-backend","timestamp":"2026-03-24 11:42:27"}
{"level":"info","message":"[2026-03-24T06:12:27.895Z] GET /api/other/events-organized","service":"eduvault-backend","timestamp":"2026-03-24 11:42:27"}
{"level":"info","message":"[2026-03-24T06:12:27.897Z] GET /api/h-index","service":"eduvault-backend","timestamp":"2026-03-24 11:42:27"}
{"level":"info","message":"[2026-03-24T06:12:27.904Z] GET /api/resource-person","service":"eduvault-backend","timestamp":"2026-03-24 11:42:27"}
{"level":"info","message":"[2026-03-24T06:12:27.913Z] GET /api/recognition","service":"eduvault-backend","timestamp":"2026-03-24 11:42:27"}
{"level":"info","message":"[2026-03-24T06:12:27.944Z] GET /api/patent-product","service":"eduvault-backend","timestamp":"2026-03-24 11:42:27"}
{"level":"info","message":"[2026-03-24T06:12:27.947Z] GET /api/project-mentors","service":"eduvault-backend","timestamp":"2026-03-24 11:42:27"}
{"level":"info","message":"[2026-03-24T06:12:27.964Z] GET /api/seed-money","service":"eduvault-backend","timestamp":"2026-03-24 11:42:27"}
{"level":"info","message":"[2026-03-24T06:12:27.966Z] GET /api/scholars","service":"eduvault-backend","timestamp":"2026-03-24 11:42:27"}
{"level":"info","message":"[2026-03-24T06:12:27.968Z] GET /api/project-proposal","service":"eduvault-backend","timestamp":"2026-03-24 11:42:27"}
{"level":"info","message":"[2026-03-24T06:12:27.970Z] GET /api/events","service":"eduvault-backend","timestamp":"2026-03-24 11:42:27"}
{"level":"info","message":"[2026-03-24T06:12:27.986Z] GET /api/proposals","service":"eduvault-backend","timestamp":"2026-03-24 11:42:27"}
{"level":"info","message":"[2026-03-24T06:12:27.996Z] GET /api/other/events-organized","service":"eduvault-backend","timestamp":"2026-03-24 11:42:27"}
{"level":"info","message":"[2026-03-24T06:12:27.999Z] GET /api/industry","service":"eduvault-backend","timestamp":"2026-03-24 11:42:27"}
{"level":"info","message":"[2026-03-24T06:12:28.000Z] GET /api/certifications","service":"eduvault-backend","timestamp":"2026-03-24 11:42:28"}
{"level":"info","message":"[2026-03-24T06:12:28.007Z] GET /api/book-chapters","service":"eduvault-backend","timestamp":"2026-03-24 11:42:28"}
{"level":"info","message":"[2026-03-24T06:12:28.009Z] GET /api/h-index","service":"eduvault-backend","timestamp":"2026-03-24 11:42:28"}
{"level":"info","message":"[2026-03-24T06:12:28.011Z] GET /api/resource-person","service":"eduvault-backend","timestamp":"2026-03-24 11:42:28"}
{"level":"info","message":"[2026-03-24T06:12:28.029Z] GET /api/recognition","service":"eduvault-backend","timestamp":"2026-03-24 11:42:28"}
{"level":"info","message":"[2026-03-24T06:12:28.031Z] GET /api/patent-product","service":"eduvault-backend","timestamp":"2026-03-24 11:42:28"}
{"level":"info","message":"[2026-03-24T06:12:28.034Z] GET /api/project-mentors","service":"eduvault-backend","timestamp":"2026-03-24 11:42:28"}
{"level":"info","message":"[2026-03-24T06:12:28.036Z] GET /api/appraisals","service":"eduvault-backend","timestamp":"2026-03-24 11:42:28"}
{"level":"info","message":"[2026-03-24T06:12:28.058Z] GET /api/appraisals","service":"eduvault-backend","timestamp":"2026-03-24 11:42:28"}
{"level":"info","message":"[2026-03-24T06:12:32.166Z] GET /api/students","service":"eduvault-backend","timestamp":"2026-03-24 11:42:32"}
{"level":"info","message":"[2026-03-24T06:12:32.169Z] GET /api/get-staff?role=Staff","service":"eduvault-backend","timestamp":"2026-03-24 11:42:32"}
{"level":"info","message":"[2026-03-24T06:12:32.171Z] GET /api/department-counts","service":"eduvault-backend","timestamp":"2026-03-24 11:42:32"}
{"level":"info","message":"[2026-03-24T06:12:32.182Z] GET /api/department-counts","service":"eduvault-backend","timestamp":"2026-03-24 11:42:32"}
{"level":"info","message":"[2026-03-24T06:12:32.186Z] GET /api/students","service":"eduvault-backend","timestamp":"2026-03-24 11:42:32"}
{"level":"info","message":"[2026-03-24T06:12:32.188Z] GET /api/get-staff?role=Staff","service":"eduvault-backend","timestamp":"2026-03-24 11:42:32"}
{"level":"info","message":"[2026-03-24T06:12:32.211Z] GET /api/get-user/2","service":"eduvault-backend","timestamp":"2026-03-24 11:42:32"}
{"level":"info","message":"[2026-03-24T06:12:32.223Z] GET /api/get-user/2","service":"eduvault-backend","timestamp":"2026-03-24 11:42:32"}
{"level":"info","message":"[2026-03-24T06:12:32.227Z] GET /uploads/profile/profile-2.png","service":"eduvault-backend","timestamp":"2026-03-24 11:42:32"}
{"level":"info","message":"[2026-03-24T06:12:51.789Z] GET /api/get-user/2","service":"eduvault-backend","timestamp":"2026-03-24 11:42:51"}
{"level":"info","message":"[2026-03-24T06:13:00.174Z] GET /api/students","service":"eduvault-backend","timestamp":"2026-03-24 11:43:00"}
{"level":"info","message":"[2026-03-24T06:13:00.182Z] GET /api/departments","service":"eduvault-backend","timestamp":"2026-03-24 11:43:00"}
{"level":"info","message":"[2026-03-24T06:13:00.193Z] GET /api/students","service":"eduvault-backend","timestamp":"2026-03-24 11:43:00"}
{"level":"info","message":"[2026-03-24T06:13:00.202Z] GET /api/departments","service":"eduvault-backend","timestamp":"2026-03-24 11:43:00"}
{"level":"info","message":"[2026-03-24T06:13:02.186Z] GET /api/pending-internships","service":"eduvault-backend","timestamp":"2026-03-24 11:43:02"}
{"level":"info","message":"[2026-03-24T06:13:02.196Z] GET /api/pending-scholarships","service":"eduvault-backend","timestamp":"2026-03-24 11:43:02"}
{"level":"info","message":"[2026-03-24T06:13:02.206Z] GET /api/event-organized/pending","service":"eduvault-backend","timestamp":"2026-03-24 11:43:02"}
{"level":"info","message":"[2026-03-24T06:13:02.210Z] GET /api/event-attended/pending","service":"eduvault-backend","timestamp":"2026-03-24 11:43:02"}
{"level":"info","message":"[2026-03-24T06:13:02.217Z] GET /api/all/pending-leaves","service":"eduvault-backend","timestamp":"2026-03-24 11:43:02"}
{"level":"info","message":"[2026-03-24T06:13:02.219Z] GET /api/online-courses/pending","service":"eduvault-backend","timestamp":"2026-03-24 11:43:02"}
{"level":"info","message":"[2026-03-24T06:13:02.247Z] GET /api/pending-achievements","service":"eduvault-backend","timestamp":"2026-03-24 11:43:02"}
{"level":"info","message":"[2026-03-24T06:13:02.249Z] GET /api/publications/pending","service":"eduvault-backend","timestamp":"2026-03-24 11:43:02"}
{"level":"info","message":"[2026-03-24T06:13:02.251Z] GET /api/competency-coding/pending","service":"eduvault-backend","timestamp":"2026-03-24 11:43:02"}
{"level":"info","message":"[2026-03-24T06:13:02.254Z] GET /api/noncgpa/pending","service":"eduvault-backend","timestamp":"2026-03-24 11:43:02"}
{"level":"info","message":"[2026-03-24T06:13:02.274Z] GET /api/projects/pending","service":"eduvault-backend","timestamp":"2026-03-24 11:43:02"}
{"level":"info","message":"[2026-03-24T06:13:02.283Z] GET /api/hackathon/pending","service":"eduvault-backend","timestamp":"2026-03-24 11:43:02"}
{"level":"info","message":"[2026-03-24T06:13:02.299Z] GET /api/extracurricular/pending","service":"eduvault-backend","timestamp":"2026-03-24 11:43:02"}
{"level":"info","message":"[2026-03-24T06:13:02.322Z] GET /api/pending-scholarships","service":"eduvault-backend","timestamp":"2026-03-24 11:43:02"}
{"level":"info","message":"[2026-03-24T06:13:02.334Z] GET /api/event-organized/pending","service":"eduvault-backend","timestamp":"2026-03-24 11:43:02"}
{"level":"info","message":"[2026-03-24T06:13:02.339Z] GET /api/event-attended/pending","service":"eduvault-backend","timestamp":"2026-03-24 11:43:02"}
{"level":"info","message":"[2026-03-24T06:13:02.346Z] GET /api/all/pending-leaves","service":"eduvault-backend","timestamp":"2026-03-24 11:43:02"}
{"level":"info","message":"[2026-03-24T06:13:02.348Z] GET /api/pending-achievements","service":"eduvault-backend","timestamp":"2026-03-24 11:43:02"}
{"level":"info","message":"[2026-03-24T06:13:02.350Z] GET /api/pending-internships","service":"eduvault-backend","timestamp":"2026-03-24 11:43:02"}
{"level":"info","message":"[2026-03-24T06:13:02.357Z] GET /api/publications/pending","service":"eduvault-backend","timestamp":"2026-03-24 11:43:02"}
{"level":"info","message":"[2026-03-24T06:13:02.359Z] GET /api/projects/pending","service":"eduvault-backend","timestamp":"2026-03-24 11:43:02"}
{"level":"info","message":"[2026-03-24T06:13:02.363Z] GET /api/online-courses/pending","service":"eduvault-backend","timestamp":"2026-03-24 11:43:02"}
{"level":"info","message":"[2026-03-24T06:13:02.364Z] GET /api/competency-coding/pending","service":"eduvault-backend","timestamp":"2026-03-24 11:43:02"}
{"level":"info","message":"[2026-03-24T06:13:02.375Z] GET /api/extracurricular/pending","service":"eduvault-backend","timestamp":"2026-03-24 11:43:02"}
{"level":"info","message":"[2026-03-24T06:13:02.407Z] GET /api/noncgpa/pending","service":"eduvault-backend","timestamp":"2026-03-24 11:43:02"}
{"level":"info","message":"[2026-03-24T06:13:02.409Z] GET /api/hackathon/pending","service":"eduvault-backend","timestamp":"2026-03-24 11:43:02"}
{"level":"info","message":"[2026-03-24T06:13:03.040Z] GET /api/seed-money","service":"eduvault-backend","timestamp":"2026-03-24 11:43:03"}
{"level":"info","message":"[2026-03-24T06:13:03.046Z] GET /api/scholars","service":"eduvault-backend","timestamp":"2026-03-24 11:43:03"}
{"level":"info","message":"[2026-03-24T06:13:03.048Z] GET /api/proposals","service":"eduvault-backend","timestamp":"2026-03-24 11:43:03"}
{"level":"info","message":"[2026-03-24T06:13:03.052Z] GET /api/project-proposal","service":"eduvault-backend","timestamp":"2026-03-24 11:43:03"}
{"level":"info","message":"[2026-03-24T06:13:03.063Z] GET /api/events","service":"eduvault-backend","timestamp":"2026-03-24 11:43:03"}
{"level":"info","message":"[2026-03-24T06:13:03.067Z] GET /api/industry","service":"eduvault-backend","timestamp":"2026-03-24 11:43:03"}
{"level":"info","message":"[2026-03-24T06:13:03.145Z] GET /api/certifications","service":"eduvault-backend","timestamp":"2026-03-24 11:43:03"}
{"level":"info","message":"[2026-03-24T06:13:03.156Z] GET /api/book-chapters","service":"eduvault-backend","timestamp":"2026-03-24 11:43:03"}
{"level":"info","message":"[2026-03-24T06:13:03.163Z] GET /api/other/events-organized","service":"eduvault-backend","timestamp":"2026-03-24 11:43:03"}
{"level":"info","message":"[2026-03-24T06:13:03.164Z] GET /api/h-index","service":"eduvault-backend","timestamp":"2026-03-24 11:43:03"}
{"level":"info","message":"[2026-03-24T06:13:03.165Z] GET /api/resource-person","service":"eduvault-backend","timestamp":"2026-03-24 11:43:03"}
{"level":"info","message":"[2026-03-24T06:13:03.182Z] GET /api/recognition","service":"eduvault-backend","timestamp":"2026-03-24 11:43:03"}
{"level":"info","message":"[2026-03-24T06:13:03.196Z] GET /api/patent-product","service":"eduvault-backend","timestamp":"2026-03-24 11:43:03"}
{"level":"info","message":"[2026-03-24T06:13:03.209Z] GET /api/project-mentors","service":"eduvault-backend","timestamp":"2026-03-24 11:43:03"}
{"level":"info","message":"[2026-03-24T06:13:03.211Z] GET /api/project-proposal","service":"eduvault-backend","timestamp":"2026-03-24 11:43:03"}
{"level":"info","message":"[2026-03-24T06:13:03.219Z] GET /api/events","service":"eduvault-backend","timestamp":"2026-03-24 11:43:03"}
{"level":"info","message":"[2026-03-24T06:13:03.222Z] GET /api/proposals","service":"eduvault-backend","timestamp":"2026-03-24 11:43:03"}
{"level":"info","message":"[2026-03-24T06:13:03.232Z] GET /api/scholars","service":"eduvault-backend","timestamp":"2026-03-24 11:43:03"}
{"level":"info","message":"[2026-03-24T06:13:03.243Z] GET /api/seed-money","service":"eduvault-backend","timestamp":"2026-03-24 11:43:03"}
{"level":"info","message":"[2026-03-24T06:13:03.252Z] GET /api/other/events-organized","service":"eduvault-backend","timestamp":"2026-03-24 11:43:03"}
{"level":"info","message":"[2026-03-24T06:13:03.254Z] GET /api/certifications","service":"eduvault-backend","timestamp":"2026-03-24 11:43:03"}
{"level":"info","message":"[2026-03-24T06:13:03.257Z] GET /api/book-chapters","service":"eduvault-backend","timestamp":"2026-03-24 11:43:03"}
{"level":"info","message":"[2026-03-24T06:13:03.277Z] GET /api/h-index","service":"eduvault-backend","timestamp":"2026-03-24 11:43:03"}
{"level":"info","message":"[2026-03-24T06:13:03.290Z] GET /api/resource-person","service":"eduvault-backend","timestamp":"2026-03-24 11:43:03"}
{"level":"info","message":"[2026-03-24T06:13:03.296Z] GET /api/industry","service":"eduvault-backend","timestamp":"2026-03-24 11:43:03"}
{"level":"info","message":"[2026-03-24T06:13:03.307Z] GET /api/recognition","service":"eduvault-backend","timestamp":"2026-03-24 11:43:03"}
{"level":"info","message":"[2026-03-24T06:13:03.309Z] GET /api/patent-product","service":"eduvault-backend","timestamp":"2026-03-24 11:43:03"}
{"level":"info","message":"[2026-03-24T06:13:03.317Z] GET /api/project-mentors","service":"eduvault-backend","timestamp":"2026-03-24 11:43:03"}
{"level":"info","message":"[2026-03-24T06:13:03.328Z] GET /api/appraisals","service":"eduvault-backend","timestamp":"2026-03-24 11:43:03"}
{"level":"info","message":"[2026-03-24T06:13:03.350Z] GET /api/appraisals","service":"eduvault-backend","timestamp":"2026-03-24 11:43:03"}
{"level":"info","message":"[2026-03-24T06:13:04.196Z] GET /api/students","service":"eduvault-backend","timestamp":"2026-03-24 11:43:04"}
{"level":"info","message":"[2026-03-24T06:13:04.199Z] GET /api/departments","service":"eduvault-backend","timestamp":"2026-03-24 11:43:04"}
{"level":"info","message":"[2026-03-24T06:13:04.211Z] GET /api/students","service":"eduvault-backend","timestamp":"2026-03-24 11:43:04"}
{"level":"info","message":"[2026-03-24T06:13:04.214Z] GET /api/departments","service":"eduvault-backend","timestamp":"2026-03-24 11:43:04"}
{"level":"info","message":"[2026-03-24T06:13:04.476Z] GET /api/pending-internships","service":"eduvault-backend","timestamp":"2026-03-24 11:43:04"}
{"level":"info","message":"[2026-03-24T06:13:04.478Z] GET /api/pending-scholarships","service":"eduvault-backend","timestamp":"2026-03-24 11:43:04"}
{"level":"info","message":"[2026-03-24T06:13:04.480Z] GET /api/event-organized/pending","service":"eduvault-backend","timestamp":"2026-03-24 11:43:04"}
{"level":"info","message":"[2026-03-24T06:13:04.481Z] GET /api/event-attended/pending","service":"eduvault-backend","timestamp":"2026-03-24 11:43:04"}
{"level":"info","message":"[2026-03-24T06:13:04.483Z] GET /api/all/pending-leaves","service":"eduvault-backend","timestamp":"2026-03-24 11:43:04"}
{"level":"info","message":"[2026-03-24T06:13:04.484Z] GET /api/online-courses/pending","service":"eduvault-backend","timestamp":"2026-03-24 11:43:04"}
{"level":"info","message":"[2026-03-24T06:13:04.491Z] GET /api/pending-achievements","service":"eduvault-backend","timestamp":"2026-03-24 11:43:04"}
{"level":"info","message":"[2026-03-24T06:13:04.494Z] GET /api/publications/pending","service":"eduvault-backend","timestamp":"2026-03-24 11:43:04"}
{"level":"info","message":"[2026-03-24T06:13:04.499Z] GET /api/competency-coding/pending","service":"eduvault-backend","timestamp":"2026-03-24 11:43:04"}
{"level":"info","message":"[2026-03-24T06:13:04.501Z] GET /api/noncgpa/pending","service":"eduvault-backend","timestamp":"2026-03-24 11:43:04"}
{"level":"info","message":"[2026-03-24T06:13:04.505Z] GET /api/projects/pending","service":"eduvault-backend","timestamp":"2026-03-24 11:43:04"}
{"level":"info","message":"[2026-03-24T06:13:04.512Z] GET /api/hackathon/pending","service":"eduvault-backend","timestamp":"2026-03-24 11:43:04"}
{"level":"info","message":"[2026-03-24T06:13:04.523Z] GET /api/extracurricular/pending","service":"eduvault-backend","timestamp":"2026-03-24 11:43:04"}
{"level":"info","message":"[2026-03-24T06:13:19.495Z] GET /api/students","service":"eduvault-backend","timestamp":"2026-03-24 11:43:19"}
{"level":"info","message":"[2026-03-24T06:13:19.511Z] GET /api/departments","service":"eduvault-backend","timestamp":"2026-03-24 11:43:19"}
{"level":"info","message":"[2026-03-24T06:13:50.677Z] GET /api/student-education/pending-approvals","service":"eduvault-backend","timestamp":"2026-03-24 11:43:50"}
{"level":"info","message":"[2026-03-24T06:13:50.743Z] GET /api/student-education/pending-approvals","service":"eduvault-backend","timestamp":"2026-03-24 11:43:50"}
{"level":"info","message":"[2026-03-24T06:13:51.735Z] GET /api/skillrack/all-records","service":"eduvault-backend","timestamp":"2026-03-24 11:43:51"}
{"level":"info","message":"[2026-03-24T06:13:51.763Z] GET /api/skillrack/all-records","service":"eduvault-backend","timestamp":"2026-03-24 11:43:51"}
{"level":"info","message":"[2026-03-24T06:13:53.283Z] GET /api/staff/staff","service":"eduvault-backend","timestamp":"2026-03-24 11:43:53"}
{"level":"info","message":"[2026-03-24T06:13:53.344Z] GET /api/staff/staff","service":"eduvault-backend","timestamp":"2026-03-24 11:43:53"}
{"level":"info","message":"[2026-03-24T06:14:03.027Z] GET /api/other/events-organized","service":"eduvault-backend","timestamp":"2026-03-24 11:44:03"}
{"level":"info","message":"[2026-03-24T06:14:03.034Z] GET /api/resource-person","service":"eduvault-backend","timestamp":"2026-03-24 11:44:03"}
{"level":"info","message":"[2026-03-24T06:14:03.039Z] GET /api/book-chapters","service":"eduvault-backend","timestamp":"2026-03-24 11:44:03"}
{"level":"info","message":"[2026-03-24T06:14:03.041Z] GET /api/certifications","service":"eduvault-backend","timestamp":"2026-03-24 11:44:03"}
{"level":"info","message":"[2026-03-24T06:14:03.062Z] GET /api/h-index","service":"eduvault-backend","timestamp":"2026-03-24 11:44:03"}
{"level":"info","message":"[2026-03-24T06:14:03.071Z] GET /api/patent-product","service":"eduvault-backend","timestamp":"2026-03-24 11:44:03"}
{"level":"info","message":"[2026-03-24T06:14:03.073Z] GET /api/recognition","service":"eduvault-backend","timestamp":"2026-03-24 11:44:03"}
{"level":"info","message":"[2026-03-24T06:14:03.176Z] GET /api/project-mentors","service":"eduvault-backend","timestamp":"2026-03-24 11:44:03"}
{"level":"info","message":"[2026-03-24T06:14:03.179Z] GET /api/seed-money","service":"eduvault-backend","timestamp":"2026-03-24 11:44:03"}
{"level":"info","message":"[2026-03-24T06:14:03.181Z] GET /api/scholars","service":"eduvault-backend","timestamp":"2026-03-24 11:44:03"}
{"level":"info","message":"[2026-03-24T06:14:03.188Z] GET /api/proposals","service":"eduvault-backend","timestamp":"2026-03-24 11:44:03"}
{"level":"info","message":"[2026-03-24T06:14:03.198Z] GET /api/project-proposal","service":"eduvault-backend","timestamp":"2026-03-24 11:44:03"}
{"level":"info","message":"[2026-03-24T06:14:03.200Z] GET /api/events","service":"eduvault-backend","timestamp":"2026-03-24 11:44:03"}
{"level":"info","message":"[2026-03-24T06:14:03.247Z] GET /api/industry","service":"eduvault-backend","timestamp":"2026-03-24 11:44:03"}
{"level":"info","message":"[2026-03-24T06:14:03.249Z] GET /api/other/events-organized","service":"eduvault-backend","timestamp":"2026-03-24 11:44:03"}
{"level":"info","message":"[2026-03-24T06:14:03.272Z] GET /api/resource-person","service":"eduvault-backend","timestamp":"2026-03-24 11:44:03"}
{"level":"info","message":"[2026-03-24T06:14:03.275Z] GET /api/h-index","service":"eduvault-backend","timestamp":"2026-03-24 11:44:03"}
{"level":"info","message":"[2026-03-24T06:14:03.282Z] GET /api/book-chapters","service":"eduvault-backend","timestamp":"2026-03-24 11:44:03"}
{"level":"info","message":"[2026-03-24T06:14:03.284Z] GET /api/patent-product","service":"eduvault-backend","timestamp":"2026-03-24 11:44:03"}
{"level":"info","message":"[2026-03-24T06:14:03.285Z] GET /api/certifications","service":"eduvault-backend","timestamp":"2026-03-24 11:44:03"}
{"level":"info","message":"[2026-03-24T06:14:03.313Z] GET /api/recognition","service":"eduvault-backend","timestamp":"2026-03-24 11:44:03"}
{"level":"info","message":"[2026-03-24T06:14:03.315Z] GET /api/project-mentors","service":"eduvault-backend","timestamp":"2026-03-24 11:44:03"}
{"level":"info","message":"[2026-03-24T06:14:03.326Z] GET /api/appraisals","service":"eduvault-backend","timestamp":"2026-03-24 11:44:03"}
{"level":"info","message":"[2026-03-24T06:14:03.350Z] GET /api/appraisals","service":"eduvault-backend","timestamp":"2026-03-24 11:44:03"}
{"level":"info","message":"[2026-03-24T06:14:24.879Z] GET /api/students","service":"eduvault-backend","timestamp":"2026-03-24 11:44:24"}
{"level":"info","message":"[2026-03-24T06:14:24.883Z] GET /api/departments","service":"eduvault-backend","timestamp":"2026-03-24 11:44:24"}
{"level":"info","message":"[2026-03-24T06:14:24.900Z] GET /api/departments","service":"eduvault-backend","timestamp":"2026-03-24 11:44:24"}
{"level":"info","message":"[2026-03-24T06:14:24.913Z] GET /api/students","service":"eduvault-backend","timestamp":"2026-03-24 11:44:24"}
{"level":"info","message":"[2026-03-24T06:14:33.440Z] GET /api/students","service":"eduvault-backend","timestamp":"2026-03-24 11:44:33"}
{"level":"info","message":"[2026-03-24T06:14:33.464Z] GET /api/departments","service":"eduvault-backend","timestamp":"2026-03-24 11:44:33"}
{"level":"info","message":"[2026-03-24T06:17:13.079Z] GET /api/students","service":"eduvault-backend","timestamp":"2026-03-24 11:47:13"}
{"level":"info","message":"[2026-03-24T06:17:13.095Z] GET /api/get-staff?role=Staff","service":"eduvault-backend","timestamp":"2026-03-24 11:47:13"}
{"level":"info","message":"[2026-03-24T06:17:13.098Z] GET /api/department-counts","service":"eduvault-backend","timestamp":"2026-03-24 11:47:13"}
{"level":"info","message":"[2026-03-24T06:17:13.136Z] GET /api/department-counts","service":"eduvault-backend","timestamp":"2026-03-24 11:47:13"}
{"level":"info","message":"[2026-03-24T06:17:13.144Z] GET /api/get-staff?role=Staff","service":"eduvault-backend","timestamp":"2026-03-24 11:47:13"}
{"level":"info","message":"[2026-03-24T06:17:13.169Z] GET /api/students","service":"eduvault-backend","timestamp":"2026-03-24 11:47:13"}
{"level":"info","message":"[2026-03-24T06:17:27.182Z] GET /api/departments","service":"eduvault-backend","timestamp":"2026-03-24 11:47:27"}
{"level":"info","message":"[2026-03-24T06:17:27.202Z] GET /api/get-staff?role=Staff","service":"eduvault-backend","timestamp":"2026-03-24 11:47:27"}
{"level":"info","message":"[2026-03-24T06:17:27.208Z] GET /api/auth/me","service":"eduvault-backend","timestamp":"2026-03-24 11:47:27"}
{"level":"info","message":"[2026-03-24T06:17:27.210Z] GET /api/states","service":"eduvault-backend","timestamp":"2026-03-24 11:47:27"}
{"level":"info","message":"[2026-03-24T06:17:27.238Z] GET /api/departments","service":"eduvault-backend","timestamp":"2026-03-24 11:47:27"}
{"level":"info","message":"[2026-03-24T06:17:27.264Z] GET /api/states","service":"eduvault-backend","timestamp":"2026-03-24 11:47:27"}
{"level":"info","message":"[2026-03-24T06:17:27.274Z] GET /api/get-staff?role=Staff","service":"eduvault-backend","timestamp":"2026-03-24 11:47:27"}
{"level":"info","message":"[2026-03-24T06:17:27.287Z] GET /api/auth/me","service":"eduvault-backend","timestamp":"2026-03-24 11:47:27"}
{"level":"info","message":"[2026-03-24T06:17:27.294Z] GET /api/get-user/2","service":"eduvault-backend","timestamp":"2026-03-24 11:47:27"}
{"level":"info","message":"[2026-03-24T06:17:27.353Z] GET /api/get-user/2","service":"eduvault-backend","timestamp":"2026-03-24 11:47:27"}
{"level":"info","message":"[2026-03-24T06:17:27.405Z] GET /uploads/profile/profile-2.png","service":"eduvault-backend","timestamp":"2026-03-24 11:47:27"}
{"level":"info","message":"[2026-03-24T06:17:27.433Z] GET /api/students","service":"eduvault-backend","timestamp":"2026-03-24 11:47:27"}
{"level":"info","message":"[2026-03-24T06:17:27.441Z] GET /api/departments","service":"eduvault-backend","timestamp":"2026-03-24 11:47:27"}
{"level":"info","message":"[2026-03-24T06:17:27.447Z] GET /api/get-staff?role=Staff","service":"eduvault-backend","timestamp":"2026-03-24 11:47:27"}
{"level":"info","message":"[2026-03-24T06:17:27.450Z] GET /api/department-counts","service":"eduvault-backend","timestamp":"2026-03-24 11:47:27"}
{"level":"info","message":"[2026-03-24T06:17:27.462Z] GET /api/pending-scholarships","service":"eduvault-backend","timestamp":"2026-03-24 11:47:27"}
{"level":"info","message":"[2026-03-24T06:17:27.477Z] GET /api/event-organized/pending","service":"eduvault-backend","timestamp":"2026-03-24 11:47:27"}
{"level":"info","message":"[2026-03-24T06:17:27.509Z] GET /api/event-attended/pending","service":"eduvault-backend","timestamp":"2026-03-24 11:47:27"}
{"level":"info","message":"[2026-03-24T06:17:27.511Z] GET /api/pending-internships","service":"eduvault-backend","timestamp":"2026-03-24 11:47:27"}
{"level":"info","message":"[2026-03-24T06:17:27.513Z] GET /api/online-courses/pending","service":"eduvault-backend","timestamp":"2026-03-24 11:47:27"}
{"level":"info","message":"[2026-03-24T06:17:27.515Z] GET /api/publications/pending","service":"eduvault-backend","timestamp":"2026-03-24 11:47:27"}
{"level":"info","message":"[2026-03-24T06:17:27.519Z] GET /api/competency-coding/pending","service":"eduvault-backend","timestamp":"2026-03-24 11:47:27"}
{"level":"info","message":"[2026-03-24T06:17:27.538Z] GET /api/pending-achievements","service":"eduvault-backend","timestamp":"2026-03-24 11:47:27"}
{"level":"info","message":"[2026-03-24T06:17:27.540Z] GET /api/noncgpa/pending","service":"eduvault-backend","timestamp":"2026-03-24 11:47:27"}
{"level":"info","message":"[2026-03-24T06:17:27.561Z] GET /api/projects/pending","service":"eduvault-backend","timestamp":"2026-03-24 11:47:27"}
{"level":"info","message":"[2026-03-24T06:17:27.571Z] GET /api/hackathon/pending","service":"eduvault-backend","timestamp":"2026-03-24 11:47:27"}
{"level":"info","message":"[2026-03-24T06:17:27.573Z] GET /api/extracurricular/pending","service":"eduvault-backend","timestamp":"2026-03-24 11:47:27"}
{"level":"info","message":"[2026-03-24T06:17:27.626Z] GET /api/all/pending-leaves","service":"eduvault-backend","timestamp":"2026-03-24 11:47:27"}
{"level":"info","message":"[2026-03-24T06:17:27.636Z] GET /api/pending-internships?userID=2","service":"eduvault-backend","timestamp":"2026-03-24 11:47:27"}
{"level":"info","message":"[2026-03-24T06:17:27.641Z] GET /api/fetch-internships?UserId=2","service":"eduvault-backend","timestamp":"2026-03-24 11:47:27"}
{"level":"info","message":"[2026-03-24T06:17:27.644Z] GET /api/event-attended/list?UserId=2","service":"eduvault-backend","timestamp":"2026-03-24 11:47:27"}
{"level":"info","message":"[2026-03-24T06:17:27.646Z] GET /api/fetch-scholarships?UserId=2","service":"eduvault-backend","timestamp":"2026-03-24 11:47:27"}
{"level":"info","message":"[2026-03-24T06:17:27.655Z] GET /api/event-organized/approved?UserId=2","service":"eduvault-backend","timestamp":"2026-03-24 11:47:27"}
{"level":"info","message":"[2026-03-24T06:17:27.656Z] GET /api/pending-leaves?Userid=2","service":"eduvault-backend","timestamp":"2026-03-24 11:47:27"}
{"level":"info","message":"[2026-03-24T06:17:27.684Z] GET /api/event-organized/pending?UserId=2","service":"eduvault-backend","timestamp":"2026-03-24 11:47:27"}
{"level":"info","message":"[2026-03-24T06:17:27.688Z] GET /api/fetch-leaves?Userid=2","service":"eduvault-backend","timestamp":"2026-03-24 11:47:27"}
{"level":"info","message":"[2026-03-24T06:17:27.693Z] GET /api/user-achievements/2","service":"eduvault-backend","timestamp":"2026-03-24 11:47:27"}
{"level":"info","message":"[2026-03-24T06:17:27.697Z] GET /api/hackathon/my-events","service":"eduvault-backend","timestamp":"2026-03-24 11:47:27"}
{"level":"info","message":"[2026-03-24T06:17:27.699Z] GET /api/publications/my-publications?UserId=2","service":"eduvault-backend","timestamp":"2026-03-24 11:47:27"}
{"level":"info","message":"[2026-03-24T06:17:27.700Z] GET /api/competency-coding/my-record?UserId=2","service":"eduvault-backend","timestamp":"2026-03-24 11:47:27"}
{"level":"info","message":"[2026-03-24T06:17:27.710Z] GET /api/competency-coding/skillrack/summary?UserId=2","service":"eduvault-backend","timestamp":"2026-03-24 11:47:27"}
{"level":"info","message":"[2026-03-24T06:17:27.731Z] GET /api/competency-coding/platform/all?UserId=2","service":"eduvault-backend","timestamp":"2026-03-24 11:47:27"}
{"level":"info","message":"[2026-03-24T06:17:27.733Z] GET /api/competency-coding/analytics?UserId=2","service":"eduvault-backend","timestamp":"2026-03-24 11:47:27"}
{"level":"info","message":"[2026-03-24T06:17:27.734Z] GET /api/projects/my-projects?UserId=2","service":"eduvault-backend","timestamp":"2026-03-24 11:47:27"}
{"level":"info","message":"[2026-03-24T06:17:27.739Z] GET /api/extracurricular/my-activities?UserId=2","service":"eduvault-backend","timestamp":"2026-03-24 11:47:27"}
{"level":"info","message":"[2026-03-24T06:17:27.750Z] GET /api/noncgpa/dropdown/categories","service":"eduvault-backend","timestamp":"2026-03-24 11:47:27"}
{"level":"info","message":"[2026-03-24T06:17:27.764Z] GET /api/noncgpa/dropdown/course-names","service":"eduvault-backend","timestamp":"2026-03-24 11:47:27"}
{"level":"info","message":"[2026-03-24T06:17:27.765Z] GET /api/noncgpa/dropdown/course-codes","service":"eduvault-backend","timestamp":"2026-03-24 11:47:27"}
{"level":"info","message":"[2026-03-24T06:17:27.771Z] GET /api/noncgpa/my-records?UserId=2","service":"eduvault-backend","timestamp":"2026-03-24 11:47:27"}
{"level":"info","message":"[2026-03-24T06:17:27.780Z] GET /api/skillrack/my-record?UserId=2","service":"eduvault-backend","timestamp":"2026-03-24 11:47:27"}
{"level":"info","message":"[2026-03-24T06:17:27.782Z] GET /api/skillrack/my-stats?UserId=2","service":"eduvault-backend","timestamp":"2026-03-24 11:47:27"}
{"level":"info","message":"[2026-03-24T06:17:27.793Z] GET /api/student-certificate/list","service":"eduvault-backend","timestamp":"2026-03-24 11:47:27"}
{"level":"info","message":"[2026-03-24T06:17:27.795Z] GET /api/departments","service":"eduvault-backend","timestamp":"2026-03-24 11:47:27"}
{"level":"info","message":"[2026-03-24T06:17:27.804Z] GET /api/students","service":"eduvault-backend","timestamp":"2026-03-24 11:47:27"}
{"level":"info","message":"[2026-03-24T06:17:27.808Z] GET /api/get-staff?role=Staff","service":"eduvault-backend","timestamp":"2026-03-24 11:47:27"}
{"level":"info","message":"[2026-03-24T06:17:27.814Z] GET /api/department-counts","service":"eduvault-backend","timestamp":"2026-03-24 11:47:27"}
{"level":"info","message":"[2026-03-24T06:17:27.817Z] GET /api/departments","service":"eduvault-backend","timestamp":"2026-03-24 11:47:27"}
{"level":"info","message":"[2026-03-24T06:17:27.827Z] GET /api/staffs","service":"eduvault-backend","timestamp":"2026-03-24 11:47:27"}
{"level":"info","message":"[2026-03-24T06:17:27.841Z] GET /api/students","service":"eduvault-backend","timestamp":"2026-03-24 11:47:27"}
{"level":"info","message":"[2026-03-24T06:17:27.861Z] GET /api/students","service":"eduvault-backend","timestamp":"2026-03-24 11:47:27"}
{"level":"info","message":"[2026-03-24T06:17:27.866Z] GET /api/departments","service":"eduvault-backend","timestamp":"2026-03-24 11:47:27"}
{"level":"info","message":"[2026-03-24T06:17:27.873Z] GET /api/students","service":"eduvault-backend","timestamp":"2026-03-24 11:47:27"}
{"level":"info","message":"[2026-03-24T06:17:27.876Z] GET /api/departments","service":"eduvault-backend","timestamp":"2026-03-24 11:47:27"}
{"level":"info","message":"[2026-03-24T06:17:27.885Z] GET /api/departments","service":"eduvault-backend","timestamp":"2026-03-24 11:47:27"}
{"level":"info","message":"[2026-03-24T06:17:27.889Z] GET /api/staffs","service":"eduvault-backend","timestamp":"2026-03-24 11:47:27"}
{"level":"info","message":"[2026-03-24T06:17:27.891Z] GET /api/students","service":"eduvault-backend","timestamp":"2026-03-24 11:47:27"}
{"level":"info","message":"[2026-03-24T06:17:27.898Z] GET /api/departments","service":"eduvault-backend","timestamp":"2026-03-24 11:47:27"}
{"level":"info","message":"[2026-03-24T06:17:27.900Z] GET /uploads/default.jpg","service":"eduvault-backend","timestamp":"2026-03-24 11:47:27"}
{"level":"info","message":"[2026-03-24T06:17:27.914Z] GET /api/staffs","service":"eduvault-backend","timestamp":"2026-03-24 11:47:27"}
{"level":"info","message":"[2026-03-24T06:17:57.676Z] GET /api/departments","service":"eduvault-backend","timestamp":"2026-03-24 11:47:57"}
{"level":"info","message":"[2026-03-24T06:17:57.692Z] GET /api/get-staff?role=Staff","service":"eduvault-backend","timestamp":"2026-03-24 11:47:57"}
{"level":"info","message":"[2026-03-24T06:17:57.694Z] GET /api/states","service":"eduvault-backend","timestamp":"2026-03-24 11:47:57"}
{"level":"info","message":"[2026-03-24T06:17:57.696Z] GET /api/auth/me","service":"eduvault-backend","timestamp":"2026-03-24 11:47:57"}
{"level":"info","message":"[2026-03-24T06:17:57.705Z] GET /api/departments","service":"eduvault-backend","timestamp":"2026-03-24 11:47:57"}
{"level":"info","message":"[2026-03-24T06:17:57.719Z] GET /api/auth/me","service":"eduvault-backend","timestamp":"2026-03-24 11:47:57"}
{"level":"info","message":"[2026-03-24T06:17:57.741Z] GET /api/get-user/2","service":"eduvault-backend","timestamp":"2026-03-24 11:47:57"}
{"level":"info","message":"[2026-03-24T06:17:57.778Z] GET /api/states","service":"eduvault-backend","timestamp":"2026-03-24 11:47:57"}
{"level":"info","message":"[2026-03-24T06:17:57.783Z] GET /api/get-user/2","service":"eduvault-backend","timestamp":"2026-03-24 11:47:57"}
{"level":"info","message":"[2026-03-24T06:17:57.785Z] GET /api/get-staff?role=Staff","service":"eduvault-backend","timestamp":"2026-03-24 11:47:57"}
{"level":"info","message":"[2026-03-24T06:17:57.804Z] GET /uploads/profile/profile-2.png","service":"eduvault-backend","timestamp":"2026-03-24 11:47:57"}
{"level":"info","message":"[2026-03-24T06:17:57.821Z] GET /api/students","service":"eduvault-backend","timestamp":"2026-03-24 11:47:57"}
{"level":"info","message":"[2026-03-24T06:17:57.832Z] GET /api/departments","service":"eduvault-backend","timestamp":"2026-03-24 11:47:57"}
{"level":"info","message":"[2026-03-24T06:17:57.836Z] GET /api/get-staff?role=Staff","service":"eduvault-backend","timestamp":"2026-03-24 11:47:57"}
{"level":"info","message":"[2026-03-24T06:17:57.842Z] GET /api/department-counts","service":"eduvault-backend","timestamp":"2026-03-24 11:47:57"}
{"level":"info","message":"[2026-03-24T06:17:57.845Z] GET /api/pending-internships","service":"eduvault-backend","timestamp":"2026-03-24 11:47:57"}
{"level":"info","message":"[2026-03-24T06:17:57.847Z] GET /api/pending-scholarships","service":"eduvault-backend","timestamp":"2026-03-24 11:47:57"}
{"level":"info","message":"[2026-03-24T06:17:57.865Z] GET /api/event-organized/pending","service":"eduvault-backend","timestamp":"2026-03-24 11:47:57"}
{"level":"info","message":"[2026-03-24T06:17:57.867Z] GET /api/event-attended/pending","service":"eduvault-backend","timestamp":"2026-03-24 11:47:57"}
{"level":"info","message":"[2026-03-24T06:17:57.873Z] GET /api/all/pending-leaves","service":"eduvault-backend","timestamp":"2026-03-24 11:47:57"}
{"level":"info","message":"[2026-03-24T06:17:57.881Z] GET /api/online-courses/pending","service":"eduvault-backend","timestamp":"2026-03-24 11:47:57"}
{"level":"info","message":"[2026-03-24T06:17:57.883Z] GET /api/pending-achievements","service":"eduvault-backend","timestamp":"2026-03-24 11:47:57"}
{"level":"info","message":"[2026-03-24T06:17:57.884Z] GET /api/publications/pending","service":"eduvault-backend","timestamp":"2026-03-24 11:47:57"}
{"level":"info","message":"[2026-03-24T06:17:57.889Z] GET /api/competency-coding/pending","service":"eduvault-backend","timestamp":"2026-03-24 11:47:57"}
{"level":"info","message":"[2026-03-24T06:17:57.891Z] GET /api/noncgpa/pending","service":"eduvault-backend","timestamp":"2026-03-24 11:47:57"}
{"level":"info","message":"[2026-03-24T06:17:57.892Z] GET /api/projects/pending","service":"eduvault-backend","timestamp":"2026-03-24 11:47:57"}
{"level":"info","message":"[2026-03-24T06:17:57.895Z] GET /api/hackathon/pending","service":"eduvault-backend","timestamp":"2026-03-24 11:47:57"}
{"level":"info","message":"[2026-03-24T06:17:57.917Z] GET /api/extracurricular/pending","service":"eduvault-backend","timestamp":"2026-03-24 11:47:57"}
{"level":"info","message":"[2026-03-24T06:17:57.927Z] GET /api/fetch-internships?UserId=2","service":"eduvault-backend","timestamp":"2026-03-24 11:47:57"}
{"level":"info","message":"[2026-03-24T06:17:57.931Z] GET /api/pending-internships?userID=2","service":"eduvault-backend","timestamp":"2026-03-24 11:47:57"}
{"level":"info","message":"[2026-03-24T06:17:57.932Z] GET /api/event-attended/list?UserId=2","service":"eduvault-backend","timestamp":"2026-03-24 11:47:57"}
{"level":"info","message":"[2026-03-24T06:17:57.938Z] GET /api/fetch-scholarships?UserId=2","service":"eduvault-backend","timestamp":"2026-03-24 11:47:57"}
{"level":"info","message":"[2026-03-24T06:17:57.940Z] GET /api/event-organized/approved?UserId=2","service":"eduvault-backend","timestamp":"2026-03-24 11:47:57"}
{"level":"info","message":"[2026-03-24T06:17:57.960Z] GET /api/event-organized/pending?UserId=2","service":"eduvault-backend","timestamp":"2026-03-24 11:47:57"}
{"level":"info","message":"[2026-03-24T06:17:57.962Z] GET /api/pending-leaves?Userid=2","service":"eduvault-backend","timestamp":"2026-03-24 11:47:57"}
{"level":"info","message":"[2026-03-24T06:17:57.965Z] GET /api/fetch-leaves?Userid=2","service":"eduvault-backend","timestamp":"2026-03-24 11:47:57"}
{"level":"info","message":"[2026-03-24T06:17:57.971Z] GET /api/user-achievements/2","service":"eduvault-backend","timestamp":"2026-03-24 11:47:57"}
{"level":"info","message":"[2026-03-24T06:17:57.975Z] GET /api/hackathon/my-events","service":"eduvault-backend","timestamp":"2026-03-24 11:47:57"}
{"level":"info","message":"[2026-03-24T06:17:57.984Z] GET /api/publications/my-publications?UserId=2","service":"eduvault-backend","timestamp":"2026-03-24 11:47:57"}
{"level":"info","message":"[2026-03-24T06:17:57.986Z] GET /api/competency-coding/my-record?UserId=2","service":"eduvault-backend","timestamp":"2026-03-24 11:47:57"}
{"level":"info","message":"[2026-03-24T06:17:57.996Z] GET /api/competency-coding/skillrack/summary?UserId=2","service":"eduvault-backend","timestamp":"2026-03-24 11:47:57"}
{"level":"info","message":"[2026-03-24T06:17:58.003Z] GET /api/competency-coding/platform/all?UserId=2","service":"eduvault-backend","timestamp":"2026-03-24 11:47:58"}
{"level":"info","message":"[2026-03-24T06:17:58.006Z] GET /api/competency-coding/analytics?UserId=2","service":"eduvault-backend","timestamp":"2026-03-24 11:47:58"}
{"level":"info","message":"[2026-03-24T06:17:58.013Z] GET /api/projects/my-projects?UserId=2","service":"eduvault-backend","timestamp":"2026-03-24 11:47:58"}
{"level":"info","message":"[2026-03-24T06:17:58.015Z] GET /api/extracurricular/my-activities?UserId=2","service":"eduvault-backend","timestamp":"2026-03-24 11:47:58"}
{"level":"info","message":"[2026-03-24T06:17:58.023Z] GET /api/noncgpa/dropdown/categories","service":"eduvault-backend","timestamp":"2026-03-24 11:47:58"}
{"level":"info","message":"[2026-03-24T06:17:58.031Z] GET /api/noncgpa/dropdown/course-names","service":"eduvault-backend","timestamp":"2026-03-24 11:47:58"}
{"level":"info","message":"[2026-03-24T06:17:58.033Z] GET /api/noncgpa/dropdown/course-codes","service":"eduvault-backend","timestamp":"2026-03-24 11:47:58"}
{"level":"info","message":"[2026-03-24T06:17:58.043Z] GET /api/noncgpa/my-records?UserId=2","service":"eduvault-backend","timestamp":"2026-03-24 11:47:58"}
{"level":"info","message":"[2026-03-24T06:17:58.044Z] GET /api/skillrack/my-record?UserId=2","service":"eduvault-backend","timestamp":"2026-03-24 11:47:58"}
{"level":"info","message":"[2026-03-24T06:17:58.050Z] GET /api/skillrack/my-stats?UserId=2","service":"eduvault-backend","timestamp":"2026-03-24 11:47:58"}
{"level":"info","message":"[2026-03-24T06:17:58.060Z] GET /api/student-certificate/list","service":"eduvault-backend","timestamp":"2026-03-24 11:47:58"}
{"level":"info","message":"[2026-03-24T06:17:58.062Z] GET /api/departments","service":"eduvault-backend","timestamp":"2026-03-24 11:47:58"}
{"level":"info","message":"[2026-03-24T06:17:58.067Z] GET /api/department-counts","service":"eduvault-backend","timestamp":"2026-03-24 11:47:58"}
{"level":"info","message":"[2026-03-24T06:17:58.069Z] GET /api/students","service":"eduvault-backend","timestamp":"2026-03-24 11:47:58"}
{"level":"info","message":"[2026-03-24T06:17:58.072Z] GET /api/get-staff?role=Staff","service":"eduvault-backend","timestamp":"2026-03-24 11:47:58"}
{"level":"info","message":"[2026-03-24T06:17:58.078Z] GET /api/departments","service":"eduvault-backend","timestamp":"2026-03-24 11:47:58"}
{"level":"info","message":"[2026-03-24T06:17:58.082Z] GET /api/staffs","service":"eduvault-backend","timestamp":"2026-03-24 11:47:58"}
{"level":"info","message":"[2026-03-24T06:17:58.095Z] GET /api/students","service":"eduvault-backend","timestamp":"2026-03-24 11:47:58"}
{"level":"info","message":"[2026-03-24T06:17:58.109Z] GET /api/students","service":"eduvault-backend","timestamp":"2026-03-24 11:47:58"}
{"level":"info","message":"[2026-03-24T06:17:58.118Z] GET /api/students","service":"eduvault-backend","timestamp":"2026-03-24 11:47:58"}
{"level":"info","message":"[2026-03-24T06:17:58.120Z] GET /api/departments","service":"eduvault-backend","timestamp":"2026-03-24 11:47:58"}
{"level":"info","message":"[2026-03-24T06:17:58.129Z] GET /api/departments","service":"eduvault-backend","timestamp":"2026-03-24 11:47:58"}
{"level":"info","message":"[2026-03-24T06:17:58.132Z] GET /api/students","service":"eduvault-backend","timestamp":"2026-03-24 11:47:58"}
{"level":"info","message":"[2026-03-24T06:17:58.138Z] GET /api/departments","service":"eduvault-backend","timestamp":"2026-03-24 11:47:58"}
{"level":"info","message":"[2026-03-24T06:17:58.143Z] GET /uploads/default.jpg","service":"eduvault-backend","timestamp":"2026-03-24 11:47:58"}
{"level":"info","message":"[2026-03-24T06:17:58.144Z] GET /api/staffs","service":"eduvault-backend","timestamp":"2026-03-24 11:47:58"}
{"level":"info","message":"[2026-03-24T06:17:58.151Z] GET /api/departments","service":"eduvault-backend","timestamp":"2026-03-24 11:47:58"}
{"level":"info","message":"[2026-03-24T06:17:58.164Z] GET /api/staffs","service":"eduvault-backend","timestamp":"2026-03-24 11:47:58"}
{"level":"info","message":"[2026-03-24T06:22:41.477Z] GET /api/students","service":"eduvault-backend","timestamp":"2026-03-24 11:52:41"}
{"level":"info","message":"[2026-03-24T06:22:41.498Z] GET /api/departments","service":"eduvault-backend","timestamp":"2026-03-24 11:52:41"}
{"level":"info","message":"[2026-03-24T06:22:58.465Z] GET /api/pending-internships","service":"eduvault-backend","timestamp":"2026-03-24 11:52:58"}
{"level":"info","message":"[2026-03-24T06:22:58.474Z] GET /api/pending-scholarships","service":"eduvault-backend","timestamp":"2026-03-24 11:52:58"}
{"level":"info","message":"[2026-03-24T06:22:58.478Z] GET /api/event-organized/pending","service":"eduvault-backend","timestamp":"2026-03-24 11:52:58"}
{"level":"info","message":"[2026-03-24T06:22:58.494Z] GET /api/event-attended/pending","service":"eduvault-backend","timestamp":"2026-03-24 11:52:58"}
{"level":"info","message":"[2026-03-24T06:22:58.497Z] GET /api/all/pending-leaves","service":"eduvault-backend","timestamp":"2026-03-24 11:52:58"}
{"level":"info","message":"[2026-03-24T06:22:58.499Z] GET /api/pending-achievements","service":"eduvault-backend","timestamp":"2026-03-24 11:52:58"}
{"level":"info","message":"[2026-03-24T06:22:58.502Z] GET /api/online-courses/pending","service":"eduvault-backend","timestamp":"2026-03-24 11:52:58"}
{"level":"info","message":"[2026-03-24T06:22:58.514Z] GET /api/publications/pending","service":"eduvault-backend","timestamp":"2026-03-24 11:52:58"}
{"level":"info","message":"[2026-03-24T06:22:58.521Z] GET /api/competency-coding/pending","service":"eduvault-backend","timestamp":"2026-03-24 11:52:58"}
{"level":"info","message":"[2026-03-24T06:22:58.523Z] GET /api/noncgpa/pending","service":"eduvault-backend","timestamp":"2026-03-24 11:52:58"}
{"level":"info","message":"[2026-03-24T06:22:58.525Z] GET /api/projects/pending","service":"eduvault-backend","timestamp":"2026-03-24 11:52:58"}
{"level":"info","message":"[2026-03-24T06:22:58.542Z] GET /api/hackathon/pending","service":"eduvault-backend","timestamp":"2026-03-24 11:52:58"}
{"level":"info","message":"[2026-03-24T06:22:58.563Z] GET /api/extracurricular/pending","service":"eduvault-backend","timestamp":"2026-03-24 11:52:58"}
{"level":"info","message":"[2026-03-24T06:25:54.515Z] GET /api/student-education/pending-approvals","service":"eduvault-backend","timestamp":"2026-03-24 11:55:54"}
{"level":"info","message":"[2026-03-24T06:25:54.522Z] GET /api/student-education/pending-approvals","service":"eduvault-backend","timestamp":"2026-03-24 11:55:54"}
{"level":"info","message":"[2026-03-24T06:25:54.572Z] POST /api/auth/refresh","service":"eduvault-backend","timestamp":"2026-03-24 11:55:54"}
{"level":"info","message":"[2026-03-24T06:26:00.264Z] GET /api/departments","service":"eduvault-backend","timestamp":"2026-03-24 11:56:00"}
{"level":"info","message":"[2026-03-24T06:26:00.272Z] GET /api/get-staff?role=Staff","service":"eduvault-backend","timestamp":"2026-03-24 11:56:00"}
{"level":"info","message":"[2026-03-24T06:26:00.280Z] GET /api/departments","service":"eduvault-backend","timestamp":"2026-03-24 11:56:00"}
{"level":"info","message":"[2026-03-24T06:26:00.288Z] GET /api/states","service":"eduvault-backend","timestamp":"2026-03-24 11:56:00"}
{"level":"info","message":"[2026-03-24T06:26:00.328Z] GET /api/states","service":"eduvault-backend","timestamp":"2026-03-24 11:56:00"}
{"level":"info","message":"[2026-03-24T06:26:00.336Z] GET /api/get-staff?role=Staff","service":"eduvault-backend","timestamp":"2026-03-24 11:56:00"}
{"level":"info","message":"[2026-03-24T06:26:12.975Z] POST /api/auth/login","service":"eduvault-backend","timestamp":"2026-03-24 11:56:12"}
{"level":"info","message":"[2026-03-24T06:26:19.338Z] POST /api/auth/login","service":"eduvault-backend","timestamp":"2026-03-24 11:56:19"}
{"level":"info","message":"[2026-03-24T06:26:19.460Z] GET /api/auth/me","service":"eduvault-backend","timestamp":"2026-03-24 11:56:19"}
{"level":"info","message":"[2026-03-24T06:26:19.469Z] GET /api/get-user/3","service":"eduvault-backend","timestamp":"2026-03-24 11:56:19"}
{"level":"info","message":"[2026-03-24T06:26:19.504Z] GET /api/departments","service":"eduvault-backend","timestamp":"2026-03-24 11:56:19"}
{"level":"info","message":"[2026-03-24T06:26:19.517Z] GET /api/students","service":"eduvault-backend","timestamp":"2026-03-24 11:56:19"}
{"level":"info","message":"[2026-03-24T06:26:19.523Z] GET /api/get-staff?role=Staff","service":"eduvault-backend","timestamp":"2026-03-24 11:56:19"}
{"level":"info","message":"[2026-03-24T06:26:19.535Z] GET /api/department-counts","service":"eduvault-backend","timestamp":"2026-03-24 11:56:19"}
{"level":"info","message":"[2026-03-24T06:26:19.537Z] GET /api/pending-internships","service":"eduvault-backend","timestamp":"2026-03-24 11:56:19"}
{"level":"info","message":"[2026-03-24T06:26:19.547Z] GET /api/event-organized/pending","service":"eduvault-backend","timestamp":"2026-03-24 11:56:19"}
{"level":"info","message":"[2026-03-24T06:26:19.555Z] GET /api/pending-scholarships","service":"eduvault-backend","timestamp":"2026-03-24 11:56:19"}
{"level":"info","message":"[2026-03-24T06:26:19.567Z] GET /api/event-attended/pending","service":"eduvault-backend","timestamp":"2026-03-24 11:56:19"}
{"level":"info","message":"[2026-03-24T06:26:19.570Z] GET /api/all/pending-leaves","service":"eduvault-backend","timestamp":"2026-03-24 11:56:19"}
{"level":"info","message":"[2026-03-24T06:26:19.574Z] GET /api/online-courses/pending","service":"eduvault-backend","timestamp":"2026-03-24 11:56:19"}
{"level":"info","message":"[2026-03-24T06:26:19.578Z] GET /api/pending-achievements","service":"eduvault-backend","timestamp":"2026-03-24 11:56:19"}
{"level":"info","message":"[2026-03-24T06:26:19.582Z] GET /api/publications/pending","service":"eduvault-backend","timestamp":"2026-03-24 11:56:19"}
{"level":"info","message":"[2026-03-24T06:26:19.585Z] GET /api/competency-coding/pending","service":"eduvault-backend","timestamp":"2026-03-24 11:56:19"}
{"level":"info","message":"[2026-03-24T06:26:19.593Z] GET /api/noncgpa/pending","service":"eduvault-backend","timestamp":"2026-03-24 11:56:19"}
{"level":"info","message":"[2026-03-24T06:26:19.595Z] GET /api/projects/pending","service":"eduvault-backend","timestamp":"2026-03-24 11:56:19"}
{"level":"info","message":"[2026-03-24T06:26:19.600Z] GET /api/hackathon/pending","service":"eduvault-backend","timestamp":"2026-03-24 11:56:19"}
{"level":"info","message":"[2026-03-24T06:26:19.627Z] GET /api/extracurricular/pending","service":"eduvault-backend","timestamp":"2026-03-24 11:56:19"}
{"level":"info","message":"[2026-03-24T06:26:19.636Z] GET /api/fetch-internships?UserId=3","service":"eduvault-backend","timestamp":"2026-03-24 11:56:19"}
{"level":"info","message":"[2026-03-24T06:26:19.638Z] GET /api/pending-internships?userID=3","service":"eduvault-backend","timestamp":"2026-03-24 11:56:19"}
{"level":"info","message":"[2026-03-24T06:26:19.640Z] GET /api/event-attended/list?UserId=3","service":"eduvault-backend","timestamp":"2026-03-24 11:56:19"}
{"level":"info","message":"[2026-03-24T06:26:19.642Z] GET /api/event-organized/approved?UserId=3","service":"eduvault-backend","timestamp":"2026-03-24 11:56:19"}
{"level":"info","message":"[2026-03-24T06:26:19.650Z] GET /api/fetch-scholarships?UserId=3","service":"eduvault-backend","timestamp":"2026-03-24 11:56:19"}
{"level":"info","message":"[2026-03-24T06:26:19.677Z] GET /api/event-organized/pending?UserId=3","service":"eduvault-backend","timestamp":"2026-03-24 11:56:19"}
{"level":"info","message":"[2026-03-24T06:26:19.685Z] GET /api/pending-leaves?Userid=3","service":"eduvault-backend","timestamp":"2026-03-24 11:56:19"}
{"level":"info","message":"[2026-03-24T06:26:19.687Z] GET /api/user-achievements/3","service":"eduvault-backend","timestamp":"2026-03-24 11:56:19"}
{"level":"info","message":"[2026-03-24T06:26:19.696Z] GET /api/hackathon/my-events","service":"eduvault-backend","timestamp":"2026-03-24 11:56:19"}
{"level":"info","message":"[2026-03-24T06:26:19.699Z] GET /api/fetch-leaves?Userid=3","service":"eduvault-backend","timestamp":"2026-03-24 11:56:19"}
{"level":"info","message":"[2026-03-24T06:26:19.701Z] GET /api/publications/my-publications?UserId=3","service":"eduvault-backend","timestamp":"2026-03-24 11:56:19"}
{"level":"info","message":"[2026-03-24T06:26:19.713Z] GET /api/competency-coding/my-record?UserId=3","service":"eduvault-backend","timestamp":"2026-03-24 11:56:19"}
{"level":"info","message":"[2026-03-24T06:26:19.731Z] GET /api/competency-coding/skillrack/summary?UserId=3","service":"eduvault-backend","timestamp":"2026-03-24 11:56:19"}
{"level":"info","message":"[2026-03-24T06:26:19.739Z] GET /api/noncgpa/dropdown/categories","service":"eduvault-backend","timestamp":"2026-03-24 11:56:19"}
{"level":"info","message":"[2026-03-24T06:26:19.743Z] GET /api/noncgpa/dropdown/course-names","service":"eduvault-backend","timestamp":"2026-03-24 11:56:19"}
{"level":"info","message":"[2026-03-24T06:26:19.749Z] GET /api/competency-coding/platform/all?UserId=3","service":"eduvault-backend","timestamp":"2026-03-24 11:56:19"}
{"level":"info","message":"[2026-03-24T06:26:19.752Z] GET /api/competency-coding/analytics?UserId=3","service":"eduvault-backend","timestamp":"2026-03-24 11:56:19"}
{"level":"info","message":"[2026-03-24T06:26:19.760Z] GET /api/extracurricular/my-activities?UserId=3","service":"eduvault-backend","timestamp":"2026-03-24 11:56:19"}
{"level":"info","message":"[2026-03-24T06:26:19.769Z] GET /api/projects/my-projects?UserId=3","service":"eduvault-backend","timestamp":"2026-03-24 11:56:19"}
{"level":"info","message":"[2026-03-24T06:26:19.771Z] GET /api/noncgpa/dropdown/course-codes","service":"eduvault-backend","timestamp":"2026-03-24 11:56:19"}
{"level":"info","message":"[2026-03-24T06:26:19.779Z] GET /api/skillrack/my-stats?UserId=3","service":"eduvault-backend","timestamp":"2026-03-24 11:56:19"}
{"level":"info","message":"[2026-03-24T06:26:19.782Z] GET /api/student-certificate/list","service":"eduvault-backend","timestamp":"2026-03-24 11:56:19"}
{"level":"info","message":"[2026-03-24T06:26:19.792Z] GET /api/noncgpa/my-records?UserId=3","service":"eduvault-backend","timestamp":"2026-03-24 11:56:19"}
{"level":"info","message":"[2026-03-24T06:26:19.804Z] GET /api/skillrack/my-record?UserId=3","service":"eduvault-backend","timestamp":"2026-03-24 11:56:19"}
{"level":"info","message":"[2026-03-24T06:26:19.807Z] GET /api/biodata/3","service":"eduvault-backend","timestamp":"2026-03-24 11:56:19"}
{"level":"info","message":"[2026-03-24T06:26:19.817Z] GET /api/approved-events/3","service":"eduvault-backend","timestamp":"2026-03-24 11:56:19"}
{"level":"info","message":"[2026-03-24T06:26:19.834Z] GET /api/user-courses/3","service":"eduvault-backend","timestamp":"2026-03-24 11:56:19"}
{"level":"info","message":"[2026-03-24T06:26:19.836Z] GET /api/approved-internships/3","service":"eduvault-backend","timestamp":"2026-03-24 11:56:19"}
{"level":"info","message":"[2026-03-24T06:26:19.851Z] GET /api/approved-events-organized/3","service":"eduvault-backend","timestamp":"2026-03-24 11:56:19"}
{"level":"info","message":"[2026-03-24T06:26:19.852Z] GET /api/fetch-scholarships/3","service":"eduvault-backend","timestamp":"2026-03-24 11:56:19"}
{"level":"info","message":"[2026-03-24T06:26:19.872Z] GET /api/fetch-leaves/3","service":"eduvault-backend","timestamp":"2026-03-24 11:56:19"}
{"level":"info","message":"[2026-03-24T06:26:19.875Z] GET /api/staffs","service":"eduvault-backend","timestamp":"2026-03-24 11:56:19"}
{"level":"info","message":"[2026-03-24T06:26:19.876Z] GET /api/students","service":"eduvault-backend","timestamp":"2026-03-24 11:56:19"}
{"level":"info","message":"[2026-03-24T06:26:19.882Z] GET /api/get-staff?role=Staff","service":"eduvault-backend","timestamp":"2026-03-24 11:56:19"}
{"level":"info","message":"[2026-03-24T06:26:19.891Z] GET /api/department-counts","service":"eduvault-backend","timestamp":"2026-03-24 11:56:19"}
{"level":"info","message":"[2026-03-24T06:26:19.893Z] GET /api/departments","service":"eduvault-backend","timestamp":"2026-03-24 11:56:19"}
{"level":"info","message":"[2026-03-24T06:26:19.926Z] GET /api/students","service":"eduvault-backend","timestamp":"2026-03-24 11:56:19"}
{"level":"info","message":"[2026-03-24T06:26:19.928Z] GET /api/departments","service":"eduvault-backend","timestamp":"2026-03-24 11:56:19"}
{"level":"info","message":"[2026-03-24T06:26:19.934Z] GET /api/staffs","service":"eduvault-backend","timestamp":"2026-03-24 11:56:19"}
{"level":"info","message":"[2026-03-24T06:26:19.936Z] GET /api/department-counts","service":"eduvault-backend","timestamp":"2026-03-24 11:56:19"}
{"level":"info","message":"[2026-03-24T06:26:19.939Z] GET /api/get-staff?role=Staff","service":"eduvault-backend","timestamp":"2026-03-24 11:56:19"}
{"level":"info","message":"[2026-03-24T06:26:19.979Z] GET /uploads/default.jpg","service":"eduvault-backend","timestamp":"2026-03-24 11:56:19"}
{"level":"info","message":"[2026-03-24T06:26:20.013Z] GET /api/staffs","service":"eduvault-backend","timestamp":"2026-03-24 11:56:20"}
{"level":"info","message":"[2026-03-24T06:26:20.024Z] GET /api/biodata/3","service":"eduvault-backend","timestamp":"2026-03-24 11:56:20"}
{"level":"info","message":"[2026-03-24T06:26:20.028Z] GET /api/user-courses/3","service":"eduvault-backend","timestamp":"2026-03-24 11:56:20"}
{"level":"info","message":"[2026-03-24T06:26:20.034Z] GET /api/approved-internships/3","service":"eduvault-backend","timestamp":"2026-03-24 11:56:20"}
{"level":"info","message":"[2026-03-24T06:26:20.038Z] GET /api/approved-events-organized/3","service":"eduvault-backend","timestamp":"2026-03-24 11:56:20"}
{"level":"info","message":"[2026-03-24T06:26:20.043Z] GET /api/approved-events/3","service":"eduvault-backend","timestamp":"2026-03-24 11:56:20"}
{"level":"info","message":"[2026-03-24T06:26:20.124Z] GET /api/fetch-scholarships/3","service":"eduvault-backend","timestamp":"2026-03-24 11:56:20"}
{"level":"info","message":"[2026-03-24T06:26:20.127Z] GET /api/fetch-leaves/3","service":"eduvault-backend","timestamp":"2026-03-24 11:56:20"}
{"level":"info","message":"[2026-03-24T06:26:20.134Z] GET /api/skillrack/my-stats?UserId=3","service":"eduvault-backend","timestamp":"2026-03-24 11:56:20"}
{"level":"info","message":"[2026-03-24T06:26:20.136Z] GET /api/noncgpa/my-records","service":"eduvault-backend","timestamp":"2026-03-24 11:56:20"}
{"level":"info","message":"[2026-03-24T06:26:20.138Z] GET /api/user-courses/3","service":"eduvault-backend","timestamp":"2026-03-24 11:56:20"}
{"level":"info","message":"[2026-03-24T06:26:20.162Z] GET /api/approved-internships/3","service":"eduvault-backend","timestamp":"2026-03-24 11:56:20"}
{"level":"info","message":"[2026-03-24T06:26:20.165Z] GET /api/approved-events-organized/3","service":"eduvault-backend","timestamp":"2026-03-24 11:56:20"}
{"level":"info","message":"[2026-03-24T06:26:20.176Z] GET /api/biodata/3","service":"eduvault-backend","timestamp":"2026-03-24 11:56:20"}
{"level":"info","message":"[2026-03-24T06:26:20.177Z] GET /api/approved-events/3","service":"eduvault-backend","timestamp":"2026-03-24 11:56:20"}
{"level":"info","message":"[2026-03-24T06:26:20.184Z] GET /api/fetch-scholarships/3","service":"eduvault-backend","timestamp":"2026-03-24 11:56:20"}
{"level":"info","message":"[2026-03-24T06:26:20.185Z] GET /api/fetch-leaves/3","service":"eduvault-backend","timestamp":"2026-03-24 11:56:20"}
{"level":"info","message":"[2026-03-24T06:26:20.196Z] GET /api/skillrack/my-stats?UserId=3","service":"eduvault-backend","timestamp":"2026-03-24 11:56:20"}
{"level":"info","message":"[2026-03-24T06:26:20.214Z] GET /api/noncgpa/my-records","service":"eduvault-backend","timestamp":"2026-03-24 11:56:20"}
{"level":"info","message":"[2026-03-24T06:26:22.425Z] GET /api/student","service":"eduvault-backend","timestamp":"2026-03-24 11:56:22"}
{"level":"info","message":"[2026-03-24T06:26:22.483Z] GET /api/student","service":"eduvault-backend","timestamp":"2026-03-24 11:56:22"}
{"level":"info","message":"[2026-03-24T06:26:23.232Z] GET /api/student-education/my-record?UserId=3","service":"eduvault-backend","timestamp":"2026-03-24 11:56:23"}
{"level":"info","message":"[2026-03-24T06:26:23.244Z] GET /api/student-education/averages?UserId=3","service":"eduvault-backend","timestamp":"2026-03-24 11:56:23"}
{"level":"info","message":"[2026-03-24T06:26:23.287Z] GET /api/student-education/my-record?UserId=3","service":"eduvault-backend","timestamp":"2026-03-24 11:56:23"}
{"level":"info","message":"[2026-03-24T06:26:23.305Z] GET /api/student-education/averages?UserId=3","service":"eduvault-backend","timestamp":"2026-03-24 11:56:23"}
{"level":"info","message":"[2026-03-24T06:26:23.996Z] GET /api/event-attended/list?UserId=3","service":"eduvault-backend","timestamp":"2026-03-24 11:56:23"}
{"level":"info","message":"[2026-03-24T06:26:24.005Z] GET /api/event-attended/list?UserId=3","service":"eduvault-backend","timestamp":"2026-03-24 11:56:24"}
{"level":"info","message":"[2026-03-24T06:26:25.727Z] GET /api/projects/my-projects?UserId=3","service":"eduvault-backend","timestamp":"2026-03-24 11:56:25"}
{"level":"info","message":"[2026-03-24T06:26:25.778Z] GET /api/projects/my-projects?UserId=3","service":"eduvault-backend","timestamp":"2026-03-24 11:56:25"}
{"level":"info","message":"[2026-03-24T06:26:26.722Z] GET /api/extracurricular/statistics?UserId=3","service":"eduvault-backend","timestamp":"2026-03-24 11:56:26"}
{"level":"info","message":"[2026-03-24T06:26:26.728Z] GET /api/extracurricular/my-activities?UserId=3","service":"eduvault-backend","timestamp":"2026-03-24 11:56:26"}
{"level":"info","message":"[2026-03-24T06:26:26.743Z] GET /api/extracurricular/statistics?UserId=3","service":"eduvault-backend","timestamp":"2026-03-24 11:56:26"}
{"level":"info","message":"[2026-03-24T06:26:26.750Z] GET /api/extracurricular/my-activities?UserId=3","service":"eduvault-backend","timestamp":"2026-03-24 11:56:26"}
{"level":"info","message":"[2026-03-24T06:26:32.195Z] GET /api/online-courses/pending","service":"eduvault-backend","timestamp":"2026-03-24 11:56:32"}
{"level":"info","message":"[2026-03-24T06:26:32.199Z] GET /api/online-courses","service":"eduvault-backend","timestamp":"2026-03-24 11:56:32"}
{"level":"info","message":"[2026-03-24T06:26:32.223Z] GET /api/online-courses/pending","service":"eduvault-backend","timestamp":"2026-03-24 11:56:32"}
{"level":"info","message":"[2026-03-24T06:26:32.229Z] GET /api/online-courses","service":"eduvault-backend","timestamp":"2026-03-24 11:56:32"}
{"level":"info","message":"[2026-03-24T06:26:37.661Z] GET /api/online-courses","service":"eduvault-backend","timestamp":"2026-03-24 11:56:37"}
{"level":"info","message":"[2026-03-24T06:26:37.672Z] GET /api/online-courses/pending","service":"eduvault-backend","timestamp":"2026-03-24 11:56:37"}
{"level":"info","message":"[2026-03-24T06:26:37.692Z] GET /api/online-courses","service":"eduvault-backend","timestamp":"2026-03-24 11:56:37"}
{"level":"info","message":"[2026-03-24T06:26:37.703Z] GET /api/online-courses/pending","service":"eduvault-backend","timestamp":"2026-03-24 11:56:37"}
{"level":"info","message":"[2026-03-24T06:26:46.733Z] GET /api/resume/student-data/3","service":"eduvault-backend","timestamp":"2026-03-24 11:56:46"}
{"level":"info","message":"[2026-03-24T06:26:46.788Z] GET /api/resume/student-data/3","service":"eduvault-backend","timestamp":"2026-03-24 11:56:46"}
{"level":"info","message":"[2026-03-24T06:26:57.450Z] GET /api/get-user/3","service":"eduvault-backend","timestamp":"2026-03-24 11:56:57"}
{"level":"info","message":"[2026-03-24T06:26:57.463Z] GET /api/get-user/3","service":"eduvault-backend","timestamp":"2026-03-24 11:56:57"}
{"level":"info","message":"[2026-03-24T06:27:15.387Z] GET /api/departments","service":"eduvault-backend","timestamp":"2026-03-24 11:57:15"}
{"level":"info","message":"[2026-03-24T06:27:15.394Z] GET /api/get-staff?role=Staff","service":"eduvault-backend","timestamp":"2026-03-24 11:57:15"}
{"level":"info","message":"[2026-03-24T06:27:15.401Z] GET /api/states","service":"eduvault-backend","timestamp":"2026-03-24 11:57:15"}
{"level":"info","message":"[2026-03-24T06:27:15.408Z] GET /api/departments","service":"eduvault-backend","timestamp":"2026-03-24 11:57:15"}
{"level":"info","message":"[2026-03-24T06:27:15.416Z] GET /api/auth/me","service":"eduvault-backend","timestamp":"2026-03-24 11:57:15"}
{"level":"info","message":"[2026-03-24T06:27:15.437Z] GET /api/get-staff?role=Staff","service":"eduvault-backend","timestamp":"2026-03-24 11:57:15"}
{"level":"info","message":"[2026-03-24T06:27:15.463Z] GET /api/states","service":"eduvault-backend","timestamp":"2026-03-24 11:57:15"}
{"level":"info","message":"[2026-03-24T06:27:15.465Z] GET /api/auth/me","service":"eduvault-backend","timestamp":"2026-03-24 11:57:15"}
{"level":"info","message":"[2026-03-24T06:27:15.467Z] GET /api/get-user/3","service":"eduvault-backend","timestamp":"2026-03-24 11:57:15"}
{"level":"info","message":"[2026-03-24T06:27:15.503Z] GET /api/get-user/3","service":"eduvault-backend","timestamp":"2026-03-24 11:57:15"}
{"level":"info","message":"[2026-03-24T06:27:15.519Z] GET /api/students","service":"eduvault-backend","timestamp":"2026-03-24 11:57:15"}
{"level":"info","message":"[2026-03-24T06:27:15.528Z] GET /api/get-staff?role=Staff","service":"eduvault-backend","timestamp":"2026-03-24 11:57:15"}
{"level":"info","message":"[2026-03-24T06:27:15.531Z] GET /api/department-counts","service":"eduvault-backend","timestamp":"2026-03-24 11:57:15"}
{"level":"info","message":"[2026-03-24T06:27:15.535Z] GET /api/departments","service":"eduvault-backend","timestamp":"2026-03-24 11:57:15"}
{"level":"info","message":"[2026-03-24T06:27:15.550Z] GET /api/pending-internships","service":"eduvault-backend","timestamp":"2026-03-24 11:57:15"}
{"level":"info","message":"[2026-03-24T06:27:15.551Z] GET /api/pending-scholarships","service":"eduvault-backend","timestamp":"2026-03-24 11:57:15"}
{"level":"info","message":"[2026-03-24T06:27:15.561Z] GET /api/event-organized/pending","service":"eduvault-backend","timestamp":"2026-03-24 11:57:15"}
{"level":"info","message":"[2026-03-24T06:27:15.567Z] GET /api/event-attended/pending","service":"eduvault-backend","timestamp":"2026-03-24 11:57:15"}
{"level":"info","message":"[2026-03-24T06:27:15.569Z] GET /api/all/pending-leaves","service":"eduvault-backend","timestamp":"2026-03-24 11:57:15"}
{"level":"info","message":"[2026-03-24T06:27:15.570Z] GET /api/online-courses/pending","service":"eduvault-backend","timestamp":"2026-03-24 11:57:15"}
{"level":"info","message":"[2026-03-24T06:27:15.571Z] GET /api/pending-achievements","service":"eduvault-backend","timestamp":"2026-03-24 11:57:15"}
{"level":"info","message":"[2026-03-24T06:27:15.579Z] GET /api/publications/pending","service":"eduvault-backend","timestamp":"2026-03-24 11:57:15"}
{"level":"info","message":"[2026-03-24T06:27:15.580Z] GET /api/competency-coding/pending","service":"eduvault-backend","timestamp":"2026-03-24 11:57:15"}
{"level":"info","message":"[2026-03-24T06:27:15.582Z] GET /api/noncgpa/pending","service":"eduvault-backend","timestamp":"2026-03-24 11:57:15"}
{"level":"info","message":"[2026-03-24T06:27:15.587Z] GET /api/projects/pending","service":"eduvault-backend","timestamp":"2026-03-24 11:57:15"}
{"level":"info","message":"[2026-03-24T06:27:15.588Z] GET /api/hackathon/pending","service":"eduvault-backend","timestamp":"2026-03-24 11:57:15"}
{"level":"info","message":"[2026-03-24T06:27:15.599Z] GET /api/extracurricular/pending","service":"eduvault-backend","timestamp":"2026-03-24 11:57:15"}
{"level":"info","message":"[2026-03-24T06:27:15.610Z] GET /api/fetch-internships?UserId=3","service":"eduvault-backend","timestamp":"2026-03-24 11:57:15"}
{"level":"info","message":"[2026-03-24T06:27:15.612Z] GET /api/pending-internships?userID=3","service":"eduvault-backend","timestamp":"2026-03-24 11:57:15"}
{"level":"info","message":"[2026-03-24T06:27:15.618Z] GET /api/event-attended/list?UserId=3","service":"eduvault-backend","timestamp":"2026-03-24 11:57:15"}
{"level":"info","message":"[2026-03-24T06:27:15.627Z] GET /api/fetch-scholarships?UserId=3","service":"eduvault-backend","timestamp":"2026-03-24 11:57:15"}
{"level":"info","message":"[2026-03-24T06:27:15.629Z] GET /api/event-organized/approved?UserId=3","service":"eduvault-backend","timestamp":"2026-03-24 11:57:15"}
{"level":"info","message":"[2026-03-24T06:27:15.637Z] GET /api/event-organized/pending?UserId=3","service":"eduvault-backend","timestamp":"2026-03-24 11:57:15"}
{"level":"info","message":"[2026-03-24T06:27:15.639Z] GET /api/pending-leaves?Userid=3","service":"eduvault-backend","timestamp":"2026-03-24 11:57:15"}
{"level":"info","message":"[2026-03-24T06:27:15.645Z] GET /api/fetch-leaves?Userid=3","service":"eduvault-backend","timestamp":"2026-03-24 11:57:15"}
{"level":"info","message":"[2026-03-24T06:27:15.650Z] GET /api/user-achievements/3","service":"eduvault-backend","timestamp":"2026-03-24 11:57:15"}
{"level":"info","message":"[2026-03-24T06:27:15.655Z] GET /api/hackathon/my-events","service":"eduvault-backend","timestamp":"2026-03-24 11:57:15"}
{"level":"info","message":"[2026-03-24T06:27:15.658Z] GET /api/publications/my-publications?UserId=3","service":"eduvault-backend","timestamp":"2026-03-24 11:57:15"}
{"level":"info","message":"[2026-03-24T06:27:15.667Z] GET /api/competency-coding/my-record?UserId=3","service":"eduvault-backend","timestamp":"2026-03-24 11:57:15"}
{"level":"info","message":"[2026-03-24T06:27:15.674Z] GET /api/competency-coding/skillrack/summary?UserId=3","service":"eduvault-backend","timestamp":"2026-03-24 11:57:15"}
{"level":"info","message":"[2026-03-24T06:27:15.682Z] GET /api/competency-coding/platform/all?UserId=3","service":"eduvault-backend","timestamp":"2026-03-24 11:57:15"}
{"level":"info","message":"[2026-03-24T06:27:15.685Z] GET /api/competency-coding/analytics?UserId=3","service":"eduvault-backend","timestamp":"2026-03-24 11:57:15"}
{"level":"info","message":"[2026-03-24T06:27:15.689Z] GET /api/projects/my-projects?UserId=3","service":"eduvault-backend","timestamp":"2026-03-24 11:57:15"}
{"level":"info","message":"[2026-03-24T06:27:15.692Z] GET /api/extracurricular/my-activities?UserId=3","service":"eduvault-backend","timestamp":"2026-03-24 11:57:15"}
{"level":"info","message":"[2026-03-24T06:27:15.699Z] GET /api/noncgpa/dropdown/categories","service":"eduvault-backend","timestamp":"2026-03-24 11:57:15"}
{"level":"info","message":"[2026-03-24T06:27:15.706Z] GET /api/noncgpa/dropdown/course-names","service":"eduvault-backend","timestamp":"2026-03-24 11:57:15"}
{"level":"info","message":"[2026-03-24T06:27:15.709Z] GET /api/noncgpa/dropdown/course-codes","service":"eduvault-backend","timestamp":"2026-03-24 11:57:15"}
{"level":"info","message":"[2026-03-24T06:27:15.717Z] GET /api/noncgpa/my-records?UserId=3","service":"eduvault-backend","timestamp":"2026-03-24 11:57:15"}
{"level":"info","message":"[2026-03-24T06:27:15.719Z] GET /api/skillrack/my-record?UserId=3","service":"eduvault-backend","timestamp":"2026-03-24 11:57:15"}
{"level":"info","message":"[2026-03-24T06:27:15.727Z] GET /api/skillrack/my-stats?UserId=3","service":"eduvault-backend","timestamp":"2026-03-24 11:57:15"}
{"level":"info","message":"[2026-03-24T06:27:15.735Z] GET /api/student-certificate/list","service":"eduvault-backend","timestamp":"2026-03-24 11:57:15"}
{"level":"info","message":"[2026-03-24T06:27:15.737Z] GET /api/biodata/3","service":"eduvault-backend","timestamp":"2026-03-24 11:57:15"}
{"level":"info","message":"[2026-03-24T06:27:15.745Z] GET /api/user-courses/3","service":"eduvault-backend","timestamp":"2026-03-24 11:57:15"}
{"level":"info","message":"[2026-03-24T06:27:15.746Z] GET /api/approved-internships/3","service":"eduvault-backend","timestamp":"2026-03-24 11:57:15"}
{"level":"info","message":"[2026-03-24T06:27:15.754Z] GET /api/approved-events-organized/3","service":"eduvault-backend","timestamp":"2026-03-24 11:57:15"}
{"level":"info","message":"[2026-03-24T06:27:15.763Z] GET /api/approved-events/3","service":"eduvault-backend","timestamp":"2026-03-24 11:57:15"}
{"level":"info","message":"[2026-03-24T06:27:15.772Z] GET /api/fetch-scholarships/3","service":"eduvault-backend","timestamp":"2026-03-24 11:57:15"}
{"level":"info","message":"[2026-03-24T06:27:15.778Z] GET /api/fetch-leaves/3","service":"eduvault-backend","timestamp":"2026-03-24 11:57:15"}
{"level":"info","message":"[2026-03-24T06:27:15.781Z] GET /api/department-counts","service":"eduvault-backend","timestamp":"2026-03-24 11:57:15"}
{"level":"info","message":"[2026-03-24T06:27:15.783Z] GET /api/staffs","service":"eduvault-backend","timestamp":"2026-03-24 11:57:15"}
{"level":"info","message":"[2026-03-24T06:27:15.788Z] GET /api/students","service":"eduvault-backend","timestamp":"2026-03-24 11:57:15"}
{"level":"info","message":"[2026-03-24T06:27:15.797Z] GET /api/get-staff?role=Staff","service":"eduvault-backend","timestamp":"2026-03-24 11:57:15"}
{"level":"info","message":"[2026-03-24T06:27:15.799Z] GET /api/user-courses/3","service":"eduvault-backend","timestamp":"2026-03-24 11:57:15"}
{"level":"info","message":"[2026-03-24T06:27:15.805Z] GET /api/approved-internships/3","service":"eduvault-backend","timestamp":"2026-03-24 11:57:15"}
{"level":"info","message":"[2026-03-24T06:27:15.807Z] GET /api/biodata/3","service":"eduvault-backend","timestamp":"2026-03-24 11:57:15"}
{"level":"info","message":"[2026-03-24T06:27:15.823Z] GET /api/approved-events-organized/3","service":"eduvault-backend","timestamp":"2026-03-24 11:57:15"}
{"level":"info","message":"[2026-03-24T06:27:15.825Z] GET /api/approved-events/3","service":"eduvault-backend","timestamp":"2026-03-24 11:57:15"}
{"level":"info","message":"[2026-03-24T06:27:15.827Z] GET /api/department-counts","service":"eduvault-backend","timestamp":"2026-03-24 11:57:15"}
{"level":"info","message":"[2026-03-24T06:27:15.836Z] GET /api/fetch-scholarships/3","service":"eduvault-backend","timestamp":"2026-03-24 11:57:15"}
{"level":"info","message":"[2026-03-24T06:27:15.842Z] GET /api/fetch-leaves/3","service":"eduvault-backend","timestamp":"2026-03-24 11:57:15"}
{"level":"info","message":"[2026-03-24T06:27:15.850Z] GET /api/students","service":"eduvault-backend","timestamp":"2026-03-24 11:57:15"}
{"level":"info","message":"[2026-03-24T06:27:15.851Z] GET /api/get-staff?role=Staff","service":"eduvault-backend","timestamp":"2026-03-24 11:57:15"}
{"level":"info","message":"[2026-03-24T06:27:15.853Z] GET /api/departments","service":"eduvault-backend","timestamp":"2026-03-24 11:57:15"}
{"level":"info","message":"[2026-03-24T06:27:15.854Z] GET /api/department-counts","service":"eduvault-backend","timestamp":"2026-03-24 11:57:15"}
{"level":"info","message":"[2026-03-24T06:27:15.869Z] GET /api/departments","service":"eduvault-backend","timestamp":"2026-03-24 11:57:15"}
{"level":"info","message":"[2026-03-24T06:27:15.873Z] GET /api/staffs","service":"eduvault-backend","timestamp":"2026-03-24 11:57:15"}
{"level":"info","message":"[2026-03-24T06:27:15.875Z] GET /api/department-counts","service":"eduvault-backend","timestamp":"2026-03-24 11:57:15"}
{"level":"info","message":"[2026-03-24T06:27:15.881Z] GET /api/students","service":"eduvault-backend","timestamp":"2026-03-24 11:57:15"}
{"level":"info","message":"[2026-03-24T06:27:15.882Z] GET /api/get-staff?role=Staff","service":"eduvault-backend","timestamp":"2026-03-24 11:57:15"}
{"level":"info","message":"[2026-03-24T06:27:15.892Z] GET /api/department-counts","service":"eduvault-backend","timestamp":"2026-03-24 11:57:15"}
{"level":"info","message":"[2026-03-24T06:27:15.899Z] GET /api/staffs","service":"eduvault-backend","timestamp":"2026-03-24 11:57:15"}
{"level":"info","message":"[2026-03-24T06:27:15.903Z] GET /api/students","service":"eduvault-backend","timestamp":"2026-03-24 11:57:15"}
{"level":"info","message":"[2026-03-24T06:27:15.905Z] GET /api/get-staff?role=Staff","service":"eduvault-backend","timestamp":"2026-03-24 11:57:15"}
{"level":"info","message":"[2026-03-24T06:27:15.919Z] GET /api/students","service":"eduvault-backend","timestamp":"2026-03-24 11:57:15"}
{"level":"info","message":"[2026-03-24T06:27:15.922Z] GET /api/get-staff?role=Staff","service":"eduvault-backend","timestamp":"2026-03-24 11:57:15"}
{"level":"info","message":"[2026-03-24T06:27:15.944Z] GET /uploads/default.jpg","service":"eduvault-backend","timestamp":"2026-03-24 11:57:15"}
{"level":"info","message":"[2026-03-24T06:27:15.959Z] GET /api/resume/student-data/3","service":"eduvault-backend","timestamp":"2026-03-24 11:57:15"}
{"level":"info","message":"[2026-03-24T06:27:16.021Z] GET /api/resume/student-data/3","service":"eduvault-backend","timestamp":"2026-03-24 11:57:16"}
{"level":"info","message":"[2026-03-24T06:27:28.847Z] GET /api/get-user/3","service":"eduvault-backend","timestamp":"2026-03-24 11:57:28"}
{"level":"info","message":"[2026-03-24T06:27:28.856Z] GET /api/get-user/3","service":"eduvault-backend","timestamp":"2026-03-24 11:57:28"}
{"level":"info","message":"[2026-03-24T06:28:54.465Z] GET /api/departments","service":"eduvault-backend","timestamp":"2026-03-24 11:58:54"}
{"level":"info","message":"[2026-03-24T06:28:54.469Z] GET /api/get-staff?role=Staff","service":"eduvault-backend","timestamp":"2026-03-24 11:58:54"}
{"level":"info","message":"[2026-03-24T06:28:54.477Z] GET /api/states","service":"eduvault-backend","timestamp":"2026-03-24 11:58:54"}
{"level":"info","message":"[2026-03-24T06:28:54.491Z] GET /api/auth/me","service":"eduvault-backend","timestamp":"2026-03-24 11:58:54"}
{"level":"info","message":"[2026-03-24T06:28:54.502Z] GET /api/states","service":"eduvault-backend","timestamp":"2026-03-24 11:58:54"}
{"level":"info","message":"[2026-03-24T06:28:54.505Z] GET /api/auth/me","service":"eduvault-backend","timestamp":"2026-03-24 11:58:54"}
{"level":"info","message":"[2026-03-24T06:28:54.507Z] GET /api/departments","service":"eduvault-backend","timestamp":"2026-03-24 11:58:54"}
{"level":"info","message":"[2026-03-24T06:28:54.515Z] GET /api/get-staff?role=Staff","service":"eduvault-backend","timestamp":"2026-03-24 11:58:54"}
{"level":"info","message":"[2026-03-24T06:28:54.520Z] GET /api/get-user/3","service":"eduvault-backend","timestamp":"2026-03-24 11:58:54"}
{"level":"info","message":"[2026-03-24T06:28:54.554Z] GET /api/get-user/3","service":"eduvault-backend","timestamp":"2026-03-24 11:58:54"}
{"level":"info","message":"[2026-03-24T06:28:54.578Z] GET /api/students","service":"eduvault-backend","timestamp":"2026-03-24 11:58:54"}
{"level":"info","message":"[2026-03-24T06:28:54.581Z] GET /api/get-staff?role=Staff","service":"eduvault-backend","timestamp":"2026-03-24 11:58:54"}
{"level":"info","message":"[2026-03-24T06:28:54.584Z] GET /api/department-counts","service":"eduvault-backend","timestamp":"2026-03-24 11:58:54"}
{"level":"info","message":"[2026-03-24T06:28:54.585Z] GET /api/departments","service":"eduvault-backend","timestamp":"2026-03-24 11:58:54"}
{"level":"info","message":"[2026-03-24T06:28:54.599Z] GET /api/pending-internships","service":"eduvault-backend","timestamp":"2026-03-24 11:58:54"}
{"level":"info","message":"[2026-03-24T06:28:54.601Z] GET /api/pending-scholarships","service":"eduvault-backend","timestamp":"2026-03-24 11:58:54"}
{"level":"info","message":"[2026-03-24T06:28:54.614Z] GET /api/event-organized/pending","service":"eduvault-backend","timestamp":"2026-03-24 11:58:54"}
{"level":"info","message":"[2026-03-24T06:28:54.620Z] GET /api/event-attended/pending","service":"eduvault-backend","timestamp":"2026-03-24 11:58:54"}
{"level":"info","message":"[2026-03-24T06:28:54.622Z] GET /api/all/pending-leaves","service":"eduvault-backend","timestamp":"2026-03-24 11:58:54"}
{"level":"info","message":"[2026-03-24T06:28:54.624Z] GET /api/online-courses/pending","service":"eduvault-backend","timestamp":"2026-03-24 11:58:54"}
{"level":"info","message":"[2026-03-24T06:28:54.627Z] GET /api/pending-achievements","service":"eduvault-backend","timestamp":"2026-03-24 11:58:54"}
{"level":"info","message":"[2026-03-24T06:28:54.637Z] GET /api/publications/pending","service":"eduvault-backend","timestamp":"2026-03-24 11:58:54"}
{"level":"info","message":"[2026-03-24T06:28:54.639Z] GET /api/competency-coding/pending","service":"eduvault-backend","timestamp":"2026-03-24 11:58:54"}
{"level":"info","message":"[2026-03-24T06:28:54.641Z] GET /api/noncgpa/pending","service":"eduvault-backend","timestamp":"2026-03-24 11:58:54"}
{"level":"info","message":"[2026-03-24T06:28:54.644Z] GET /api/projects/pending","service":"eduvault-backend","timestamp":"2026-03-24 11:58:54"}
{"level":"info","message":"[2026-03-24T06:28:54.652Z] GET /api/hackathon/pending","service":"eduvault-backend","timestamp":"2026-03-24 11:58:54"}
{"level":"info","message":"[2026-03-24T06:28:54.663Z] GET /api/extracurricular/pending","service":"eduvault-backend","timestamp":"2026-03-24 11:58:54"}
{"level":"info","message":"[2026-03-24T06:28:54.673Z] GET /api/fetch-internships?UserId=3","service":"eduvault-backend","timestamp":"2026-03-24 11:58:54"}
{"level":"info","message":"[2026-03-24T06:28:54.675Z] GET /api/pending-internships?userID=3","service":"eduvault-backend","timestamp":"2026-03-24 11:58:54"}
{"level":"info","message":"[2026-03-24T06:28:54.679Z] GET /api/event-attended/list?UserId=3","service":"eduvault-backend","timestamp":"2026-03-24 11:58:54"}
{"level":"info","message":"[2026-03-24T06:28:54.682Z] GET /api/fetch-scholarships?UserId=3","service":"eduvault-backend","timestamp":"2026-03-24 11:58:54"}
{"level":"info","message":"[2026-03-24T06:28:54.688Z] GET /api/event-organized/approved?UserId=3","service":"eduvault-backend","timestamp":"2026-03-24 11:58:54"}
{"level":"info","message":"[2026-03-24T06:28:54.698Z] GET /api/event-organized/pending?UserId=3","service":"eduvault-backend","timestamp":"2026-03-24 11:58:54"}
{"level":"info","message":"[2026-03-24T06:28:54.702Z] GET /api/pending-leaves?Userid=3","service":"eduvault-backend","timestamp":"2026-03-24 11:58:54"}
{"level":"info","message":"[2026-03-24T06:28:54.708Z] GET /api/fetch-leaves?Userid=3","service":"eduvault-backend","timestamp":"2026-03-24 11:58:54"}
{"level":"info","message":"[2026-03-24T06:28:54.711Z] GET /api/user-achievements/3","service":"eduvault-backend","timestamp":"2026-03-24 11:58:54"}
{"level":"info","message":"[2026-03-24T06:28:54.717Z] GET /api/hackathon/my-events","service":"eduvault-backend","timestamp":"2026-03-24 11:58:54"}
{"level":"info","message":"[2026-03-24T06:28:54.718Z] GET /api/publications/my-publications?UserId=3","service":"eduvault-backend","timestamp":"2026-03-24 11:58:54"}
{"level":"info","message":"[2026-03-24T06:28:54.726Z] GET /api/competency-coding/my-record?UserId=3","service":"eduvault-backend","timestamp":"2026-03-24 11:58:54"}
{"level":"info","message":"[2026-03-24T06:28:54.733Z] GET /api/competency-coding/skillrack/summary?UserId=3","service":"eduvault-backend","timestamp":"2026-03-24 11:58:54"}
{"level":"info","message":"[2026-03-24T06:28:54.740Z] GET /api/department-counts","service":"eduvault-backend","timestamp":"2026-03-24 11:58:54"}
{"level":"info","message":"[2026-03-24T06:28:54.741Z] GET /api/competency-coding/platform/all?UserId=3","service":"eduvault-backend","timestamp":"2026-03-24 11:58:54"}
{"level":"info","message":"[2026-03-24T06:28:54.743Z] GET /api/competency-coding/analytics?UserId=3","service":"eduvault-backend","timestamp":"2026-03-24 11:58:54"}
{"level":"info","message":"[2026-03-24T06:28:54.749Z] GET /api/projects/my-projects?UserId=3","service":"eduvault-backend","timestamp":"2026-03-24 11:58:54"}
{"level":"info","message":"[2026-03-24T06:28:54.758Z] GET /api/students","service":"eduvault-backend","timestamp":"2026-03-24 11:58:54"}
{"level":"info","message":"[2026-03-24T06:28:54.760Z] GET /api/extracurricular/my-activities?UserId=3","service":"eduvault-backend","timestamp":"2026-03-24 11:58:54"}
{"level":"info","message":"[2026-03-24T06:28:54.769Z] GET /api/get-staff?role=Staff","service":"eduvault-backend","timestamp":"2026-03-24 11:58:54"}
{"level":"info","message":"[2026-03-24T06:28:54.771Z] GET /api/noncgpa/dropdown/categories","service":"eduvault-backend","timestamp":"2026-03-24 11:58:54"}
{"level":"info","message":"[2026-03-24T06:28:54.780Z] GET /api/noncgpa/dropdown/course-names","service":"eduvault-backend","timestamp":"2026-03-24 11:58:54"}
{"level":"info","message":"[2026-03-24T06:28:54.794Z] GET /api/noncgpa/dropdown/course-codes","service":"eduvault-backend","timestamp":"2026-03-24 11:58:54"}
{"level":"info","message":"[2026-03-24T06:28:54.795Z] GET /api/noncgpa/my-records?UserId=3","service":"eduvault-backend","timestamp":"2026-03-24 11:58:54"}
{"level":"info","message":"[2026-03-24T06:28:54.801Z] GET /api/skillrack/my-record?UserId=3","service":"eduvault-backend","timestamp":"2026-03-24 11:58:54"}
{"level":"info","message":"[2026-03-24T06:28:54.802Z] GET /api/skillrack/my-stats?UserId=3","service":"eduvault-backend","timestamp":"2026-03-24 11:58:54"}
{"level":"info","message":"[2026-03-24T06:28:54.813Z] GET /api/student-certificate/list","service":"eduvault-backend","timestamp":"2026-03-24 11:58:54"}
{"level":"info","message":"[2026-03-24T06:28:54.822Z] GET /api/biodata/3","service":"eduvault-backend","timestamp":"2026-03-24 11:58:54"}
{"level":"info","message":"[2026-03-24T06:28:54.823Z] GET /api/user-courses/3","service":"eduvault-backend","timestamp":"2026-03-24 11:58:54"}
{"level":"info","message":"[2026-03-24T06:28:54.826Z] GET /api/approved-internships/3","service":"eduvault-backend","timestamp":"2026-03-24 11:58:54"}
{"level":"info","message":"[2026-03-24T06:28:54.833Z] GET /api/approved-events-organized/3","service":"eduvault-backend","timestamp":"2026-03-24 11:58:54"}
{"level":"info","message":"[2026-03-24T06:28:54.843Z] GET /api/approved-events/3","service":"eduvault-backend","timestamp":"2026-03-24 11:58:54"}
{"level":"info","message":"[2026-03-24T06:28:54.851Z] GET /api/fetch-scholarships/3","service":"eduvault-backend","timestamp":"2026-03-24 11:58:54"}
{"level":"info","message":"[2026-03-24T06:28:54.856Z] GET /api/fetch-leaves/3","service":"eduvault-backend","timestamp":"2026-03-24 11:58:54"}
{"level":"info","message":"[2026-03-24T06:28:54.857Z] GET /api/staffs","service":"eduvault-backend","timestamp":"2026-03-24 11:58:54"}
{"level":"info","message":"[2026-03-24T06:28:54.864Z] GET /api/department-counts","service":"eduvault-backend","timestamp":"2026-03-24 11:58:54"}
{"level":"info","message":"[2026-03-24T06:28:54.867Z] GET /api/students","service":"eduvault-backend","timestamp":"2026-03-24 11:58:54"}
{"level":"info","message":"[2026-03-24T06:28:54.873Z] GET /api/get-staff?role=Staff","service":"eduvault-backend","timestamp":"2026-03-24 11:58:54"}
{"level":"info","message":"[2026-03-24T06:28:54.882Z] GET /api/departments","service":"eduvault-backend","timestamp":"2026-03-24 11:58:54"}
{"level":"info","message":"[2026-03-24T06:28:54.883Z] GET /api/approved-internships/3","service":"eduvault-backend","timestamp":"2026-03-24 11:58:54"}
{"level":"info","message":"[2026-03-24T06:28:54.885Z] GET /api/user-courses/3","service":"eduvault-backend","timestamp":"2026-03-24 11:58:54"}
{"level":"info","message":"[2026-03-24T06:28:54.894Z] GET /api/approved-events-organized/3","service":"eduvault-backend","timestamp":"2026-03-24 11:58:54"}
{"level":"info","message":"[2026-03-24T06:28:54.896Z] GET /api/biodata/3","service":"eduvault-backend","timestamp":"2026-03-24 11:58:54"}
{"level":"info","message":"[2026-03-24T06:28:54.900Z] GET /api/approved-events/3","service":"eduvault-backend","timestamp":"2026-03-24 11:58:54"}
{"level":"info","message":"[2026-03-24T06:28:54.902Z] GET /api/fetch-scholarships/3","service":"eduvault-backend","timestamp":"2026-03-24 11:58:54"}
{"level":"info","message":"[2026-03-24T06:28:54.907Z] GET /api/fetch-leaves/3","service":"eduvault-backend","timestamp":"2026-03-24 11:58:54"}
{"level":"info","message":"[2026-03-24T06:28:54.915Z] GET /api/department-counts","service":"eduvault-backend","timestamp":"2026-03-24 11:58:54"}
{"level":"info","message":"[2026-03-24T06:28:54.924Z] GET /api/students","service":"eduvault-backend","timestamp":"2026-03-24 11:58:54"}
{"level":"info","message":"[2026-03-24T06:28:54.926Z] GET /api/departments","service":"eduvault-backend","timestamp":"2026-03-24 11:58:54"}
{"level":"info","message":"[2026-03-24T06:28:54.931Z] GET /api/get-staff?role=Staff","service":"eduvault-backend","timestamp":"2026-03-24 11:58:54"}
{"level":"info","message":"[2026-03-24T06:28:54.937Z] GET /api/staffs","service":"eduvault-backend","timestamp":"2026-03-24 11:58:54"}
{"level":"info","message":"[2026-03-24T06:28:54.938Z] GET /api/department-counts","service":"eduvault-backend","timestamp":"2026-03-24 11:58:54"}
{"level":"info","message":"[2026-03-24T06:28:54.947Z] GET /api/students","service":"eduvault-backend","timestamp":"2026-03-24 11:58:54"}
{"level":"info","message":"[2026-03-24T06:28:54.951Z] GET /api/department-counts","service":"eduvault-backend","timestamp":"2026-03-24 11:58:54"}
{"level":"info","message":"[2026-03-24T06:28:54.952Z] GET /api/get-staff?role=Staff","service":"eduvault-backend","timestamp":"2026-03-24 11:58:54"}
{"level":"info","message":"[2026-03-24T06:28:54.958Z] GET /api/staffs","service":"eduvault-backend","timestamp":"2026-03-24 11:58:54"}
{"level":"info","message":"[2026-03-24T06:28:54.969Z] GET /api/students","service":"eduvault-backend","timestamp":"2026-03-24 11:58:54"}
{"level":"info","message":"[2026-03-24T06:28:54.972Z] GET /api/get-staff?role=Staff","service":"eduvault-backend","timestamp":"2026-03-24 11:58:54"}
{"level":"info","message":"[2026-03-24T06:28:54.987Z] GET /uploads/default.jpg","service":"eduvault-backend","timestamp":"2026-03-24 11:58:54"}
{"level":"info","message":"[2026-03-24T06:28:54.992Z] GET /api/get-user/3","service":"eduvault-backend","timestamp":"2026-03-24 11:58:54"}
{"level":"info","message":"[2026-03-24T06:28:54.999Z] GET /api/get-user/3","service":"eduvault-backend","timestamp":"2026-03-24 11:58:54"}
{"level":"info","message":"[2026-03-24T06:31:10.320Z] GET /api/biodata/3","service":"eduvault-backend","timestamp":"2026-03-24 12:01:10"}
{"level":"info","message":"[2026-03-24T06:31:10.364Z] GET /api/biodata/3","service":"eduvault-backend","timestamp":"2026-03-24 12:01:10"}
{"level":"info","message":"[2026-03-24T06:31:10.372Z] GET /api/auth/get-user/3","service":"eduvault-backend","timestamp":"2026-03-24 12:01:10"}
{"level":"info","message":"[2026-03-24T06:31:10.393Z] GET /api/auth/get-user/3","service":"eduvault-backend","timestamp":"2026-03-24 12:01:10"}
{"level":"info","message":"[2026-03-24T06:31:10.397Z] GET /api/approved-events/3","service":"eduvault-backend","timestamp":"2026-03-24 12:01:10"}
{"level":"info","message":"[2026-03-24T06:31:10.420Z] GET /api/approved-events/3","service":"eduvault-backend","timestamp":"2026-03-24 12:01:10"}
{"level":"info","message":"[2026-03-24T06:31:10.429Z] GET /api/user-courses/3","service":"eduvault-backend","timestamp":"2026-03-24 12:01:10"}
{"level":"info","message":"[2026-03-24T06:31:10.440Z] GET /api/user-courses/3","service":"eduvault-backend","timestamp":"2026-03-24 12:01:10"}
{"level":"info","message":"[2026-03-24T06:31:10.445Z] GET /api/approved-events-organized/3","service":"eduvault-backend","timestamp":"2026-03-24 12:01:10"}
{"level":"info","message":"[2026-03-24T06:31:10.456Z] GET /api/approved-events-organized/3","service":"eduvault-backend","timestamp":"2026-03-24 12:01:10"}
{"level":"info","message":"[2026-03-24T06:31:10.460Z] GET /api/approved-internships/3","service":"eduvault-backend","timestamp":"2026-03-24 12:01:10"}
{"level":"info","message":"[2026-03-24T06:31:10.472Z] GET /api/approved-internships/3","service":"eduvault-backend","timestamp":"2026-03-24 12:01:10"}
{"level":"info","message":"[2026-03-24T06:31:10.475Z] GET /api/fetch-scholarships/3","service":"eduvault-backend","timestamp":"2026-03-24 12:01:10"}
{"level":"info","message":"[2026-03-24T06:31:10.486Z] GET /api/fetch-scholarships/3","service":"eduvault-backend","timestamp":"2026-03-24 12:01:10"}
{"level":"info","message":"[2026-03-24T06:31:10.489Z] GET /api/fetch-leaves/3","service":"eduvault-backend","timestamp":"2026-03-24 12:01:10"}
{"level":"info","message":"[2026-03-24T06:31:10.501Z] GET /api/fetch-leaves/3","service":"eduvault-backend","timestamp":"2026-03-24 12:01:10"}
{"level":"info","message":"[2026-03-24T06:31:10.509Z] GET /api/certifications/my-certificates?UserId=3","service":"eduvault-backend","timestamp":"2026-03-24 12:01:10"}
{"level":"info","message":"[2026-03-24T06:31:10.517Z] GET /api/certifications/my-certificates?UserId=3","service":"eduvault-backend","timestamp":"2026-03-24 12:01:10"}
{"level":"info","message":"[2026-03-24T06:31:10.521Z] GET /api/student-hackathons/my-registrations?UserId=3","service":"eduvault-backend","timestamp":"2026-03-24 12:01:10"}
{"level":"info","message":"[2026-03-24T06:31:10.533Z] GET /api/student-hackathons/my-registrations?UserId=3","service":"eduvault-backend","timestamp":"2026-03-24 12:01:10"}
{"level":"info","message":"[2026-03-24T06:31:40.748Z] GET /api/biodata/3","service":"eduvault-backend","timestamp":"2026-03-24 12:01:40"}
{"level":"info","message":"[2026-03-24T06:31:40.754Z] GET /api/user-courses/3","service":"eduvault-backend","timestamp":"2026-03-24 12:01:40"}
{"level":"info","message":"[2026-03-24T06:31:40.757Z] GET /api/approved-internships/3","service":"eduvault-backend","timestamp":"2026-03-24 12:01:40"}
{"level":"info","message":"[2026-03-24T06:31:40.763Z] GET /api/approved-events-organized/3","service":"eduvault-backend","timestamp":"2026-03-24 12:01:40"}
{"level":"info","message":"[2026-03-24T06:31:40.767Z] GET /api/approved-events/3","service":"eduvault-backend","timestamp":"2026-03-24 12:01:40"}
{"level":"info","message":"[2026-03-24T06:31:40.777Z] GET /api/fetch-scholarships/3","service":"eduvault-backend","timestamp":"2026-03-24 12:01:40"}
{"level":"info","message":"[2026-03-24T06:31:40.835Z] GET /api/fetch-leaves/3","service":"eduvault-backend","timestamp":"2026-03-24 12:01:40"}
{"level":"info","message":"[2026-03-24T06:31:40.837Z] GET /api/skillrack/my-stats?UserId=3","service":"eduvault-backend","timestamp":"2026-03-24 12:01:40"}
{"level":"info","message":"[2026-03-24T06:31:40.839Z] GET /api/noncgpa/my-records","service":"eduvault-backend","timestamp":"2026-03-24 12:01:40"}
{"level":"info","message":"[2026-03-24T06:31:40.840Z] GET /api/approved-events/3","service":"eduvault-backend","timestamp":"2026-03-24 12:01:40"}
{"level":"info","message":"[2026-03-24T06:31:40.841Z] GET /api/biodata/3","service":"eduvault-backend","timestamp":"2026-03-24 12:01:40"}
{"level":"info","message":"[2026-03-24T06:31:40.843Z] GET /api/user-courses/3","service":"eduvault-backend","timestamp":"2026-03-24 12:01:40"}
{"level":"info","message":"[2026-03-24T06:31:40.870Z] GET /api/approved-internships/3","service":"eduvault-backend","timestamp":"2026-03-24 12:01:40"}
{"level":"info","message":"[2026-03-24T06:31:40.872Z] GET /api/approved-events-organized/3","service":"eduvault-backend","timestamp":"2026-03-24 12:01:40"}
{"level":"info","message":"[2026-03-24T06:31:40.873Z] GET /api/fetch-scholarships/3","service":"eduvault-backend","timestamp":"2026-03-24 12:01:40"}
{"level":"info","message":"[2026-03-24T06:31:40.877Z] GET /api/fetch-leaves/3","service":"eduvault-backend","timestamp":"2026-03-24 12:01:40"}
{"level":"info","message":"[2026-03-24T06:31:40.879Z] GET /api/skillrack/my-stats?UserId=3","service":"eduvault-backend","timestamp":"2026-03-24 12:01:40"}
{"level":"info","message":"[2026-03-24T06:31:40.888Z] GET /api/noncgpa/my-records","service":"eduvault-backend","timestamp":"2026-03-24 12:01:40"}
{"level":"info","message":"[2026-03-24T06:31:43.588Z] GET /api/student","service":"eduvault-backend","timestamp":"2026-03-24 12:01:43"}
{"level":"info","message":"[2026-03-24T06:31:43.610Z] GET /api/student","service":"eduvault-backend","timestamp":"2026-03-24 12:01:43"}
{"level":"info","message":"[2026-03-24T06:31:45.202Z] GET /api/biodata/3","service":"eduvault-backend","timestamp":"2026-03-24 12:01:45"}
{"level":"info","message":"[2026-03-24T06:31:45.208Z] GET /api/user-courses/3","service":"eduvault-backend","timestamp":"2026-03-24 12:01:45"}
{"level":"info","message":"[2026-03-24T06:31:45.213Z] GET /api/approved-internships/3","service":"eduvault-backend","timestamp":"2026-03-24 12:01:45"}
{"level":"info","message":"[2026-03-24T06:31:45.215Z] GET /api/approved-events-organized/3","service":"eduvault-backend","timestamp":"2026-03-24 12:01:45"}
{"level":"info","message":"[2026-03-24T06:31:45.217Z] GET /api/approved-events/3","service":"eduvault-backend","timestamp":"2026-03-24 12:01:45"}
{"level":"info","message":"[2026-03-24T06:31:45.220Z] GET /api/fetch-scholarships/3","service":"eduvault-backend","timestamp":"2026-03-24 12:01:45"}
{"level":"info","message":"[2026-03-24T06:31:45.264Z] GET /api/fetch-leaves/3","service":"eduvault-backend","timestamp":"2026-03-24 12:01:45"}
{"level":"info","message":"[2026-03-24T06:31:45.266Z] GET /api/skillrack/my-stats?UserId=3","service":"eduvault-backend","timestamp":"2026-03-24 12:01:45"}
{"level":"info","message":"[2026-03-24T06:31:45.268Z] GET /api/noncgpa/my-records","service":"eduvault-backend","timestamp":"2026-03-24 12:01:45"}
{"level":"info","message":"[2026-03-24T06:31:45.280Z] GET /api/biodata/3","service":"eduvault-backend","timestamp":"2026-03-24 12:01:45"}
{"level":"info","message":"[2026-03-24T06:31:45.282Z] GET /api/user-courses/3","service":"eduvault-backend","timestamp":"2026-03-24 12:01:45"}
{"level":"info","message":"[2026-03-24T06:31:45.285Z] GET /api/approved-internships/3","service":"eduvault-backend","timestamp":"2026-03-24 12:01:45"}
{"level":"info","message":"[2026-03-24T06:31:45.304Z] GET /api/approved-events-organized/3","service":"eduvault-backend","timestamp":"2026-03-24 12:01:45"}
{"level":"info","message":"[2026-03-24T06:31:45.306Z] GET /api/approved-events/3","service":"eduvault-backend","timestamp":"2026-03-24 12:01:45"}
{"level":"info","message":"[2026-03-24T06:31:45.316Z] GET /api/fetch-scholarships/3","service":"eduvault-backend","timestamp":"2026-03-24 12:01:45"}
{"level":"info","message":"[2026-03-24T06:31:45.322Z] GET /api/fetch-leaves/3","service":"eduvault-backend","timestamp":"2026-03-24 12:01:45"}
{"level":"info","message":"[2026-03-24T06:31:45.323Z] GET /api/skillrack/my-stats?UserId=3","service":"eduvault-backend","timestamp":"2026-03-24 12:01:45"}
{"level":"info","message":"[2026-03-24T06:31:45.324Z] GET /api/noncgpa/my-records","service":"eduvault-backend","timestamp":"2026-03-24 12:01:45"}
{"level":"info","message":"[2026-03-24T06:31:46.567Z] GET /api/student/view-pdf/3","service":"eduvault-backend","timestamp":"2026-03-24 12:01:46"}
{"level":"info","message":"[2026-03-24T06:32:10.135Z] POST /api/auth/logout","service":"eduvault-backend","timestamp":"2026-03-24 12:02:10"}
{"level":"info","message":"[2026-03-24T06:32:17.239Z] GET /api/departments","service":"eduvault-backend","timestamp":"2026-03-24 12:02:17"}
{"level":"info","message":"[2026-03-24T06:32:17.248Z] GET /api/get-staff?role=Staff","service":"eduvault-backend","timestamp":"2026-03-24 12:02:17"}
{"level":"info","message":"[2026-03-24T06:32:17.256Z] GET /api/departments","service":"eduvault-backend","timestamp":"2026-03-24 12:02:17"}
{"level":"info","message":"[2026-03-24T06:32:17.266Z] GET /api/states","service":"eduvault-backend","timestamp":"2026-03-24 12:02:17"}
{"level":"info","message":"[2026-03-24T06:32:17.291Z] GET /api/states","service":"eduvault-backend","timestamp":"2026-03-24 12:02:17"}
{"level":"info","message":"[2026-03-24T06:32:17.293Z] GET /api/get-staff?role=Staff","service":"eduvault-backend","timestamp":"2026-03-24 12:02:17"}
{"level":"info","message":"[2026-03-24T06:44:52.467Z] GET /api/departments","service":"eduvault-backend","timestamp":"2026-03-24 12:14:52"}
{"level":"info","message":"[2026-03-24T06:44:52.477Z] GET /api/get-staff?role=Staff","service":"eduvault-backend","timestamp":"2026-03-24 12:14:52"}
{"level":"info","message":"[2026-03-24T06:44:52.479Z] GET /api/states","service":"eduvault-backend","timestamp":"2026-03-24 12:14:52"}
{"level":"info","message":"[2026-03-24T06:44:52.496Z] GET /api/auth/me","service":"eduvault-backend","timestamp":"2026-03-24 12:14:52"}
{"level":"info","message":"[2026-03-24T06:44:52.500Z] GET /api/auth/me","service":"eduvault-backend","timestamp":"2026-03-24 12:14:52"}
{"level":"info","message":"[2026-03-24T06:44:52.504Z] GET /api/auth/me","service":"eduvault-backend","timestamp":"2026-03-24 12:14:52"}
{"level":"info","message":"[2026-03-24T06:44:52.508Z] GET /api/auth/me","service":"eduvault-backend","timestamp":"2026-03-24 12:14:52"}
{"level":"info","message":"[2026-03-24T06:44:52.534Z] GET /api/states","service":"eduvault-backend","timestamp":"2026-03-24 12:14:52"}
{"level":"info","message":"[2026-03-24T06:44:52.537Z] GET /api/departments","service":"eduvault-backend","timestamp":"2026-03-24 12:14:52"}
{"level":"info","message":"[2026-03-24T06:44:52.539Z] GET /api/get-staff?role=Staff","service":"eduvault-backend","timestamp":"2026-03-24 12:14:52"}
{"level":"info","message":"[2026-03-24T06:44:52.551Z] GET /api/states","service":"eduvault-backend","timestamp":"2026-03-24 12:14:52"}
{"level":"info","message":"[2026-03-24T06:44:52.554Z] GET /api/departments","service":"eduvault-backend","timestamp":"2026-03-24 12:14:52"}
{"level":"info","message":"[2026-03-24T06:44:52.564Z] GET /api/get-staff?role=Staff","service":"eduvault-backend","timestamp":"2026-03-24 12:14:52"}
{"level":"info","message":"[2026-03-24T06:44:52.568Z] GET /api/departments","service":"eduvault-backend","timestamp":"2026-03-24 12:14:52"}
{"level":"info","message":"[2026-03-24T06:44:52.570Z] GET /api/states","service":"eduvault-backend","timestamp":"2026-03-24 12:14:52"}
{"level":"info","message":"[2026-03-24T06:44:52.580Z] GET /api/departments","service":"eduvault-backend","timestamp":"2026-03-24 12:14:52"}
{"level":"info","message":"[2026-03-24T06:44:52.583Z] GET /api/states","service":"eduvault-backend","timestamp":"2026-03-24 12:14:52"}
{"level":"info","message":"[2026-03-24T06:44:52.584Z] GET /api/get-staff?role=Staff","service":"eduvault-backend","timestamp":"2026-03-24 12:14:52"}
{"level":"info","message":"[2026-03-24T06:44:52.592Z] GET /api/departments","service":"eduvault-backend","timestamp":"2026-03-24 12:14:52"}
{"level":"info","message":"[2026-03-24T06:44:52.595Z] GET /api/states","service":"eduvault-backend","timestamp":"2026-03-24 12:14:52"}
{"level":"info","message":"[2026-03-24T06:44:52.600Z] GET /api/get-staff?role=Staff","service":"eduvault-backend","timestamp":"2026-03-24 12:14:52"}
{"level":"info","message":"[2026-03-24T06:44:52.609Z] GET /api/get-staff?role=Staff","service":"eduvault-backend","timestamp":"2026-03-24 12:14:52"}
{"level":"info","message":"[2026-03-26T16:37:41.435Z] GET /api/departments","service":"eduvault-backend","timestamp":"2026-03-26 22:07:41"}
{"level":"info","message":"[2026-03-26T16:37:41.461Z] GET /api/get-staff?role=Staff","service":"eduvault-backend","timestamp":"2026-03-26 22:07:41"}
{"level":"info","message":"[2026-03-26T16:37:41.465Z] GET /api/states","service":"eduvault-backend","timestamp":"2026-03-26 22:07:41"}
{"level":"info","message":"[2026-03-26T16:37:41.467Z] GET /api/auth/me","service":"eduvault-backend","timestamp":"2026-03-26 22:07:41"}
{"level":"info","message":"[2026-03-26T16:37:41.491Z] GET /api/auth/me","service":"eduvault-backend","timestamp":"2026-03-26 22:07:41"}
{"level":"info","message":"[2026-03-26T16:37:41.562Z] GET /api/departments","service":"eduvault-backend","timestamp":"2026-03-26 22:07:41"}
{"level":"info","message":"[2026-03-26T16:37:41.568Z] GET /api/states","service":"eduvault-backend","timestamp":"2026-03-26 22:07:41"}
{"level":"info","message":"[2026-03-26T16:37:41.579Z] GET /api/get-staff?role=Staff","service":"eduvault-backend","timestamp":"2026-03-26 22:07:41"}
{"level":"info","message":"[2026-03-26T16:38:38.119Z] GET /api/departments","service":"eduvault-backend","timestamp":"2026-03-26 22:08:38"}
{"level":"info","message":"[2026-03-26T16:38:38.134Z] GET /api/get-staff?role=Staff","service":"eduvault-backend","timestamp":"2026-03-26 22:08:38"}
{"level":"info","message":"[2026-03-26T16:38:38.139Z] GET /api/states","service":"eduvault-backend","timestamp":"2026-03-26 22:08:38"}
{"level":"info","message":"[2026-03-26T16:38:38.177Z] GET /api/departments","service":"eduvault-backend","timestamp":"2026-03-26 22:08:38"}
{"level":"info","message":"[2026-03-26T16:38:38.182Z] GET /api/states","service":"eduvault-backend","timestamp":"2026-03-26 22:08:38"}
{"level":"info","message":"[2026-03-26T16:38:38.194Z] GET /api/get-staff?role=Staff","service":"eduvault-backend","timestamp":"2026-03-26 22:08:38"}
{"level":"info","message":"[2026-03-26T16:38:55.264Z] POST /api/auth/login","service":"eduvault-backend","timestamp":"2026-03-26 22:08:55"}
{"level":"info","message":"[2026-03-26T16:39:01.429Z] POST /api/auth/login","service":"eduvault-backend","timestamp":"2026-03-26 22:09:01"}
{"level":"info","message":"[2026-03-26T16:39:01.620Z] GET /api/auth/me","service":"eduvault-backend","timestamp":"2026-03-26 22:09:01"}
{"level":"info","message":"[2026-03-26T16:39:01.642Z] GET /api/get-user/1","service":"eduvault-backend","timestamp":"2026-03-26 22:09:01"}
{"level":"info","message":"[2026-03-26T16:39:01.679Z] GET /api/departments","service":"eduvault-backend","timestamp":"2026-03-26 22:09:01"}
{"level":"info","message":"[2026-03-26T16:39:01.686Z] GET /api/students","service":"eduvault-backend","timestamp":"2026-03-26 22:09:01"}
{"level":"info","message":"[2026-03-26T16:39:01.690Z] GET /api/department-counts","service":"eduvault-backend","timestamp":"2026-03-26 22:09:01"}
{"level":"info","message":"[2026-03-26T16:39:01.692Z] GET /api/pending-internships","service":"eduvault-backend","timestamp":"2026-03-26 22:09:01"}
{"level":"info","message":"[2026-03-26T16:39:01.696Z] GET /api/pending-scholarships","service":"eduvault-backend","timestamp":"2026-03-26 22:09:01"}
{"level":"info","message":"[2026-03-26T16:39:01.700Z] GET /api/event-organized/pending","service":"eduvault-backend","timestamp":"2026-03-26 22:09:01"}
{"level":"info","message":"[2026-03-26T16:39:01.749Z] GET /api/get-staff?role=Staff","service":"eduvault-backend","timestamp":"2026-03-26 22:09:01"}
{"level":"info","message":"[2026-03-26T16:39:01.752Z] GET /api/event-attended/pending","service":"eduvault-backend","timestamp":"2026-03-26 22:09:01"}
{"level":"info","message":"[2026-03-26T16:39:01.756Z] GET /api/all/pending-leaves","service":"eduvault-backend","timestamp":"2026-03-26 22:09:01"}
{"level":"info","message":"[2026-03-26T16:39:01.773Z] GET /api/online-courses/pending","service":"eduvault-backend","timestamp":"2026-03-26 22:09:01"}
{"level":"info","message":"[2026-03-26T16:39:01.787Z] GET /api/pending-achievements","service":"eduvault-backend","timestamp":"2026-03-26 22:09:01"}
{"level":"info","message":"[2026-03-26T16:39:01.800Z] GET /api/publications/pending","service":"eduvault-backend","timestamp":"2026-03-26 22:09:01"}
{"level":"info","message":"[2026-03-26T16:39:01.807Z] GET /api/competency-coding/pending","service":"eduvault-backend","timestamp":"2026-03-26 22:09:01"}
{"level":"info","message":"[2026-03-26T16:39:01.822Z] GET /api/noncgpa/pending","service":"eduvault-backend","timestamp":"2026-03-26 22:09:01"}
{"level":"info","message":"[2026-03-26T16:39:01.833Z] GET /api/projects/pending","service":"eduvault-backend","timestamp":"2026-03-26 22:09:01"}
{"level":"info","message":"[2026-03-26T16:39:01.873Z] GET /api/hackathon/pending","service":"eduvault-backend","timestamp":"2026-03-26 22:09:01"}
{"level":"info","message":"[2026-03-26T16:39:01.880Z] GET /api/extracurricular/pending","service":"eduvault-backend","timestamp":"2026-03-26 22:09:01"}
{"level":"info","message":"[2026-03-26T16:39:01.891Z] GET /api/fetch-internships?UserId=1","service":"eduvault-backend","timestamp":"2026-03-26 22:09:01"}
{"level":"info","message":"[2026-03-26T16:39:01.900Z] GET /api/pending-internships?userID=1","service":"eduvault-backend","timestamp":"2026-03-26 22:09:01"}
{"level":"info","message":"[2026-03-26T16:39:01.902Z] GET /api/event-attended/list?UserId=1","service":"eduvault-backend","timestamp":"2026-03-26 22:09:01"}
{"level":"info","message":"[2026-03-26T16:39:01.940Z] GET /api/fetch-scholarships?UserId=1","service":"eduvault-backend","timestamp":"2026-03-26 22:09:01"}
{"level":"info","message":"[2026-03-26T16:39:01.942Z] GET /api/event-organized/approved?UserId=1","service":"eduvault-backend","timestamp":"2026-03-26 22:09:01"}
{"level":"info","message":"[2026-03-26T16:39:01.954Z] GET /api/event-organized/pending?UserId=1","service":"eduvault-backend","timestamp":"2026-03-26 22:09:01"}
{"level":"info","message":"[2026-03-26T16:39:01.958Z] GET /api/pending-leaves?Userid=1","service":"eduvault-backend","timestamp":"2026-03-26 22:09:01"}
{"level":"info","message":"[2026-03-26T16:39:01.967Z] GET /api/fetch-leaves?Userid=1","service":"eduvault-backend","timestamp":"2026-03-26 22:09:01"}
{"level":"info","message":"[2026-03-26T16:39:01.969Z] GET /api/user-achievements/1","service":"eduvault-backend","timestamp":"2026-03-26 22:09:01"}
{"level":"info","message":"[2026-03-26T16:39:01.971Z] GET /api/hackathon/my-events","service":"eduvault-backend","timestamp":"2026-03-26 22:09:01"}
{"level":"info","message":"[2026-03-26T16:39:02.011Z] GET /api/publications/my-publications?UserId=1","service":"eduvault-backend","timestamp":"2026-03-26 22:09:02"}
{"level":"info","message":"[2026-03-26T16:39:02.016Z] GET /api/competency-coding/my-record?UserId=1","service":"eduvault-backend","timestamp":"2026-03-26 22:09:02"}
{"level":"info","message":"[2026-03-26T16:39:02.019Z] GET /api/competency-coding/skillrack/summary?UserId=1","service":"eduvault-backend","timestamp":"2026-03-26 22:09:02"}
{"level":"info","message":"[2026-03-26T16:39:02.030Z] GET /api/competency-coding/platform/all?UserId=1","service":"eduvault-backend","timestamp":"2026-03-26 22:09:02"}
{"level":"info","message":"[2026-03-26T16:39:02.032Z] GET /api/competency-coding/analytics?UserId=1","service":"eduvault-backend","timestamp":"2026-03-26 22:09:02"}
{"level":"info","message":"[2026-03-26T16:39:02.066Z] GET /api/projects/my-projects?UserId=1","service":"eduvault-backend","timestamp":"2026-03-26 22:09:02"}
{"level":"info","message":"[2026-03-26T16:39:02.068Z] GET /api/extracurricular/my-activities?UserId=1","service":"eduvault-backend","timestamp":"2026-03-26 22:09:02"}
{"level":"info","message":"[2026-03-26T16:39:02.070Z] GET /api/noncgpa/dropdown/categories","service":"eduvault-backend","timestamp":"2026-03-26 22:09:02"}
{"level":"info","message":"[2026-03-26T16:39:02.103Z] GET /api/noncgpa/dropdown/course-names","service":"eduvault-backend","timestamp":"2026-03-26 22:09:02"}
{"level":"info","message":"[2026-03-26T16:39:02.109Z] GET /api/noncgpa/dropdown/course-codes","service":"eduvault-backend","timestamp":"2026-03-26 22:09:02"}
{"level":"info","message":"[2026-03-26T16:39:02.111Z] GET /api/noncgpa/my-records?UserId=1","service":"eduvault-backend","timestamp":"2026-03-26 22:09:02"}
{"level":"info","message":"[2026-03-26T16:39:02.130Z] GET /api/skillrack/my-record?UserId=1","service":"eduvault-backend","timestamp":"2026-03-26 22:09:02"}
{"level":"info","message":"[2026-03-26T16:39:02.145Z] GET /api/skillrack/my-stats?UserId=1","service":"eduvault-backend","timestamp":"2026-03-26 22:09:02"}
{"level":"info","message":"[2026-03-26T16:39:02.158Z] GET /api/student-certificate/list","service":"eduvault-backend","timestamp":"2026-03-26 22:09:02"}
{"level":"info","message":"[2026-03-26T16:39:02.163Z] GET /api/staffs","service":"eduvault-backend","timestamp":"2026-03-26 22:09:02"}
{"level":"info","message":"[2026-03-26T16:39:02.164Z] GET /uploads/default.jpg","service":"eduvault-backend","timestamp":"2026-03-26 22:09:02"}
{"level":"info","message":"[2026-03-26T16:39:02.169Z] GET /api/admin/dashboard-stats","service":"eduvault-backend","timestamp":"2026-03-26 22:09:02"}
{"level":"info","message":"[2026-03-26T16:39:02.173Z] GET /api/departments","service":"eduvault-backend","timestamp":"2026-03-26 22:09:02"}
{"level":"info","message":"[2026-03-26T16:39:02.195Z] GET /api/departments","service":"eduvault-backend","timestamp":"2026-03-26 22:09:02"}
{"level":"info","message":"[2026-03-26T16:39:02.219Z] GET /api/staffs","service":"eduvault-backend","timestamp":"2026-03-26 22:09:02"}
{"level":"info","message":"[2026-03-26T16:39:02.234Z] GET /api/staffs","service":"eduvault-backend","timestamp":"2026-03-26 22:09:02"}
{"level":"info","message":"[2026-03-26T16:39:02.276Z] GET /api/admin/dashboard-stats","service":"eduvault-backend","timestamp":"2026-03-26 22:09:02"}
{"level":"info","message":"[2026-03-26T16:39:10.001Z] GET /api/admin/users?page=1&limit=10","service":"eduvault-backend","timestamp":"2026-03-26 22:09:10"}
{"level":"info","message":"[2026-03-26T16:39:10.016Z] GET /api/admin/roles","service":"eduvault-backend","timestamp":"2026-03-26 22:09:10"}
{"level":"info","message":"[2026-03-26T16:39:10.020Z] GET /api/admin/departments","service":"eduvault-backend","timestamp":"2026-03-26 22:09:10"}
{"level":"info","message":"[2026-03-26T16:39:10.022Z] GET /api/get-staff?role=Staff","service":"eduvault-backend","timestamp":"2026-03-26 22:09:10"}
{"level":"info","message":"[2026-03-26T16:39:10.039Z] GET /api/admin/users?page=1&limit=10","service":"eduvault-backend","timestamp":"2026-03-26 22:09:10"}
{"level":"info","message":"[2026-03-26T16:39:10.061Z] GET /api/get-staff?role=Staff","service":"eduvault-backend","timestamp":"2026-03-26 22:09:10"}
{"level":"info","message":"[2026-03-26T16:39:10.065Z] GET /api/admin/roles","service":"eduvault-backend","timestamp":"2026-03-26 22:09:10"}
{"level":"info","message":"[2026-03-26T16:39:10.068Z] GET /api/admin/departments","service":"eduvault-backend","timestamp":"2026-03-26 22:09:10"}
{"level":"info","message":"[2026-03-26T16:39:10.080Z] GET /uploads/profile/profile-2.png","service":"eduvault-backend","timestamp":"2026-03-26 22:09:10"}
{"level":"info","message":"[2026-03-26T16:39:11.494Z] GET /api/admin/departments","service":"eduvault-backend","timestamp":"2026-03-26 22:09:11"}
{"level":"info","message":"[2026-03-26T16:39:11.507Z] GET /api/admin/departments","service":"eduvault-backend","timestamp":"2026-03-26 22:09:11"}
{"level":"info","message":"[2026-03-26T16:39:12.401Z] GET /api/admin/roles","service":"eduvault-backend","timestamp":"2026-03-26 22:09:12"}
{"level":"info","message":"[2026-03-26T16:39:12.417Z] GET /api/admin/roles","service":"eduvault-backend","timestamp":"2026-03-26 22:09:12"}
{"level":"info","message":"[2026-03-26T16:39:16.295Z] GET /api/admin-panel/departments","service":"eduvault-backend","timestamp":"2026-03-26 22:09:16"}
{"level":"info","message":"[2026-03-26T16:39:16.324Z] GET /api/admin-panel/departments","service":"eduvault-backend","timestamp":"2026-03-26 22:09:16"}
{"level":"info","message":"[2026-03-26T16:39:16.332Z] GET /api/admin-panel/staff-with-activities","service":"eduvault-backend","timestamp":"2026-03-26 22:09:16"}
{"level":"info","message":"[2026-03-26T16:39:16.436Z] GET /api/admin-panel/staff-with-activities","service":"eduvault-backend","timestamp":"2026-03-26 22:09:16"}
{"level":"info","message":"[2026-03-26T16:39:17.539Z] GET /api/student-admin-panel/departments","service":"eduvault-backend","timestamp":"2026-03-26 22:09:17"}
{"level":"info","message":"[2026-03-26T16:39:17.569Z] GET /api/student-admin-panel/departments","service":"eduvault-backend","timestamp":"2026-03-26 22:09:17"}
{"level":"info","message":"[2026-03-26T16:39:17.581Z] GET /api/student-admin-panel/batches","service":"eduvault-backend","timestamp":"2026-03-26 22:09:17"}
{"level":"info","message":"[2026-03-26T16:39:17.593Z] GET /api/student-admin-panel/batches","service":"eduvault-backend","timestamp":"2026-03-26 22:09:17"}
{"level":"info","message":"[2026-03-26T16:39:17.601Z] GET /api/student-admin-panel/students-with-activities","service":"eduvault-backend","timestamp":"2026-03-26 22:09:17"}
{"level":"info","message":"[2026-03-26T16:39:17.662Z] GET /api/student-admin-panel/students-with-activities","service":"eduvault-backend","timestamp":"2026-03-26 22:09:17"}
{"level":"info","message":"[2026-03-26T16:39:19.734Z] GET /api/students","service":"eduvault-backend","timestamp":"2026-03-26 22:09:19"}
{"level":"info","message":"[2026-03-26T16:39:19.744Z] GET /api/get-staff?role=Staff","service":"eduvault-backend","timestamp":"2026-03-26 22:09:19"}
{"level":"info","message":"[2026-03-26T16:39:19.760Z] GET /api/department-counts","service":"eduvault-backend","timestamp":"2026-03-26 22:09:19"}
{"level":"info","message":"[2026-03-26T16:39:19.774Z] GET /api/students","service":"eduvault-backend","timestamp":"2026-03-26 22:09:19"}
{"level":"info","message":"[2026-03-26T16:39:19.780Z] GET /api/department-counts","service":"eduvault-backend","timestamp":"2026-03-26 22:09:19"}
{"level":"info","message":"[2026-03-26T16:39:19.782Z] GET /api/get-staff?role=Staff","service":"eduvault-backend","timestamp":"2026-03-26 22:09:19"}
{"level":"info","message":"[2026-03-26T16:39:19.802Z] GET /api/noncgpa-category/all?","service":"eduvault-backend","timestamp":"2026-03-26 22:09:19"}
{"level":"info","message":"[2026-03-26T16:39:19.818Z] GET /api/noncgpa-category/all?","service":"eduvault-backend","timestamp":"2026-03-26 22:09:19"}
{"level":"info","message":"[2026-03-26T16:39:23.411Z] GET /api/admin/activity/pending","service":"eduvault-backend","timestamp":"2026-03-26 22:09:23"}
{"level":"info","message":"[2026-03-26T16:39:23.417Z] GET /api/admin/activity/all","service":"eduvault-backend","timestamp":"2026-03-26 22:09:23"}
{"level":"info","message":"[2026-03-26T16:39:23.441Z] GET /api/admin/activity/all","service":"eduvault-backend","timestamp":"2026-03-26 22:09:23"}
{"level":"info","message":"[2026-03-26T16:39:23.444Z] GET /api/admin/activity/pending","service":"eduvault-backend","timestamp":"2026-03-26 22:09:23"}
{"level":"info","message":"[2026-03-26T16:39:23.459Z] GET /api/admin/activity/pending","service":"eduvault-backend","timestamp":"2026-03-26 22:09:23"}
{"level":"info","message":"[2026-03-26T16:39:23.472Z] GET /api/admin/activity/pending","service":"eduvault-backend","timestamp":"2026-03-26 22:09:23"}
{"level":"info","message":"[2026-03-26T16:39:25.790Z] GET /api/admin/tlp/pending","service":"eduvault-backend","timestamp":"2026-03-26 22:09:25"}
{"level":"info","message":"[2026-03-26T16:39:25.793Z] GET /api/admin/tlp/all","service":"eduvault-backend","timestamp":"2026-03-26 22:09:25"}
{"level":"info","message":"[2026-03-26T16:39:25.822Z] GET /api/admin/tlp/all","service":"eduvault-backend","timestamp":"2026-03-26 22:09:25"}
{"level":"info","message":"[2026-03-26T16:39:25.826Z] GET /api/admin/tlp/pending","service":"eduvault-backend","timestamp":"2026-03-26 22:09:25"}
{"level":"info","message":"[2026-03-26T16:39:25.834Z] GET /api/admin/tlp/pending","service":"eduvault-backend","timestamp":"2026-03-26 22:09:25"}
{"level":"info","message":"[2026-03-26T16:39:25.847Z] GET /api/admin/tlp/pending","service":"eduvault-backend","timestamp":"2026-03-26 22:09:25"}
{"level":"info","message":"[2026-03-26T16:39:28.702Z] GET /api/admin/dashboard-stats","service":"eduvault-backend","timestamp":"2026-03-26 22:09:28"}
{"level":"info","message":"[2026-03-26T16:39:28.732Z] GET /api/admin/dashboard-stats","service":"eduvault-backend","timestamp":"2026-03-26 22:09:28"}
{"level":"info","message":"[2026-03-26T16:39:33.658Z] POST /api/auth/logout","service":"eduvault-backend","timestamp":"2026-03-26 22:09:33"}
{"level":"info","message":"[2026-03-26T16:39:39.690Z] GET /api/departments","service":"eduvault-backend","timestamp":"2026-03-26 22:09:39"}
{"level":"info","message":"[2026-03-26T16:39:39.693Z] GET /api/get-staff?role=Staff","service":"eduvault-backend","timestamp":"2026-03-26 22:09:39"}
{"level":"info","message":"[2026-03-26T16:39:39.694Z] GET /api/states","service":"eduvault-backend","timestamp":"2026-03-26 22:09:39"}
{"level":"info","message":"[2026-03-26T16:39:39.704Z] GET /api/departments","service":"eduvault-backend","timestamp":"2026-03-26 22:09:39"}
{"level":"info","message":"[2026-03-26T16:39:39.708Z] GET /api/states","service":"eduvault-backend","timestamp":"2026-03-26 22:09:39"}
{"level":"info","message":"[2026-03-26T16:39:39.714Z] GET /api/get-staff?role=Staff","service":"eduvault-backend","timestamp":"2026-03-26 22:09:39"}
{"level":"info","message":"[2026-03-26T16:39:53.461Z] POST /api/auth/login","service":"eduvault-backend","timestamp":"2026-03-26 22:09:53"}
{"level":"info","message":"[2026-03-26T16:39:53.604Z] GET /api/auth/me","service":"eduvault-backend","timestamp":"2026-03-26 22:09:53"}
{"level":"info","message":"[2026-03-26T16:39:53.614Z] GET /api/get-user/5","service":"eduvault-backend","timestamp":"2026-03-26 22:09:53"}
{"level":"info","message":"[2026-03-26T16:39:53.643Z] GET /api/students","service":"eduvault-backend","timestamp":"2026-03-26 22:09:53"}
{"level":"info","message":"[2026-03-26T16:39:53.656Z] GET /api/get-staff?role=Staff","service":"eduvault-backend","timestamp":"2026-03-26 22:09:53"}
{"level":"info","message":"[2026-03-26T16:39:53.658Z] GET /api/department-counts","service":"eduvault-backend","timestamp":"2026-03-26 22:09:53"}
{"level":"info","message":"[2026-03-26T16:39:53.660Z] GET /api/pending-internships","service":"eduvault-backend","timestamp":"2026-03-26 22:09:53"}
{"level":"info","message":"[2026-03-26T16:39:53.673Z] GET /api/pending-scholarships","service":"eduvault-backend","timestamp":"2026-03-26 22:09:53"}
{"level":"info","message":"[2026-03-26T16:39:53.675Z] GET /api/event-attended/pending","service":"eduvault-backend","timestamp":"2026-03-26 22:09:53"}
{"level":"info","message":"[2026-03-26T16:39:53.682Z] GET /api/event-organized/pending","service":"eduvault-backend","timestamp":"2026-03-26 22:09:53"}
{"level":"info","message":"[2026-03-26T16:39:53.692Z] GET /api/all/pending-leaves","service":"eduvault-backend","timestamp":"2026-03-26 22:09:53"}
{"level":"info","message":"[2026-03-26T16:39:53.693Z] GET /api/online-courses/pending","service":"eduvault-backend","timestamp":"2026-03-26 22:09:53"}
{"level":"info","message":"[2026-03-26T16:39:53.695Z] GET /api/pending-achievements","service":"eduvault-backend","timestamp":"2026-03-26 22:09:53"}
{"level":"info","message":"[2026-03-26T16:39:53.703Z] GET /api/publications/pending","service":"eduvault-backend","timestamp":"2026-03-26 22:09:53"}
{"level":"info","message":"[2026-03-26T16:39:53.708Z] GET /api/competency-coding/pending","service":"eduvault-backend","timestamp":"2026-03-26 22:09:53"}
{"level":"info","message":"[2026-03-26T16:39:53.710Z] GET /api/noncgpa/pending","service":"eduvault-backend","timestamp":"2026-03-26 22:09:53"}
{"level":"info","message":"[2026-03-26T16:39:53.716Z] GET /api/projects/pending","service":"eduvault-backend","timestamp":"2026-03-26 22:09:53"}
{"level":"info","message":"[2026-03-26T16:39:53.718Z] GET /api/hackathon/pending","service":"eduvault-backend","timestamp":"2026-03-26 22:09:53"}
{"level":"info","message":"[2026-03-26T16:39:53.738Z] GET /api/extracurricular/pending","service":"eduvault-backend","timestamp":"2026-03-26 22:09:53"}
{"level":"info","message":"[2026-03-26T16:39:53.759Z] GET /api/fetch-internships?UserId=5","service":"eduvault-backend","timestamp":"2026-03-26 22:09:53"}
{"level":"info","message":"[2026-03-26T16:39:53.763Z] GET /api/pending-internships?userID=5","service":"eduvault-backend","timestamp":"2026-03-26 22:09:53"}
{"level":"info","message":"[2026-03-26T16:39:53.766Z] GET /api/event-attended/list?UserId=5","service":"eduvault-backend","timestamp":"2026-03-26 22:09:53"}
{"level":"info","message":"[2026-03-26T16:39:53.768Z] GET /api/fetch-scholarships?UserId=5","service":"eduvault-backend","timestamp":"2026-03-26 22:09:53"}
{"level":"info","message":"[2026-03-26T16:39:53.770Z] GET /api/event-organized/approved?UserId=5","service":"eduvault-backend","timestamp":"2026-03-26 22:09:53"}
{"level":"info","message":"[2026-03-26T16:39:53.804Z] GET /api/event-organized/pending?UserId=5","service":"eduvault-backend","timestamp":"2026-03-26 22:09:53"}
{"level":"info","message":"[2026-03-26T16:39:53.806Z] GET /api/pending-leaves?Userid=5","service":"eduvault-backend","timestamp":"2026-03-26 22:09:53"}
{"level":"info","message":"[2026-03-26T16:39:53.809Z] GET /api/fetch-leaves?Userid=5","service":"eduvault-backend","timestamp":"2026-03-26 22:09:53"}
{"level":"info","message":"[2026-03-26T16:39:53.811Z] GET /api/user-achievements/5","service":"eduvault-backend","timestamp":"2026-03-26 22:09:53"}
{"level":"info","message":"[2026-03-26T16:39:53.819Z] GET /api/publications/my-publications?UserId=5","service":"eduvault-backend","timestamp":"2026-03-26 22:09:53"}
{"level":"info","message":"[2026-03-26T16:39:53.822Z] GET /api/competency-coding/my-record?UserId=5","service":"eduvault-backend","timestamp":"2026-03-26 22:09:53"}
{"level":"info","message":"[2026-03-26T16:39:53.849Z] GET /api/hackathon/my-events","service":"eduvault-backend","timestamp":"2026-03-26 22:09:53"}
{"level":"info","message":"[2026-03-26T16:39:53.852Z] GET /api/competency-coding/skillrack/summary?UserId=5","service":"eduvault-backend","timestamp":"2026-03-26 22:09:53"}
{"level":"info","message":"[2026-03-26T16:39:53.862Z] GET /api/competency-coding/platform/all?UserId=5","service":"eduvault-backend","timestamp":"2026-03-26 22:09:53"}
{"level":"info","message":"[2026-03-26T16:39:53.864Z] GET /api/competency-coding/analytics?UserId=5","service":"eduvault-backend","timestamp":"2026-03-26 22:09:53"}
{"level":"info","message":"[2026-03-26T16:39:53.871Z] GET /api/projects/my-projects?UserId=5","service":"eduvault-backend","timestamp":"2026-03-26 22:09:53"}
{"level":"info","message":"[2026-03-26T16:39:53.872Z] GET /api/extracurricular/my-activities?UserId=5","service":"eduvault-backend","timestamp":"2026-03-26 22:09:53"}
{"level":"info","message":"[2026-03-26T16:39:53.884Z] GET /api/skillrack/my-record?UserId=5","service":"eduvault-backend","timestamp":"2026-03-26 22:09:53"}
{"level":"info","message":"[2026-03-26T16:39:53.894Z] GET /api/skillrack/my-stats?UserId=5","service":"eduvault-backend","timestamp":"2026-03-26 22:09:53"}
{"level":"info","message":"[2026-03-26T16:39:53.896Z] GET /api/student-certificate/list","service":"eduvault-backend","timestamp":"2026-03-26 22:09:53"}
{"level":"info","message":"[2026-03-26T16:39:53.905Z] GET /api/placement/notifications","service":"eduvault-backend","timestamp":"2026-03-26 22:09:53"}
{"level":"info","message":"[2026-03-26T16:39:53.907Z] GET /api/placement/companies","service":"eduvault-backend","timestamp":"2026-03-26 22:09:53"}
{"level":"info","message":"[2026-03-26T16:39:53.922Z] GET /api/placement/companies","service":"eduvault-backend","timestamp":"2026-03-26 22:09:53"}
{"level":"info","message":"[2026-03-26T16:39:53.924Z] GET /api/placement/notifications","service":"eduvault-backend","timestamp":"2026-03-26 22:09:53"}
{"level":"info","message":"[2026-03-26T16:39:58.741Z] GET /api/placement/drives","service":"eduvault-backend","timestamp":"2026-03-26 22:09:58"}
{"level":"info","message":"[2026-03-26T16:39:58.746Z] GET /api/placement/drives/stats/overview","service":"eduvault-backend","timestamp":"2026-03-26 22:09:58"}
{"level":"info","message":"[2026-03-26T16:39:58.762Z] GET /api/placement/drives","service":"eduvault-backend","timestamp":"2026-03-26 22:09:58"}
{"level":"info","message":"[2026-03-26T16:39:58.772Z] GET /api/placement/drives/stats/overview","service":"eduvault-backend","timestamp":"2026-03-26 22:09:58"}
{"level":"info","message":"[2026-03-26T16:40:00.490Z] GET /api/placement/registrations","service":"eduvault-backend","timestamp":"2026-03-26 22:10:00"}
{"level":"info","message":"[2026-03-26T16:40:00.494Z] GET /api/placement/registrations/stats","service":"eduvault-backend","timestamp":"2026-03-26 22:10:00"}
{"level":"info","message":"[2026-03-26T16:40:00.514Z] GET /api/placement/registrations","service":"eduvault-backend","timestamp":"2026-03-26 22:10:00"}
{"level":"info","message":"[2026-03-26T16:40:00.519Z] GET /api/placement/registrations/stats","service":"eduvault-backend","timestamp":"2026-03-26 22:10:00"}
{"level":"info","message":"[2026-03-26T16:40:03.288Z] GET /api/placement/hackathons?","service":"eduvault-backend","timestamp":"2026-03-26 22:10:03"}
{"level":"info","message":"[2026-03-26T16:40:03.291Z] GET /api/placement/hackathons/stats/overview","service":"eduvault-backend","timestamp":"2026-03-26 22:10:03"}
{"level":"info","message":"[2026-03-26T16:40:03.312Z] GET /api/placement/hackathons?","service":"eduvault-backend","timestamp":"2026-03-26 22:10:03"}
{"level":"info","message":"[2026-03-26T16:40:03.329Z] GET /api/placement/hackathons/stats/overview","service":"eduvault-backend","timestamp":"2026-03-26 22:10:03"}
{"level":"info","message":"[2026-03-26T16:40:05.643Z] GET /api/placement/hackathons","service":"eduvault-backend","timestamp":"2026-03-26 22:10:05"}
{"level":"info","message":"[2026-03-26T16:40:05.656Z] GET /api/placement/hackathons","service":"eduvault-backend","timestamp":"2026-03-26 22:10:05"}
{"level":"info","message":"[2026-03-26T16:40:07.631Z] GET /api/placement/eligibility/filter-options","service":"eduvault-backend","timestamp":"2026-03-26 22:10:07"}
{"level":"info","message":"[2026-03-26T16:40:07.634Z] GET /api/placement/eligibility/eligible-students","service":"eduvault-backend","timestamp":"2026-03-26 22:10:07"}
{"level":"info","message":"[2026-03-26T16:40:07.673Z] GET /api/placement/eligibility/eligible-students","service":"eduvault-backend","timestamp":"2026-03-26 22:10:07"}
{"level":"info","message":"[2026-03-26T16:40:07.676Z] GET /api/placement/eligibility/filter-options","service":"eduvault-backend","timestamp":"2026-03-26 22:10:07"}
{"level":"info","message":"[2026-03-26T16:40:12.351Z] GET /api/placement/feedback?limit=10&offset=0","service":"eduvault-backend","timestamp":"2026-03-26 22:10:12"}
{"level":"info","message":"[2026-03-26T16:40:12.381Z] GET /api/placement/feedback?limit=10&offset=0","service":"eduvault-backend","timestamp":"2026-03-26 22:10:12"}
{"level":"info","message":"[2026-03-26T16:40:15.114Z] POST /api/auth/logout","service":"eduvault-backend","timestamp":"2026-03-26 22:10:15"}
{"level":"info","message":"[2026-03-26T16:40:20.952Z] GET /api/departments","service":"eduvault-backend","timestamp":"2026-03-26 22:10:20"}
{"level":"info","message":"[2026-03-26T16:40:20.963Z] GET /api/get-staff?role=Staff","service":"eduvault-backend","timestamp":"2026-03-26 22:10:20"}
{"level":"info","message":"[2026-03-26T16:40:20.964Z] GET /api/states","service":"eduvault-backend","timestamp":"2026-03-26 22:10:20"}
{"level":"info","message":"[2026-03-26T16:40:20.970Z] GET /api/departments","service":"eduvault-backend","timestamp":"2026-03-26 22:10:20"}
{"level":"info","message":"[2026-03-26T16:40:20.995Z] GET /api/get-staff?role=Staff","service":"eduvault-backend","timestamp":"2026-03-26 22:10:20"}
{"level":"info","message":"[2026-03-26T16:40:21.007Z] GET /api/states","service":"eduvault-backend","timestamp":"2026-03-26 22:10:21"}
{"level":"info","message":"[2026-03-26T16:40:38.289Z] GET /api/departments","service":"eduvault-backend","timestamp":"2026-03-26 22:10:38"}
{"level":"info","message":"[2026-03-26T16:40:38.294Z] GET /api/get-staff?role=Staff","service":"eduvault-backend","timestamp":"2026-03-26 22:10:38"}
{"level":"info","message":"[2026-03-26T16:40:38.298Z] GET /api/states","service":"eduvault-backend","timestamp":"2026-03-26 22:10:38"}
{"level":"info","message":"[2026-03-26T16:40:38.310Z] GET /api/departments","service":"eduvault-backend","timestamp":"2026-03-26 22:10:38"}
{"level":"info","message":"[2026-03-26T16:40:38.322Z] GET /api/get-staff?role=Staff","service":"eduvault-backend","timestamp":"2026-03-26 22:10:38"}
{"level":"info","message":"[2026-03-26T16:40:38.328Z] GET /api/states","service":"eduvault-backend","timestamp":"2026-03-26 22:10:38"}
{"level":"info","message":"[2026-03-26T16:40:50.528Z] POST /api/auth/login","service":"eduvault-backend","timestamp":"2026-03-26 22:10:50"}
{"level":"info","message":"[2026-03-26T16:40:50.690Z] GET /api/auth/me","service":"eduvault-backend","timestamp":"2026-03-26 22:10:50"}
{"level":"info","message":"[2026-03-26T16:40:50.696Z] GET /api/get-user/4","service":"eduvault-backend","timestamp":"2026-03-26 22:10:50"}
{"level":"info","message":"[2026-03-26T16:40:50.722Z] GET /api/departments","service":"eduvault-backend","timestamp":"2026-03-26 22:10:50"}
{"level":"info","message":"[2026-03-26T16:40:50.734Z] GET /api/students","service":"eduvault-backend","timestamp":"2026-03-26 22:10:50"}
{"level":"info","message":"[2026-03-26T16:40:50.741Z] GET /api/get-staff?role=Staff","service":"eduvault-backend","timestamp":"2026-03-26 22:10:50"}
{"level":"info","message":"[2026-03-26T16:40:50.743Z] GET /api/department-counts","service":"eduvault-backend","timestamp":"2026-03-26 22:10:50"}
{"level":"info","message":"[2026-03-26T16:40:50.746Z] GET /api/pending-internships","service":"eduvault-backend","timestamp":"2026-03-26 22:10:50"}
{"level":"info","message":"[2026-03-26T16:40:50.750Z] GET /api/pending-scholarships","service":"eduvault-backend","timestamp":"2026-03-26 22:10:50"}
{"level":"info","message":"[2026-03-26T16:40:50.753Z] GET /api/event-organized/pending","service":"eduvault-backend","timestamp":"2026-03-26 22:10:50"}
{"level":"info","message":"[2026-03-26T16:40:50.790Z] GET /api/event-attended/pending","service":"eduvault-backend","timestamp":"2026-03-26 22:10:50"}
{"level":"info","message":"[2026-03-26T16:40:50.792Z] GET /api/all/pending-leaves","service":"eduvault-backend","timestamp":"2026-03-26 22:10:50"}
{"level":"info","message":"[2026-03-26T16:40:50.793Z] GET /api/online-courses/pending","service":"eduvault-backend","timestamp":"2026-03-26 22:10:50"}
{"level":"info","message":"[2026-03-26T16:40:50.795Z] GET /api/pending-achievements","service":"eduvault-backend","timestamp":"2026-03-26 22:10:50"}
{"level":"info","message":"[2026-03-26T16:40:50.796Z] GET /api/publications/pending","service":"eduvault-backend","timestamp":"2026-03-26 22:10:50"}
{"level":"info","message":"[2026-03-26T16:40:50.805Z] GET /api/competency-coding/pending","service":"eduvault-backend","timestamp":"2026-03-26 22:10:50"}
{"level":"info","message":"[2026-03-26T16:40:50.808Z] GET /api/noncgpa/pending","service":"eduvault-backend","timestamp":"2026-03-26 22:10:50"}
{"level":"info","message":"[2026-03-26T16:40:50.816Z] GET /api/projects/pending","service":"eduvault-backend","timestamp":"2026-03-26 22:10:50"}
{"level":"info","message":"[2026-03-26T16:40:50.823Z] GET /api/hackathon/pending","service":"eduvault-backend","timestamp":"2026-03-26 22:10:50"}
{"level":"info","message":"[2026-03-26T16:40:50.846Z] GET /api/fetch-internships?UserId=4","service":"eduvault-backend","timestamp":"2026-03-26 22:10:50"}
{"level":"info","message":"[2026-03-26T16:40:50.849Z] GET /api/extracurricular/pending","service":"eduvault-backend","timestamp":"2026-03-26 22:10:50"}
{"level":"info","message":"[2026-03-26T16:40:50.854Z] GET /api/pending-internships?userID=4","service":"eduvault-backend","timestamp":"2026-03-26 22:10:50"}
{"level":"info","message":"[2026-03-26T16:40:50.865Z] GET /api/event-attended/list?UserId=4","service":"eduvault-backend","timestamp":"2026-03-26 22:10:50"}
{"level":"info","message":"[2026-03-26T16:40:50.876Z] GET /api/fetch-scholarships?UserId=4","service":"eduvault-backend","timestamp":"2026-03-26 22:10:50"}
{"level":"info","message":"[2026-03-26T16:40:50.879Z] GET /api/event-organized/approved?UserId=4","service":"eduvault-backend","timestamp":"2026-03-26 22:10:50"}
{"level":"info","message":"[2026-03-26T16:40:50.893Z] GET /api/event-organized/pending?UserId=4","service":"eduvault-backend","timestamp":"2026-03-26 22:10:50"}
{"level":"info","message":"[2026-03-26T16:40:50.903Z] GET /api/pending-leaves?Userid=4","service":"eduvault-backend","timestamp":"2026-03-26 22:10:50"}
{"level":"info","message":"[2026-03-26T16:40:50.908Z] GET /api/fetch-leaves?Userid=4","service":"eduvault-backend","timestamp":"2026-03-26 22:10:50"}
{"level":"info","message":"[2026-03-26T16:40:50.914Z] GET /api/user-achievements/4","service":"eduvault-backend","timestamp":"2026-03-26 22:10:50"}
{"level":"info","message":"[2026-03-26T16:40:50.921Z] GET /api/publications/my-publications?UserId=4","service":"eduvault-backend","timestamp":"2026-03-26 22:10:50"}
{"level":"info","message":"[2026-03-26T16:40:50.933Z] GET /api/competency-coding/my-record?UserId=4","service":"eduvault-backend","timestamp":"2026-03-26 22:10:50"}
{"level":"info","message":"[2026-03-26T16:40:50.934Z] GET /api/competency-coding/skillrack/summary?UserId=4","service":"eduvault-backend","timestamp":"2026-03-26 22:10:50"}
{"level":"info","message":"[2026-03-26T16:40:50.954Z] GET /api/competency-coding/platform/all?UserId=4","service":"eduvault-backend","timestamp":"2026-03-26 22:10:50"}
{"level":"info","message":"[2026-03-26T16:40:50.958Z] GET /api/competency-coding/analytics?UserId=4","service":"eduvault-backend","timestamp":"2026-03-26 22:10:50"}
{"level":"info","message":"[2026-03-26T16:40:50.960Z] GET /api/projects/my-projects?UserId=4","service":"eduvault-backend","timestamp":"2026-03-26 22:10:50"}
{"level":"info","message":"[2026-03-26T16:40:50.966Z] GET /api/extracurricular/my-activities?UserId=4","service":"eduvault-backend","timestamp":"2026-03-26 22:10:50"}
{"level":"info","message":"[2026-03-26T16:40:50.977Z] GET /api/noncgpa/my-records?UserId=4","service":"eduvault-backend","timestamp":"2026-03-26 22:10:50"}
{"level":"info","message":"[2026-03-26T16:40:50.982Z] GET /api/skillrack/my-record?UserId=4","service":"eduvault-backend","timestamp":"2026-03-26 22:10:50"}
{"level":"info","message":"[2026-03-26T16:40:51.008Z] GET /api/skillrack/my-stats?UserId=4","service":"eduvault-backend","timestamp":"2026-03-26 22:10:51"}
{"level":"info","message":"[2026-03-26T16:40:51.013Z] GET /api/hackathon/my-events","service":"eduvault-backend","timestamp":"2026-03-26 22:10:51"}
{"level":"info","message":"[2026-03-26T16:40:51.025Z] GET /api/noncgpa/dropdown/categories","service":"eduvault-backend","timestamp":"2026-03-26 22:10:51"}
{"level":"info","message":"[2026-03-26T16:40:51.032Z] GET /api/noncgpa/dropdown/course-names","service":"eduvault-backend","timestamp":"2026-03-26 22:10:51"}
{"level":"info","message":"[2026-03-26T16:40:51.042Z] GET /api/noncgpa/dropdown/course-codes","service":"eduvault-backend","timestamp":"2026-03-26 22:10:51"}
{"level":"info","message":"[2026-03-26T16:40:51.044Z] GET /api/student-certificate/list","service":"eduvault-backend","timestamp":"2026-03-26 22:10:51"}
{"level":"info","message":"[2026-03-26T16:40:51.046Z] GET /api/staffs","service":"eduvault-backend","timestamp":"2026-03-26 22:10:51"}
{"level":"info","message":"[2026-03-26T16:40:51.063Z] GET /uploads/default.jpg","service":"eduvault-backend","timestamp":"2026-03-26 22:10:51"}
{"level":"info","message":"[2026-03-26T16:40:51.065Z] GET /api/admin/dashboard-stats","service":"eduvault-backend","timestamp":"2026-03-26 22:10:51"}
{"level":"info","message":"[2026-03-26T16:40:51.074Z] GET /api/departments","service":"eduvault-backend","timestamp":"2026-03-26 22:10:51"}
{"level":"info","message":"[2026-03-26T16:40:51.091Z] GET /api/departments","service":"eduvault-backend","timestamp":"2026-03-26 22:10:51"}
{"level":"info","message":"[2026-03-26T16:40:51.098Z] GET /api/staffs","service":"eduvault-backend","timestamp":"2026-03-26 22:10:51"}
{"level":"info","message":"[2026-03-26T16:40:51.111Z] GET /api/admin/dashboard-stats","service":"eduvault-backend","timestamp":"2026-03-26 22:10:51"}
{"level":"info","message":"[2026-03-26T16:40:51.114Z] GET /api/staffs","service":"eduvault-backend","timestamp":"2026-03-26 22:10:51"}
{"level":"info","message":"[2026-03-26T16:40:54.666Z] GET /api/admin/tutor-allocation/staff","service":"eduvault-backend","timestamp":"2026-03-26 22:10:54"}
{"level":"info","message":"[2026-03-26T16:40:54.673Z] GET /api/admin/tutor-allocation/students?status=unassigned","service":"eduvault-backend","timestamp":"2026-03-26 22:10:54"}
{"level":"info","message":"[2026-03-26T16:40:54.716Z] GET /api/admin/tutor-allocation/staff","service":"eduvault-backend","timestamp":"2026-03-26 22:10:54"}
{"level":"info","message":"[2026-03-26T16:40:54.721Z] GET /api/admin/tutor-allocation/students?status=unassigned","service":"eduvault-backend","timestamp":"2026-03-26 22:10:54"}
{"level":"info","message":"[2026-03-26T16:41:01.775Z] GET /api/admin/tutor-allocation/students","service":"eduvault-backend","timestamp":"2026-03-26 22:11:01"}
{"level":"info","message":"[2026-03-26T16:41:05.829Z] GET /uploads/profile/profile-2.png","service":"eduvault-backend","timestamp":"2026-03-26 22:11:05"}
{"level":"info","message":"[2026-03-26T16:41:06.865Z] GET /api/admin-panel/departments","service":"eduvault-backend","timestamp":"2026-03-26 22:11:06"}
{"level":"info","message":"[2026-03-26T16:41:06.873Z] GET /api/admin-panel/departments","service":"eduvault-backend","timestamp":"2026-03-26 22:11:06"}
{"level":"info","message":"[2026-03-26T16:41:06.879Z] GET /api/admin-panel/staff-with-activities","service":"eduvault-backend","timestamp":"2026-03-26 22:11:06"}
{"level":"info","message":"[2026-03-26T16:41:06.948Z] GET /api/admin-panel/staff-with-activities","service":"eduvault-backend","timestamp":"2026-03-26 22:11:06"}
{"level":"info","message":"[2026-03-26T16:41:08.625Z] GET /api/student-admin-panel/departments","service":"eduvault-backend","timestamp":"2026-03-26 22:11:08"}
{"level":"info","message":"[2026-03-26T16:41:08.636Z] GET /api/student-admin-panel/departments","service":"eduvault-backend","timestamp":"2026-03-26 22:11:08"}
{"level":"info","message":"[2026-03-26T16:41:08.646Z] GET /api/student-admin-panel/batches","service":"eduvault-backend","timestamp":"2026-03-26 22:11:08"}
{"level":"info","message":"[2026-03-26T16:41:08.654Z] GET /api/student-admin-panel/batches","service":"eduvault-backend","timestamp":"2026-03-26 22:11:08"}
{"level":"info","message":"[2026-03-26T16:41:08.656Z] GET /api/student-admin-panel/students-with-activities","service":"eduvault-backend","timestamp":"2026-03-26 22:11:08"}
{"level":"info","message":"[2026-03-26T16:41:08.699Z] GET /api/student-admin-panel/students-with-activities","service":"eduvault-backend","timestamp":"2026-03-26 22:11:08"}
{"level":"info","message":"[2026-03-26T16:41:09.996Z] GET /api/students","service":"eduvault-backend","timestamp":"2026-03-26 22:11:09"}
{"level":"info","message":"[2026-03-26T16:41:09.998Z] GET /api/get-staff?role=Staff","service":"eduvault-backend","timestamp":"2026-03-26 22:11:09"}
{"level":"info","message":"[2026-03-26T16:41:10.004Z] GET /api/department-counts","service":"eduvault-backend","timestamp":"2026-03-26 22:11:10"}
{"level":"info","message":"[2026-03-26T16:41:10.017Z] GET /api/students","service":"eduvault-backend","timestamp":"2026-03-26 22:11:10"}
{"level":"info","message":"[2026-03-26T16:41:10.022Z] GET /api/department-counts","service":"eduvault-backend","timestamp":"2026-03-26 22:11:10"}
{"level":"info","message":"[2026-03-26T16:41:10.024Z] GET /api/get-staff?role=Staff","service":"eduvault-backend","timestamp":"2026-03-26 22:11:10"}
{"level":"info","message":"[2026-03-26T16:41:10.049Z] GET /api/noncgpa-category/all?","service":"eduvault-backend","timestamp":"2026-03-26 22:11:10"}
{"level":"info","message":"[2026-03-26T16:41:10.064Z] GET /api/noncgpa-category/all?","service":"eduvault-backend","timestamp":"2026-03-26 22:11:10"}
{"level":"info","message":"[2026-03-26T16:41:11.540Z] GET /api/dept-admin/pending-leaves","service":"eduvault-backend","timestamp":"2026-03-26 22:11:11"}
{"level":"info","message":"[2026-03-26T16:41:11.541Z] GET /api/dept-admin/all-leaves","service":"eduvault-backend","timestamp":"2026-03-26 22:11:11"}
{"level":"info","message":"[2026-03-26T16:41:11.566Z] GET /api/dept-admin/pending-leaves","service":"eduvault-backend","timestamp":"2026-03-26 22:11:11"}
{"level":"info","message":"[2026-03-26T16:41:11.571Z] GET /api/dept-admin/all-leaves","service":"eduvault-backend","timestamp":"2026-03-26 22:11:11"}
{"level":"info","message":"[2026-03-26T16:41:16.254Z] GET /api/admin/dashboard-stats","service":"eduvault-backend","timestamp":"2026-03-26 22:11:16"}
{"level":"info","message":"[2026-03-26T16:41:16.313Z] GET /api/admin/dashboard-stats","service":"eduvault-backend","timestamp":"2026-03-26 22:11:16"}
{"level":"info","message":"[2026-03-26T16:41:22.985Z] POST /api/auth/logout","service":"eduvault-backend","timestamp":"2026-03-26 22:11:22"}
{"level":"info","message":"[2026-03-26T16:41:28.898Z] GET /api/departments","service":"eduvault-backend","timestamp":"2026-03-26 22:11:28"}
{"level":"info","message":"[2026-03-26T16:41:28.904Z] GET /api/get-staff?role=Staff","service":"eduvault-backend","timestamp":"2026-03-26 22:11:28"}
{"level":"info","message":"[2026-03-26T16:41:28.912Z] GET /api/states","service":"eduvault-backend","timestamp":"2026-03-26 22:11:28"}
{"level":"info","message":"[2026-03-26T16:41:28.915Z] GET /api/departments","service":"eduvault-backend","timestamp":"2026-03-26 22:11:28"}
{"level":"info","message":"[2026-03-26T16:41:28.927Z] GET /api/states","service":"eduvault-backend","timestamp":"2026-03-26 22:11:28"}
{"level":"info","message":"[2026-03-26T16:41:28.932Z] GET /api/get-staff?role=Staff","service":"eduvault-backend","timestamp":"2026-03-26 22:11:28"}
{"level":"info","message":"[2026-03-26T16:41:39.116Z] POST /api/auth/login","service":"eduvault-backend","timestamp":"2026-03-26 22:11:39"}
{"level":"info","message":"[2026-03-26T16:41:44.334Z] POST /api/auth/login","service":"eduvault-backend","timestamp":"2026-03-26 22:11:44"}
{"level":"info","message":"[2026-03-26T16:41:52.094Z] POST /api/auth/login","service":"eduvault-backend","timestamp":"2026-03-26 22:11:52"}
{"level":"info","message":"[2026-03-26T16:41:59.294Z] POST /api/auth/login","service":"eduvault-backend","timestamp":"2026-03-26 22:11:59"}
{"level":"info","message":"[2026-03-26T16:42:12.227Z] POST /api/auth/login","service":"eduvault-backend","timestamp":"2026-03-26 22:12:12"}
{"level":"info","message":"[2026-03-26T16:42:12.382Z] GET /api/auth/me","service":"eduvault-backend","timestamp":"2026-03-26 22:12:12"}
{"level":"info","message":"[2026-03-26T16:42:12.388Z] GET /api/get-user/2","service":"eduvault-backend","timestamp":"2026-03-26 22:12:12"}
{"level":"info","message":"[2026-03-26T16:42:12.415Z] GET /api/departments","service":"eduvault-backend","timestamp":"2026-03-26 22:12:12"}
{"level":"info","message":"[2026-03-26T16:42:12.424Z] GET /api/students","service":"eduvault-backend","timestamp":"2026-03-26 22:12:12"}
{"level":"info","message":"[2026-03-26T16:42:12.428Z] GET /api/get-staff?role=Staff","service":"eduvault-backend","timestamp":"2026-03-26 22:12:12"}
{"level":"info","message":"[2026-03-26T16:42:12.433Z] GET /api/department-counts","service":"eduvault-backend","timestamp":"2026-03-26 22:12:12"}
{"level":"info","message":"[2026-03-26T16:42:12.436Z] GET /api/pending-internships","service":"eduvault-backend","timestamp":"2026-03-26 22:12:12"}
{"level":"info","message":"[2026-03-26T16:42:12.439Z] GET /api/pending-scholarships","service":"eduvault-backend","timestamp":"2026-03-26 22:12:12"}
{"level":"info","message":"[2026-03-26T16:42:12.441Z] GET /api/event-organized/pending","service":"eduvault-backend","timestamp":"2026-03-26 22:12:12"}
{"level":"info","message":"[2026-03-26T16:42:12.467Z] GET /api/event-attended/pending","service":"eduvault-backend","timestamp":"2026-03-26 22:12:12"}
{"level":"info","message":"[2026-03-26T16:42:12.470Z] GET /api/all/pending-leaves","service":"eduvault-backend","timestamp":"2026-03-26 22:12:12"}
{"level":"info","message":"[2026-03-26T16:42:12.485Z] GET /api/online-courses/pending","service":"eduvault-backend","timestamp":"2026-03-26 22:12:12"}
{"level":"info","message":"[2026-03-26T16:42:12.487Z] GET /api/pending-achievements","service":"eduvault-backend","timestamp":"2026-03-26 22:12:12"}
{"level":"info","message":"[2026-03-26T16:42:12.489Z] GET /api/publications/pending","service":"eduvault-backend","timestamp":"2026-03-26 22:12:12"}
{"level":"info","message":"[2026-03-26T16:42:12.494Z] GET /api/competency-coding/pending","service":"eduvault-backend","timestamp":"2026-03-26 22:12:12"}
{"level":"info","message":"[2026-03-26T16:42:12.513Z] GET /api/noncgpa/pending","service":"eduvault-backend","timestamp":"2026-03-26 22:12:12"}
{"level":"info","message":"[2026-03-26T16:42:12.524Z] GET /api/projects/pending","service":"eduvault-backend","timestamp":"2026-03-26 22:12:12"}
{"level":"info","message":"[2026-03-26T16:42:12.529Z] GET /api/hackathon/pending","service":"eduvault-backend","timestamp":"2026-03-26 22:12:12"}
{"level":"info","message":"[2026-03-26T16:42:12.562Z] GET /api/fetch-internships?UserId=2","service":"eduvault-backend","timestamp":"2026-03-26 22:12:12"}
{"level":"info","message":"[2026-03-26T16:42:12.566Z] GET /api/extracurricular/pending","service":"eduvault-backend","timestamp":"2026-03-26 22:12:12"}
{"level":"info","message":"[2026-03-26T16:42:12.576Z] GET /api/pending-internships?userID=2","service":"eduvault-backend","timestamp":"2026-03-26 22:12:12"}
{"level":"info","message":"[2026-03-26T16:42:12.578Z] GET /api/event-attended/list?UserId=2","service":"eduvault-backend","timestamp":"2026-03-26 22:12:12"}
{"level":"info","message":"[2026-03-26T16:42:12.588Z] GET /api/fetch-scholarships?UserId=2","service":"eduvault-backend","timestamp":"2026-03-26 22:12:12"}
{"level":"info","message":"[2026-03-26T16:42:12.591Z] GET /api/event-organized/approved?UserId=2","service":"eduvault-backend","timestamp":"2026-03-26 22:12:12"}
{"level":"info","message":"[2026-03-26T16:42:12.606Z] GET /api/event-organized/pending?UserId=2","service":"eduvault-backend","timestamp":"2026-03-26 22:12:12"}
{"level":"info","message":"[2026-03-26T16:42:12.623Z] GET /api/pending-leaves?Userid=2","service":"eduvault-backend","timestamp":"2026-03-26 22:12:12"}
{"level":"info","message":"[2026-03-26T16:42:12.625Z] GET /api/fetch-leaves?Userid=2","service":"eduvault-backend","timestamp":"2026-03-26 22:12:12"}
{"level":"info","message":"[2026-03-26T16:42:12.629Z] GET /api/user-achievements/2","service":"eduvault-backend","timestamp":"2026-03-26 22:12:12"}
{"level":"info","message":"[2026-03-26T16:42:12.635Z] GET /api/publications/my-publications?UserId=2","service":"eduvault-backend","timestamp":"2026-03-26 22:12:12"}
{"level":"info","message":"[2026-03-26T16:42:12.637Z] GET /api/competency-coding/my-record?UserId=2","service":"eduvault-backend","timestamp":"2026-03-26 22:12:12"}
{"level":"info","message":"[2026-03-26T16:42:12.655Z] GET /api/hackathon/my-events","service":"eduvault-backend","timestamp":"2026-03-26 22:12:12"}
{"level":"info","message":"[2026-03-26T16:42:12.676Z] GET /api/competency-coding/skillrack/summary?UserId=2","service":"eduvault-backend","timestamp":"2026-03-26 22:12:12"}
{"level":"info","message":"[2026-03-26T16:42:12.692Z] GET /api/competency-coding/platform/all?UserId=2","service":"eduvault-backend","timestamp":"2026-03-26 22:12:12"}
{"level":"info","message":"[2026-03-26T16:42:12.695Z] GET /api/competency-coding/analytics?UserId=2","service":"eduvault-backend","timestamp":"2026-03-26 22:12:12"}
{"level":"info","message":"[2026-03-26T16:42:12.699Z] GET /api/projects/my-projects?UserId=2","service":"eduvault-backend","timestamp":"2026-03-26 22:12:12"}
{"level":"info","message":"[2026-03-26T16:42:12.703Z] GET /api/extracurricular/my-activities?UserId=2","service":"eduvault-backend","timestamp":"2026-03-26 22:12:12"}
{"level":"info","message":"[2026-03-26T16:42:12.717Z] GET /api/noncgpa/dropdown/categories","service":"eduvault-backend","timestamp":"2026-03-26 22:12:12"}
{"level":"info","message":"[2026-03-26T16:42:12.729Z] GET /api/noncgpa/dropdown/course-names","service":"eduvault-backend","timestamp":"2026-03-26 22:12:12"}
{"level":"info","message":"[2026-03-26T16:42:12.732Z] GET /api/noncgpa/my-records?UserId=2","service":"eduvault-backend","timestamp":"2026-03-26 22:12:12"}
{"level":"info","message":"[2026-03-26T16:42:12.740Z] GET /api/noncgpa/dropdown/course-codes","service":"eduvault-backend","timestamp":"2026-03-26 22:12:12"}
{"level":"info","message":"[2026-03-26T16:42:12.745Z] GET /api/skillrack/my-record?UserId=2","service":"eduvault-backend","timestamp":"2026-03-26 22:12:12"}
{"level":"info","message":"[2026-03-26T16:42:12.764Z] GET /api/skillrack/my-stats?UserId=2","service":"eduvault-backend","timestamp":"2026-03-26 22:12:12"}
{"level":"info","message":"[2026-03-26T16:42:12.778Z] GET /api/student-certificate/list","service":"eduvault-backend","timestamp":"2026-03-26 22:12:12"}
{"level":"info","message":"[2026-03-26T16:42:12.781Z] GET /api/staffs","service":"eduvault-backend","timestamp":"2026-03-26 22:12:12"}
{"level":"info","message":"[2026-03-26T16:42:12.791Z] GET /uploads/profile/profile-2.png","service":"eduvault-backend","timestamp":"2026-03-26 22:12:12"}
{"level":"info","message":"[2026-03-26T16:42:12.793Z] GET /api/seed-money","service":"eduvault-backend","timestamp":"2026-03-26 22:12:12"}
{"level":"info","message":"[2026-03-26T16:42:12.795Z] GET /api/scholars","service":"eduvault-backend","timestamp":"2026-03-26 22:12:12"}
{"level":"info","message":"[2026-03-26T16:42:12.802Z] GET /api/proposals","service":"eduvault-backend","timestamp":"2026-03-26 22:12:12"}
{"level":"info","message":"[2026-03-26T16:42:12.804Z] GET /api/project-proposal","service":"eduvault-backend","timestamp":"2026-03-26 22:12:12"}
{"level":"info","message":"[2026-03-26T16:42:12.824Z] GET /api/events","service":"eduvault-backend","timestamp":"2026-03-26 22:12:12"}
{"level":"info","message":"[2026-03-26T16:42:12.832Z] GET /api/industry","service":"eduvault-backend","timestamp":"2026-03-26 22:12:12"}
{"level":"info","message":"[2026-03-26T16:42:12.844Z] GET /api/certifications","service":"eduvault-backend","timestamp":"2026-03-26 22:12:12"}
{"level":"info","message":"[2026-03-26T16:42:12.846Z] GET /api/book-chapters","service":"eduvault-backend","timestamp":"2026-03-26 22:12:12"}
{"level":"info","message":"[2026-03-26T16:42:12.856Z] GET /api/other/events-organized","service":"eduvault-backend","timestamp":"2026-03-26 22:12:12"}
{"level":"info","message":"[2026-03-26T16:42:12.864Z] GET /api/h-index","service":"eduvault-backend","timestamp":"2026-03-26 22:12:12"}
{"level":"info","message":"[2026-03-26T16:42:12.870Z] GET /api/resource-person","service":"eduvault-backend","timestamp":"2026-03-26 22:12:12"}
{"level":"info","message":"[2026-03-26T16:42:12.888Z] GET /api/recognition","service":"eduvault-backend","timestamp":"2026-03-26 22:12:12"}
{"level":"info","message":"[2026-03-26T16:42:12.891Z] GET /api/patent-product","service":"eduvault-backend","timestamp":"2026-03-26 22:12:12"}
{"level":"info","message":"[2026-03-26T16:42:12.895Z] GET /api/project-mentors","service":"eduvault-backend","timestamp":"2026-03-26 22:12:12"}
{"level":"info","message":"[2026-03-26T16:42:12.899Z] GET /api/departments","service":"eduvault-backend","timestamp":"2026-03-26 22:12:12"}
{"level":"info","message":"[2026-03-26T16:42:12.904Z] GET /api/seed-money","service":"eduvault-backend","timestamp":"2026-03-26 22:12:12"}
{"level":"info","message":"[2026-03-26T16:42:12.924Z] GET /api/scholars","service":"eduvault-backend","timestamp":"2026-03-26 22:12:12"}
{"level":"info","message":"[2026-03-26T16:42:12.926Z] GET /api/project-proposal","service":"eduvault-backend","timestamp":"2026-03-26 22:12:12"}
{"level":"info","message":"[2026-03-26T16:42:12.928Z] GET /api/proposals","service":"eduvault-backend","timestamp":"2026-03-26 22:12:12"}
{"level":"info","message":"[2026-03-26T16:42:12.934Z] GET /api/other/events-organized","service":"eduvault-backend","timestamp":"2026-03-26 22:12:12"}
{"level":"info","message":"[2026-03-26T16:42:12.939Z] GET /api/book-chapters","service":"eduvault-backend","timestamp":"2026-03-26 22:12:12"}
{"level":"info","message":"[2026-03-26T16:42:12.948Z] GET /api/industry","service":"eduvault-backend","timestamp":"2026-03-26 22:12:12"}
{"level":"info","message":"[2026-03-26T16:42:12.955Z] GET /api/certifications","service":"eduvault-backend","timestamp":"2026-03-26 22:12:12"}
{"level":"info","message":"[2026-03-26T16:42:12.964Z] GET /api/events","service":"eduvault-backend","timestamp":"2026-03-26 22:12:12"}
{"level":"info","message":"[2026-03-26T16:42:12.966Z] GET /api/h-index","service":"eduvault-backend","timestamp":"2026-03-26 22:12:12"}
{"level":"info","message":"[2026-03-26T16:42:12.985Z] GET /api/resource-person","service":"eduvault-backend","timestamp":"2026-03-26 22:12:12"}
{"level":"info","message":"[2026-03-26T16:42:12.988Z] GET /api/departments","service":"eduvault-backend","timestamp":"2026-03-26 22:12:12"}
{"level":"info","message":"[2026-03-26T16:42:12.997Z] GET /api/recognition","service":"eduvault-backend","timestamp":"2026-03-26 22:12:12"}
{"level":"info","message":"[2026-03-26T16:42:13.002Z] GET /api/staffs","service":"eduvault-backend","timestamp":"2026-03-26 22:12:13"}
{"level":"info","message":"[2026-03-26T16:42:13.012Z] GET /api/patent-product","service":"eduvault-backend","timestamp":"2026-03-26 22:12:13"}
{"level":"info","message":"[2026-03-26T16:42:13.014Z] GET /api/project-mentors","service":"eduvault-backend","timestamp":"2026-03-26 22:12:13"}
{"level":"info","message":"[2026-03-26T16:42:13.015Z] GET /api/appraisals","service":"eduvault-backend","timestamp":"2026-03-26 22:12:13"}
{"level":"info","message":"[2026-03-26T16:42:13.051Z] GET /api/staffs","service":"eduvault-backend","timestamp":"2026-03-26 22:12:13"}
{"level":"info","message":"[2026-03-26T16:42:13.056Z] GET /api/appraisals","service":"eduvault-backend","timestamp":"2026-03-26 22:12:13"}
{"level":"info","message":"[2026-03-26T16:42:16.877Z] GET /api/pending-internships","service":"eduvault-backend","timestamp":"2026-03-26 22:12:16"}
{"level":"info","message":"[2026-03-26T16:42:16.882Z] GET /api/pending-scholarships","service":"eduvault-backend","timestamp":"2026-03-26 22:12:16"}
{"level":"info","message":"[2026-03-26T16:42:16.884Z] GET /api/event-organized/pending","service":"eduvault-backend","timestamp":"2026-03-26 22:12:16"}
{"level":"info","message":"[2026-03-26T16:42:16.886Z] GET /api/event-attended/pending","service":"eduvault-backend","timestamp":"2026-03-26 22:12:16"}
{"level":"info","message":"[2026-03-26T16:42:16.889Z] GET /api/all/pending-leaves","service":"eduvault-backend","timestamp":"2026-03-26 22:12:16"}
{"level":"info","message":"[2026-03-26T16:42:16.892Z] GET /api/online-courses/pending","service":"eduvault-backend","timestamp":"2026-03-26 22:12:16"}
{"level":"info","message":"[2026-03-26T16:42:16.913Z] GET /api/pending-achievements","service":"eduvault-backend","timestamp":"2026-03-26 22:12:16"}
{"level":"info","message":"[2026-03-26T16:42:16.914Z] GET /api/publications/pending","service":"eduvault-backend","timestamp":"2026-03-26 22:12:16"}
{"level":"info","message":"[2026-03-26T16:42:16.916Z] GET /api/competency-coding/pending","service":"eduvault-backend","timestamp":"2026-03-26 22:12:16"}
{"level":"info","message":"[2026-03-26T16:42:16.917Z] GET /api/noncgpa/pending","service":"eduvault-backend","timestamp":"2026-03-26 22:12:16"}
{"level":"info","message":"[2026-03-26T16:42:16.932Z] GET /api/projects/pending","service":"eduvault-backend","timestamp":"2026-03-26 22:12:16"}
{"level":"info","message":"[2026-03-26T16:42:16.941Z] GET /api/hackathon/pending","service":"eduvault-backend","timestamp":"2026-03-26 22:12:16"}
{"level":"info","message":"[2026-03-26T16:42:16.943Z] GET /api/extracurricular/pending","service":"eduvault-backend","timestamp":"2026-03-26 22:12:16"}
{"level":"info","message":"[2026-03-26T16:42:16.951Z] GET /api/pending-scholarships","service":"eduvault-backend","timestamp":"2026-03-26 22:12:16"}
{"level":"info","message":"[2026-03-26T16:42:16.955Z] GET /api/event-organized/pending","service":"eduvault-backend","timestamp":"2026-03-26 22:12:16"}
{"level":"info","message":"[2026-03-26T16:42:16.965Z] GET /api/event-attended/pending","service":"eduvault-backend","timestamp":"2026-03-26 22:12:16"}
{"level":"info","message":"[2026-03-26T16:42:16.968Z] GET /api/all/pending-leaves","service":"eduvault-backend","timestamp":"2026-03-26 22:12:16"}
{"level":"info","message":"[2026-03-26T16:42:16.971Z] GET /api/pending-achievements","service":"eduvault-backend","timestamp":"2026-03-26 22:12:16"}
{"level":"info","message":"[2026-03-26T16:42:16.975Z] GET /api/pending-internships","service":"eduvault-backend","timestamp":"2026-03-26 22:12:16"}
{"level":"info","message":"[2026-03-26T16:42:16.979Z] GET /api/online-courses/pending","service":"eduvault-backend","timestamp":"2026-03-26 22:12:16"}
{"level":"info","message":"[2026-03-26T16:42:16.981Z] GET /api/publications/pending","service":"eduvault-backend","timestamp":"2026-03-26 22:12:16"}
{"level":"info","message":"[2026-03-26T16:42:16.983Z] GET /api/competency-coding/pending","service":"eduvault-backend","timestamp":"2026-03-26 22:12:16"}
{"level":"info","message":"[2026-03-26T16:42:16.984Z] GET /api/noncgpa/pending","service":"eduvault-backend","timestamp":"2026-03-26 22:12:16"}
{"level":"info","message":"[2026-03-26T16:42:16.989Z] GET /api/projects/pending","service":"eduvault-backend","timestamp":"2026-03-26 22:12:16"}
{"level":"info","message":"[2026-03-26T16:42:17.014Z] GET /api/hackathon/pending","service":"eduvault-backend","timestamp":"2026-03-26 22:12:17"}
{"level":"info","message":"[2026-03-26T16:42:17.015Z] GET /api/extracurricular/pending","service":"eduvault-backend","timestamp":"2026-03-26 22:12:17"}
{"level":"info","message":"[2026-03-26T16:42:17.835Z] GET /api/students","service":"eduvault-backend","timestamp":"2026-03-26 22:12:17"}
{"level":"info","message":"[2026-03-26T16:42:17.838Z] GET /api/departments","service":"eduvault-backend","timestamp":"2026-03-26 22:12:17"}
{"level":"info","message":"[2026-03-26T16:42:17.854Z] GET /api/departments","service":"eduvault-backend","timestamp":"2026-03-26 22:12:17"}
{"level":"info","message":"[2026-03-26T16:42:17.859Z] GET /api/students","service":"eduvault-backend","timestamp":"2026-03-26 22:12:17"}
{"level":"info","message":"[2026-03-26T16:42:17.865Z] GET /uploads/default.jpg","service":"eduvault-backend","timestamp":"2026-03-26 22:12:17"}
{"level":"info","message":"[2026-03-26T16:42:18.713Z] GET /api/student-education/pending-approvals","service":"eduvault-backend","timestamp":"2026-03-26 22:12:18"}
{"level":"info","message":"[2026-03-26T16:42:18.734Z] GET /api/student-education/pending-approvals","service":"eduvault-backend","timestamp":"2026-03-26 22:12:18"}
{"level":"info","message":"[2026-03-26T16:42:19.608Z] GET /api/skillrack/all-records","service":"eduvault-backend","timestamp":"2026-03-26 22:12:19"}
{"level":"info","message":"[2026-03-26T16:42:19.658Z] GET /api/skillrack/all-records","service":"eduvault-backend","timestamp":"2026-03-26 22:12:19"}
{"level":"info","message":"[2026-03-26T16:42:20.419Z] GET /api/staff/staff","service":"eduvault-backend","timestamp":"2026-03-26 22:12:20"}
{"level":"info","message":"[2026-03-26T16:42:20.488Z] GET /api/staff/staff","service":"eduvault-backend","timestamp":"2026-03-26 22:12:20"}
{"level":"info","message":"[2026-03-26T16:42:21.234Z] GET /api/education","service":"eduvault-backend","timestamp":"2026-03-26 22:12:21"}
{"level":"info","message":"[2026-03-26T16:42:21.247Z] GET /api/education","service":"eduvault-backend","timestamp":"2026-03-26 22:12:21"}
{"level":"info","message":"[2026-03-26T16:42:22.095Z] GET /api/scholars","service":"eduvault-backend","timestamp":"2026-03-26 22:12:22"}
{"level":"info","message":"[2026-03-26T16:42:22.108Z] GET /api/scholars","service":"eduvault-backend","timestamp":"2026-03-26 22:12:22"}
{"level":"info","message":"[2026-03-26T16:42:22.888Z] GET /api/proposals","service":"eduvault-backend","timestamp":"2026-03-26 22:12:22"}
{"level":"info","message":"[2026-03-26T16:42:22.904Z] GET /api/proposals","service":"eduvault-backend","timestamp":"2026-03-26 22:12:22"}
{"level":"info","message":"[2026-03-26T16:42:23.679Z] GET /api/project-proposal","service":"eduvault-backend","timestamp":"2026-03-26 22:12:23"}
{"level":"info","message":"[2026-03-26T16:42:23.692Z] GET /api/project-proposal","service":"eduvault-backend","timestamp":"2026-03-26 22:12:23"}
{"level":"info","message":"[2026-03-26T16:42:26.306Z] GET /api/project-mentors","service":"eduvault-backend","timestamp":"2026-03-26 22:12:26"}
{"level":"info","message":"[2026-03-26T16:42:26.324Z] GET /api/project-mentors","service":"eduvault-backend","timestamp":"2026-03-26 22:12:26"}
{"level":"info","message":"[2026-03-26T16:42:27.251Z] GET /api/mou","service":"eduvault-backend","timestamp":"2026-03-26 22:12:27"}
{"level":"info","message":"[2026-03-26T16:42:27.301Z] GET /api/mou","service":"eduvault-backend","timestamp":"2026-03-26 22:12:27"}
{"level":"info","message":"[2026-03-26T16:42:30.299Z] GET /api/placement/companies","service":"eduvault-backend","timestamp":"2026-03-26 22:12:30"}
{"level":"info","message":"[2026-03-26T16:42:30.327Z] GET /api/placement/companies","service":"eduvault-backend","timestamp":"2026-03-26 22:12:30"}
{"level":"info","message":"[2026-03-26T16:42:31.245Z] GET /api/placement/drives","service":"eduvault-backend","timestamp":"2026-03-26 22:12:31"}
{"level":"info","message":"[2026-03-26T16:42:31.251Z] GET /api/placement/registrations/my","service":"eduvault-backend","timestamp":"2026-03-26 22:12:31"}
{"level":"info","message":"[2026-03-26T16:42:31.261Z] GET /api/placement/drives","service":"eduvault-backend","timestamp":"2026-03-26 22:12:31"}
{"level":"info","message":"[2026-03-26T16:42:31.277Z] GET /api/placement/registrations/my","service":"eduvault-backend","timestamp":"2026-03-26 22:12:31"}
{"level":"info","message":"[2026-03-26T16:42:32.899Z] GET /api/placement/student-hackathons","service":"eduvault-backend","timestamp":"2026-03-26 22:12:32"}
{"level":"info","message":"[2026-03-26T16:42:32.943Z] GET /api/placement/student-hackathons","service":"eduvault-backend","timestamp":"2026-03-26 22:12:32"}
{"level":"info","message":"[2026-03-26T16:42:34.129Z] GET /api/placement/eligibility/eligible-students?staffId=2","service":"eduvault-backend","timestamp":"2026-03-26 22:12:34"}
{"level":"info","message":"[2026-03-26T16:42:34.135Z] GET /api/placement/eligibility/filter-options","service":"eduvault-backend","timestamp":"2026-03-26 22:12:34"}
{"level":"info","message":"[2026-03-26T16:42:34.156Z] GET /api/placement/eligibility/eligible-students?staffId=2","service":"eduvault-backend","timestamp":"2026-03-26 22:12:34"}
{"level":"info","message":"[2026-03-26T16:42:34.195Z] GET /api/placement/eligibility/filter-options","service":"eduvault-backend","timestamp":"2026-03-26 22:12:34"}
{"level":"info","message":"[2026-03-26T16:42:38.018Z] GET /api/seed-money","service":"eduvault-backend","timestamp":"2026-03-26 22:12:38"}
{"level":"info","message":"[2026-03-26T16:42:38.021Z] GET /api/scholars","service":"eduvault-backend","timestamp":"2026-03-26 22:12:38"}
{"level":"info","message":"[2026-03-26T16:42:38.024Z] GET /api/proposals","service":"eduvault-backend","timestamp":"2026-03-26 22:12:38"}
{"level":"info","message":"[2026-03-26T16:42:38.026Z] GET /api/project-proposal","service":"eduvault-backend","timestamp":"2026-03-26 22:12:38"}
{"level":"info","message":"[2026-03-26T16:42:38.030Z] GET /api/events","service":"eduvault-backend","timestamp":"2026-03-26 22:12:38"}
{"level":"info","message":"[2026-03-26T16:42:38.051Z] GET /api/industry","service":"eduvault-backend","timestamp":"2026-03-26 22:12:38"}
{"level":"info","message":"[2026-03-26T16:42:38.080Z] GET /api/certifications","service":"eduvault-backend","timestamp":"2026-03-26 22:12:38"}
{"level":"info","message":"[2026-03-26T16:42:38.084Z] GET /api/book-chapters","service":"eduvault-backend","timestamp":"2026-03-26 22:12:38"}
{"level":"info","message":"[2026-03-26T16:42:38.087Z] GET /api/other/events-organized","service":"eduvault-backend","timestamp":"2026-03-26 22:12:38"}
{"level":"info","message":"[2026-03-26T16:42:38.094Z] GET /api/h-index","service":"eduvault-backend","timestamp":"2026-03-26 22:12:38"}
{"level":"info","message":"[2026-03-26T16:42:38.100Z] GET /api/resource-person","service":"eduvault-backend","timestamp":"2026-03-26 22:12:38"}
{"level":"info","message":"[2026-03-26T16:42:38.116Z] GET /api/recognition","service":"eduvault-backend","timestamp":"2026-03-26 22:12:38"}
{"level":"info","message":"[2026-03-26T16:42:38.136Z] GET /api/patent-product","service":"eduvault-backend","timestamp":"2026-03-26 22:12:38"}
{"level":"info","message":"[2026-03-26T16:42:38.140Z] GET /api/project-mentors","service":"eduvault-backend","timestamp":"2026-03-26 22:12:38"}
{"level":"info","message":"[2026-03-26T16:42:38.144Z] GET /api/scholars","service":"eduvault-backend","timestamp":"2026-03-26 22:12:38"}
{"level":"info","message":"[2026-03-26T16:42:38.166Z] GET /api/project-proposal","service":"eduvault-backend","timestamp":"2026-03-26 22:12:38"}
{"level":"info","message":"[2026-03-26T16:42:38.177Z] GET /api/events","service":"eduvault-backend","timestamp":"2026-03-26 22:12:38"}
{"level":"info","message":"[2026-03-26T16:42:38.192Z] GET /api/proposals","service":"eduvault-backend","timestamp":"2026-03-26 22:12:38"}
{"level":"info","message":"[2026-03-26T16:42:38.195Z] GET /api/seed-money","service":"eduvault-backend","timestamp":"2026-03-26 22:12:38"}
{"level":"info","message":"[2026-03-26T16:42:38.197Z] GET /api/other/events-organized","service":"eduvault-backend","timestamp":"2026-03-26 22:12:38"}
{"level":"info","message":"[2026-03-26T16:42:38.206Z] GET /api/industry","service":"eduvault-backend","timestamp":"2026-03-26 22:12:38"}
{"level":"info","message":"[2026-03-26T16:42:38.213Z] GET /api/certifications","service":"eduvault-backend","timestamp":"2026-03-26 22:12:38"}
{"level":"info","message":"[2026-03-26T16:42:38.216Z] GET /api/book-chapters","service":"eduvault-backend","timestamp":"2026-03-26 22:12:38"}
{"level":"info","message":"[2026-03-26T16:42:38.224Z] GET /api/h-index","service":"eduvault-backend","timestamp":"2026-03-26 22:12:38"}
{"level":"info","message":"[2026-03-26T16:42:38.228Z] GET /api/resource-person","service":"eduvault-backend","timestamp":"2026-03-26 22:12:38"}
{"level":"info","message":"[2026-03-26T16:42:38.239Z] GET /api/recognition","service":"eduvault-backend","timestamp":"2026-03-26 22:12:38"}
{"level":"info","message":"[2026-03-26T16:42:38.255Z] GET /api/patent-product","service":"eduvault-backend","timestamp":"2026-03-26 22:12:38"}
{"level":"info","message":"[2026-03-26T16:42:38.257Z] GET /api/project-mentors","service":"eduvault-backend","timestamp":"2026-03-26 22:12:38"}
{"level":"info","message":"[2026-03-26T16:42:38.262Z] GET /api/appraisals","service":"eduvault-backend","timestamp":"2026-03-26 22:12:38"}
{"level":"info","message":"[2026-03-26T16:42:38.290Z] GET /api/appraisals","service":"eduvault-backend","timestamp":"2026-03-26 22:12:38"}
{"level":"info","message":"[2026-03-26T16:42:39.947Z] GET /api/resume-staff/staff-data/2","service":"eduvault-backend","timestamp":"2026-03-26 22:12:39"}
{"level":"info","message":"[2026-03-26T16:42:40.032Z] GET /api/resume-staff/profile-image/2","service":"eduvault-backend","timestamp":"2026-03-26 22:12:40"}
{"level":"info","message":"[2026-03-26T16:42:56.498Z] POST /api/auth/logout","service":"eduvault-backend","timestamp":"2026-03-26 22:12:56"}
{"level":"info","message":"[2026-03-26T16:43:02.466Z] GET /api/departments","service":"eduvault-backend","timestamp":"2026-03-26 22:13:02"}
{"level":"info","message":"[2026-03-26T16:43:02.476Z] GET /api/get-staff?role=Staff","service":"eduvault-backend","timestamp":"2026-03-26 22:13:02"}
{"level":"info","message":"[2026-03-26T16:43:02.483Z] GET /api/states","service":"eduvault-backend","timestamp":"2026-03-26 22:13:02"}
{"level":"info","message":"[2026-03-26T16:43:02.516Z] GET /api/departments","service":"eduvault-backend","timestamp":"2026-03-26 22:13:02"}
{"level":"info","message":"[2026-03-26T16:43:02.522Z] GET /api/states","service":"eduvault-backend","timestamp":"2026-03-26 22:13:02"}
{"level":"info","message":"[2026-03-26T16:43:02.528Z] GET /api/get-staff?role=Staff","service":"eduvault-backend","timestamp":"2026-03-26 22:13:02"}
{"level":"info","message":"[2026-03-26T16:43:13.179Z] POST /api/auth/login","service":"eduvault-backend","timestamp":"2026-03-26 22:13:13"}
{"level":"info","message":"[2026-03-26T16:43:13.343Z] GET /api/auth/me","service":"eduvault-backend","timestamp":"2026-03-26 22:13:13"}
{"level":"info","message":"[2026-03-26T16:43:13.350Z] GET /api/get-user/3","service":"eduvault-backend","timestamp":"2026-03-26 22:13:13"}
{"level":"info","message":"[2026-03-26T16:43:13.383Z] GET /api/departments","service":"eduvault-backend","timestamp":"2026-03-26 22:13:13"}
{"level":"info","message":"[2026-03-26T16:43:13.398Z] GET /api/students","service":"eduvault-backend","timestamp":"2026-03-26 22:13:13"}
{"level":"info","message":"[2026-03-26T16:43:13.402Z] GET /api/get-staff?role=Staff","service":"eduvault-backend","timestamp":"2026-03-26 22:13:13"}
{"level":"info","message":"[2026-03-26T16:43:13.405Z] GET /api/department-counts","service":"eduvault-backend","timestamp":"2026-03-26 22:13:13"}
{"level":"info","message":"[2026-03-26T16:43:13.407Z] GET /api/pending-internships","service":"eduvault-backend","timestamp":"2026-03-26 22:13:13"}
{"level":"info","message":"[2026-03-26T16:43:13.410Z] GET /api/event-organized/pending","service":"eduvault-backend","timestamp":"2026-03-26 22:13:13"}
{"level":"info","message":"[2026-03-26T16:43:13.418Z] GET /api/pending-scholarships","service":"eduvault-backend","timestamp":"2026-03-26 22:13:13"}
{"level":"info","message":"[2026-03-26T16:43:13.430Z] GET /api/event-attended/pending","service":"eduvault-backend","timestamp":"2026-03-26 22:13:13"}
{"level":"info","message":"[2026-03-26T16:43:13.448Z] GET /api/all/pending-leaves","service":"eduvault-backend","timestamp":"2026-03-26 22:13:13"}
{"level":"info","message":"[2026-03-26T16:43:13.451Z] GET /api/online-courses/pending","service":"eduvault-backend","timestamp":"2026-03-26 22:13:13"}
{"level":"info","message":"[2026-03-26T16:43:13.455Z] GET /api/pending-achievements","service":"eduvault-backend","timestamp":"2026-03-26 22:13:13"}
{"level":"info","message":"[2026-03-26T16:43:13.457Z] GET /api/publications/pending","service":"eduvault-backend","timestamp":"2026-03-26 22:13:13"}
{"level":"info","message":"[2026-03-26T16:43:13.459Z] GET /api/competency-coding/pending","service":"eduvault-backend","timestamp":"2026-03-26 22:13:13"}
{"level":"info","message":"[2026-03-26T16:43:13.460Z] GET /api/noncgpa/pending","service":"eduvault-backend","timestamp":"2026-03-26 22:13:13"}
{"level":"info","message":"[2026-03-26T16:43:13.466Z] GET /api/projects/pending","service":"eduvault-backend","timestamp":"2026-03-26 22:13:13"}
{"level":"info","message":"[2026-03-26T16:43:13.469Z] GET /api/hackathon/pending","service":"eduvault-backend","timestamp":"2026-03-26 22:13:13"}
{"level":"info","message":"[2026-03-26T16:43:13.493Z] GET /api/extracurricular/pending","service":"eduvault-backend","timestamp":"2026-03-26 22:13:13"}
{"level":"info","message":"[2026-03-26T16:43:13.495Z] GET /api/fetch-internships?UserId=3","service":"eduvault-backend","timestamp":"2026-03-26 22:13:13"}
{"level":"info","message":"[2026-03-26T16:43:13.497Z] GET /api/pending-internships?userID=3","service":"eduvault-backend","timestamp":"2026-03-26 22:13:13"}
{"level":"info","message":"[2026-03-26T16:43:13.499Z] GET /api/event-attended/list?UserId=3","service":"eduvault-backend","timestamp":"2026-03-26 22:13:13"}
{"level":"info","message":"[2026-03-26T16:43:13.511Z] GET /api/fetch-scholarships?UserId=3","service":"eduvault-backend","timestamp":"2026-03-26 22:13:13"}
{"level":"info","message":"[2026-03-26T16:43:13.513Z] GET /api/event-organized/approved?UserId=3","service":"eduvault-backend","timestamp":"2026-03-26 22:13:13"}
{"level":"info","message":"[2026-03-26T16:43:13.523Z] GET /api/event-organized/pending?UserId=3","service":"eduvault-backend","timestamp":"2026-03-26 22:13:13"}
{"level":"info","message":"[2026-03-26T16:43:13.526Z] GET /api/pending-leaves?Userid=3","service":"eduvault-backend","timestamp":"2026-03-26 22:13:13"}
{"level":"info","message":"[2026-03-26T16:43:13.538Z] GET /api/fetch-leaves?Userid=3","service":"eduvault-backend","timestamp":"2026-03-26 22:13:13"}
{"level":"info","message":"[2026-03-26T16:43:13.546Z] GET /api/user-achievements/3","service":"eduvault-backend","timestamp":"2026-03-26 22:13:13"}
{"level":"info","message":"[2026-03-26T16:43:13.547Z] GET /api/publications/my-publications?UserId=3","service":"eduvault-backend","timestamp":"2026-03-26 22:13:13"}
{"level":"info","message":"[2026-03-26T16:43:13.550Z] GET /api/competency-coding/my-record?UserId=3","service":"eduvault-backend","timestamp":"2026-03-26 22:13:13"}
{"level":"info","message":"[2026-03-26T16:43:13.558Z] GET /api/hackathon/my-events","service":"eduvault-backend","timestamp":"2026-03-26 22:13:13"}
{"level":"info","message":"[2026-03-26T16:43:13.569Z] GET /api/competency-coding/skillrack/summary?UserId=3","service":"eduvault-backend","timestamp":"2026-03-26 22:13:13"}
{"level":"info","message":"[2026-03-26T16:43:13.583Z] GET /api/competency-coding/platform/all?UserId=3","service":"eduvault-backend","timestamp":"2026-03-26 22:13:13"}
{"level":"info","message":"[2026-03-26T16:43:13.585Z] GET /api/competency-coding/analytics?UserId=3","service":"eduvault-backend","timestamp":"2026-03-26 22:13:13"}
{"level":"info","message":"[2026-03-26T16:43:13.591Z] GET /api/projects/my-projects?UserId=3","service":"eduvault-backend","timestamp":"2026-03-26 22:13:13"}
{"level":"info","message":"[2026-03-26T16:43:13.593Z] GET /api/extracurricular/my-activities?UserId=3","service":"eduvault-backend","timestamp":"2026-03-26 22:13:13"}
{"level":"info","message":"[2026-03-26T16:43:13.602Z] GET /api/noncgpa/dropdown/categories","service":"eduvault-backend","timestamp":"2026-03-26 22:13:13"}
{"level":"info","message":"[2026-03-26T16:43:13.612Z] GET /api/noncgpa/dropdown/course-names","service":"eduvault-backend","timestamp":"2026-03-26 22:13:13"}
{"level":"info","message":"[2026-03-26T16:43:13.614Z] GET /api/noncgpa/my-records?UserId=3","service":"eduvault-backend","timestamp":"2026-03-26 22:13:13"}
{"level":"info","message":"[2026-03-26T16:43:13.622Z] GET /api/noncgpa/dropdown/course-codes","service":"eduvault-backend","timestamp":"2026-03-26 22:13:13"}
{"level":"info","message":"[2026-03-26T16:43:13.624Z] GET /api/skillrack/my-record?UserId=3","service":"eduvault-backend","timestamp":"2026-03-26 22:13:13"}
{"level":"info","message":"[2026-03-26T16:43:13.635Z] GET /api/skillrack/my-stats?UserId=3","service":"eduvault-backend","timestamp":"2026-03-26 22:13:13"}
{"level":"info","message":"[2026-03-26T16:43:13.646Z] GET /api/student-certificate/list","service":"eduvault-backend","timestamp":"2026-03-26 22:13:13"}
{"level":"info","message":"[2026-03-26T16:43:13.647Z] GET /api/biodata/3","service":"eduvault-backend","timestamp":"2026-03-26 22:13:13"}
{"level":"info","message":"[2026-03-26T16:43:13.656Z] GET /api/user-courses/3","service":"eduvault-backend","timestamp":"2026-03-26 22:13:13"}
{"level":"info","message":"[2026-03-26T16:43:13.658Z] GET /api/approved-internships/3","service":"eduvault-backend","timestamp":"2026-03-26 22:13:13"}
{"level":"info","message":"[2026-03-26T16:43:13.669Z] GET /api/approved-events-organized/3","service":"eduvault-backend","timestamp":"2026-03-26 22:13:13"}
{"level":"info","message":"[2026-03-26T16:43:13.689Z] GET /api/approved-events/3","service":"eduvault-backend","timestamp":"2026-03-26 22:13:13"}
{"level":"info","message":"[2026-03-26T16:43:13.691Z] GET /api/fetch-scholarships/3","service":"eduvault-backend","timestamp":"2026-03-26 22:13:13"}
{"level":"info","message":"[2026-03-26T16:43:13.702Z] GET /api/fetch-leaves/3","service":"eduvault-backend","timestamp":"2026-03-26 22:13:13"}
{"level":"info","message":"[2026-03-26T16:43:13.708Z] GET /api/staffs","service":"eduvault-backend","timestamp":"2026-03-26 22:13:13"}
{"level":"info","message":"[2026-03-26T16:43:13.709Z] GET /api/students","service":"eduvault-backend","timestamp":"2026-03-26 22:13:13"}
{"level":"info","message":"[2026-03-26T16:43:13.718Z] GET /api/get-staff?role=Staff","service":"eduvault-backend","timestamp":"2026-03-26 22:13:13"}
{"level":"info","message":"[2026-03-26T16:43:13.721Z] GET /api/department-counts","service":"eduvault-backend","timestamp":"2026-03-26 22:13:13"}
{"level":"info","message":"[2026-03-26T16:43:13.733Z] GET /api/departments","service":"eduvault-backend","timestamp":"2026-03-26 22:13:13"}
{"level":"info","message":"[2026-03-26T16:43:13.764Z] GET /api/departments","service":"eduvault-backend","timestamp":"2026-03-26 22:13:13"}
{"level":"info","message":"[2026-03-26T16:43:13.768Z] GET /api/get-staff?role=Staff","service":"eduvault-backend","timestamp":"2026-03-26 22:13:13"}
{"level":"info","message":"[2026-03-26T16:43:13.771Z] GET /api/department-counts","service":"eduvault-backend","timestamp":"2026-03-26 22:13:13"}
{"level":"info","message":"[2026-03-26T16:43:13.775Z] GET /api/staffs","service":"eduvault-backend","timestamp":"2026-03-26 22:13:13"}
{"level":"info","message":"[2026-03-26T16:43:13.777Z] GET /api/students","service":"eduvault-backend","timestamp":"2026-03-26 22:13:13"}
{"level":"info","message":"[2026-03-26T16:43:13.817Z] GET /uploads/default.jpg","service":"eduvault-backend","timestamp":"2026-03-26 22:13:13"}
{"level":"info","message":"[2026-03-26T16:43:13.826Z] GET /api/biodata/3","service":"eduvault-backend","timestamp":"2026-03-26 22:13:13"}
{"level":"info","message":"[2026-03-26T16:43:13.827Z] GET /api/user-courses/3","service":"eduvault-backend","timestamp":"2026-03-26 22:13:13"}
{"level":"info","message":"[2026-03-26T16:43:13.834Z] GET /api/approved-internships/3","service":"eduvault-backend","timestamp":"2026-03-26 22:13:13"}
{"level":"info","message":"[2026-03-26T16:43:13.838Z] GET /api/approved-events-organized/3","service":"eduvault-backend","timestamp":"2026-03-26 22:13:13"}
{"level":"info","message":"[2026-03-26T16:43:13.839Z] GET /api/approved-events/3","service":"eduvault-backend","timestamp":"2026-03-26 22:13:13"}
{"level":"info","message":"[2026-03-26T16:43:13.851Z] GET /api/fetch-scholarships/3","service":"eduvault-backend","timestamp":"2026-03-26 22:13:13"}
{"level":"info","message":"[2026-03-26T16:43:13.867Z] GET /api/noncgpa/my-records","service":"eduvault-backend","timestamp":"2026-03-26 22:13:13"}
{"level":"info","message":"[2026-03-26T16:43:13.868Z] GET /api/fetch-leaves/3","service":"eduvault-backend","timestamp":"2026-03-26 22:13:13"}
{"level":"info","message":"[2026-03-26T16:43:13.880Z] GET /api/skillrack/my-stats?UserId=3","service":"eduvault-backend","timestamp":"2026-03-26 22:13:13"}
{"level":"info","message":"[2026-03-26T16:43:13.892Z] GET /api/staffs","service":"eduvault-backend","timestamp":"2026-03-26 22:13:13"}
{"level":"info","message":"[2026-03-26T16:43:13.895Z] GET /api/biodata/3","service":"eduvault-backend","timestamp":"2026-03-26 22:13:13"}
{"level":"info","message":"[2026-03-26T16:43:13.897Z] GET /api/approved-events-organized/3","service":"eduvault-backend","timestamp":"2026-03-26 22:13:13"}
{"level":"info","message":"[2026-03-26T16:43:13.899Z] GET /api/fetch-scholarships/3","service":"eduvault-backend","timestamp":"2026-03-26 22:13:13"}
{"level":"info","message":"[2026-03-26T16:43:13.900Z] GET /api/noncgpa/my-records","service":"eduvault-backend","timestamp":"2026-03-26 22:13:13"}
{"level":"info","message":"[2026-03-26T16:43:13.911Z] GET /api/fetch-leaves/3","service":"eduvault-backend","timestamp":"2026-03-26 22:13:13"}
{"level":"info","message":"[2026-03-26T16:43:13.935Z] GET /api/approved-internships/3","service":"eduvault-backend","timestamp":"2026-03-26 22:13:13"}
{"level":"info","message":"[2026-03-26T16:43:13.937Z] GET /api/approved-events/3","service":"eduvault-backend","timestamp":"2026-03-26 22:13:13"}
{"level":"info","message":"[2026-03-26T16:43:13.943Z] GET /api/user-courses/3","service":"eduvault-backend","timestamp":"2026-03-26 22:13:13"}
{"level":"info","message":"[2026-03-26T16:43:13.945Z] GET /api/skillrack/my-stats?UserId=3","service":"eduvault-backend","timestamp":"2026-03-26 22:13:13"}
{"level":"info","message":"[2026-03-26T16:43:16.263Z] GET /api/student","service":"eduvault-backend","timestamp":"2026-03-26 22:13:16"}
{"level":"info","message":"[2026-03-26T16:43:16.296Z] GET /api/student","service":"eduvault-backend","timestamp":"2026-03-26 22:13:16"}
{"level":"info","message":"[2026-03-26T16:43:17.256Z] GET /api/student-education/my-record?UserId=3","service":"eduvault-backend","timestamp":"2026-03-26 22:13:17"}
{"level":"info","message":"[2026-03-26T16:43:17.258Z] GET /api/student-education/averages?UserId=3","service":"eduvault-backend","timestamp":"2026-03-26 22:13:17"}
{"level":"info","message":"[2026-03-26T16:43:17.275Z] GET /api/student-education/my-record?UserId=3","service":"eduvault-backend","timestamp":"2026-03-26 22:13:17"}
{"level":"info","message":"[2026-03-26T16:43:17.278Z] GET /api/student-education/averages?UserId=3","service":"eduvault-backend","timestamp":"2026-03-26 22:13:17"}
{"level":"info","message":"[2026-03-26T16:43:18.116Z] GET /api/event-attended/list?UserId=3","service":"eduvault-backend","timestamp":"2026-03-26 22:13:18"}
{"level":"info","message":"[2026-03-26T16:43:18.126Z] GET /api/event-attended/list?UserId=3","service":"eduvault-backend","timestamp":"2026-03-26 22:13:18"}
{"level":"info","message":"[2026-03-26T16:43:20.827Z] GET /api/online-courses","service":"eduvault-backend","timestamp":"2026-03-26 22:13:20"}
{"level":"info","message":"[2026-03-26T16:43:20.834Z] GET /api/online-courses/pending","service":"eduvault-backend","timestamp":"2026-03-26 22:13:20"}
{"level":"info","message":"[2026-03-26T16:43:20.846Z] GET /api/online-courses","service":"eduvault-backend","timestamp":"2026-03-26 22:13:20"}
{"level":"info","message":"[2026-03-26T16:43:20.851Z] GET /api/online-courses/pending","service":"eduvault-backend","timestamp":"2026-03-26 22:13:20"}
{"level":"info","message":"[2026-03-26T16:43:25.283Z] GET /api/hackathon/my-events","service":"eduvault-backend","timestamp":"2026-03-26 22:13:25"}
{"level":"info","message":"[2026-03-26T16:43:25.296Z] GET /api/hackathon/my-events","service":"eduvault-backend","timestamp":"2026-03-26 22:13:25"}
{"level":"info","message":"[2026-03-26T16:43:28.262Z] GET /api/resume/student-data/3","service":"eduvault-backend","timestamp":"2026-03-26 22:13:28"}
{"level":"info","message":"[2026-03-26T16:43:28.319Z] GET /api/resume/student-data/3","service":"eduvault-backend","timestamp":"2026-03-26 22:13:28"}
{"level":"info","message":"[2026-03-26T16:43:29.055Z] GET /api/noncgpa/dropdown/categories","service":"eduvault-backend","timestamp":"2026-03-26 22:13:29"}
{"level":"info","message":"[2026-03-26T16:43:29.060Z] GET /api/noncgpa/my-records?UserId=3","service":"eduvault-backend","timestamp":"2026-03-26 22:13:29"}
{"level":"info","message":"[2026-03-26T16:43:29.084Z] GET /api/noncgpa/dropdown/categories","service":"eduvault-backend","timestamp":"2026-03-26 22:13:29"}
{"level":"info","message":"[2026-03-26T16:43:29.087Z] GET /api/noncgpa/my-records?UserId=3","service":"eduvault-backend","timestamp":"2026-03-26 22:13:29"}
{"level":"info","message":"[2026-03-26T16:43:32.977Z] GET /api/placement/companies","service":"eduvault-backend","timestamp":"2026-03-26 22:13:32"}
{"level":"info","message":"[2026-03-26T16:43:33.024Z] GET /api/placement/companies","service":"eduvault-backend","timestamp":"2026-03-26 22:13:33"}
{"level":"info","message":"[2026-03-26T16:43:33.817Z] GET /api/placement/drives","service":"eduvault-backend","timestamp":"2026-03-26 22:13:33"}
{"level":"info","message":"[2026-03-26T16:43:33.821Z] GET /api/placement/registrations/my","service":"eduvault-backend","timestamp":"2026-03-26 22:13:33"}
{"level":"info","message":"[2026-03-26T16:43:33.853Z] GET /api/placement/drives","service":"eduvault-backend","timestamp":"2026-03-26 22:13:33"}
{"level":"info","message":"[2026-03-26T16:43:33.858Z] GET /api/placement/registrations/my","service":"eduvault-backend","timestamp":"2026-03-26 22:13:33"}
{"level":"info","message":"[2026-03-26T16:43:34.499Z] GET /api/placement/student-hackathons","service":"eduvault-backend","timestamp":"2026-03-26 22:13:34"}
{"level":"info","message":"[2026-03-26T16:43:34.519Z] GET /api/placement/student-hackathons","service":"eduvault-backend","timestamp":"2026-03-26 22:13:34"}
{"level":"info","message":"[2026-03-26T16:43:36.577Z] GET /api/placement/feedback?limit=10&offset=0","service":"eduvault-backend","timestamp":"2026-03-26 22:13:36"}
{"level":"info","message":"[2026-03-26T16:43:36.609Z] GET /api/placement/feedback?limit=10&offset=0","service":"eduvault-backend","timestamp":"2026-03-26 22:13:36"}
{"level":"info","message":"[2026-03-26T16:43:44.173Z] GET /api/biodata/3","service":"eduvault-backend","timestamp":"2026-03-26 22:13:44"}
{"level":"info","message":"[2026-03-26T16:43:44.178Z] GET /api/user-courses/3","service":"eduvault-backend","timestamp":"2026-03-26 22:13:44"}
{"level":"info","message":"[2026-03-26T16:43:44.180Z] GET /api/approved-internships/3","service":"eduvault-backend","timestamp":"2026-03-26 22:13:44"}
{"level":"info","message":"[2026-03-26T16:43:44.182Z] GET /api/approved-events-organized/3","service":"eduvault-backend","timestamp":"2026-03-26 22:13:44"}
{"level":"info","message":"[2026-03-26T16:43:44.186Z] GET /api/approved-events/3","service":"eduvault-backend","timestamp":"2026-03-26 22:13:44"}
{"level":"info","message":"[2026-03-26T16:43:44.190Z] GET /api/fetch-scholarships/3","service":"eduvault-backend","timestamp":"2026-03-26 22:13:44"}
{"level":"info","message":"[2026-03-26T16:43:44.255Z] GET /api/fetch-leaves/3","service":"eduvault-backend","timestamp":"2026-03-26 22:13:44"}
{"level":"info","message":"[2026-03-26T16:43:44.258Z] GET /api/skillrack/my-stats?UserId=3","service":"eduvault-backend","timestamp":"2026-03-26 22:13:44"}
{"level":"info","message":"[2026-03-26T16:43:44.261Z] GET /api/noncgpa/my-records","service":"eduvault-backend","timestamp":"2026-03-26 22:13:44"}
{"level":"info","message":"[2026-03-26T16:43:44.269Z] GET /api/user-courses/3","service":"eduvault-backend","timestamp":"2026-03-26 22:13:44"}
{"level":"info","message":"[2026-03-26T16:43:44.272Z] GET /api/approved-events-organized/3","service":"eduvault-backend","timestamp":"2026-03-26 22:13:44"}
{"level":"info","message":"[2026-03-26T16:43:44.313Z] GET /api/approved-events/3","service":"eduvault-backend","timestamp":"2026-03-26 22:13:44"}
{"level":"info","message":"[2026-03-26T16:43:44.316Z] GET /api/biodata/3","service":"eduvault-backend","timestamp":"2026-03-26 22:13:44"}
{"level":"info","message":"[2026-03-26T16:43:44.319Z] GET /api/approved-internships/3","service":"eduvault-backend","timestamp":"2026-03-26 22:13:44"}
{"level":"info","message":"[2026-03-26T16:43:44.320Z] GET /api/fetch-leaves/3","service":"eduvault-backend","timestamp":"2026-03-26 22:13:44"}
{"level":"info","message":"[2026-03-26T16:43:44.329Z] GET /api/skillrack/my-stats?UserId=3","service":"eduvault-backend","timestamp":"2026-03-26 22:13:44"}
{"level":"info","message":"[2026-03-26T16:43:44.347Z] GET /api/noncgpa/my-records","service":"eduvault-backend","timestamp":"2026-03-26 22:13:44"}
{"level":"info","message":"[2026-03-26T16:43:44.359Z] GET /api/fetch-scholarships/3","service":"eduvault-backend","timestamp":"2026-03-26 22:13:44"}
{"level":"info","message":"[2026-03-26T16:43:47.425Z] GET /api/student/view-pdf/3","service":"eduvault-backend","timestamp":"2026-03-26 22:13:47"}
{"level":"info","message":"[2026-03-26T16:44:05.151Z] POST /api/auth/logout","service":"eduvault-backend","timestamp":"2026-03-26 22:14:05"}
{"level":"info","message":"[2026-03-26T16:44:11.083Z] GET /api/departments","service":"eduvault-backend","timestamp":"2026-03-26 22:14:11"}
{"level":"info","message":"[2026-03-26T16:44:11.096Z] GET /api/get-staff?role=Staff","service":"eduvault-backend","timestamp":"2026-03-26 22:14:11"}
{"level":"info","message":"[2026-03-26T16:44:11.098Z] GET /api/states","service":"eduvault-backend","timestamp":"2026-03-26 22:14:11"}
{"level":"info","message":"[2026-03-26T16:44:11.120Z] GET /api/departments","service":"eduvault-backend","timestamp":"2026-03-26 22:14:11"}
{"level":"info","message":"[2026-03-26T16:44:11.129Z] GET /api/states","service":"eduvault-backend","timestamp":"2026-03-26 22:14:11"}
{"level":"info","message":"[2026-03-26T16:44:11.134Z] GET /api/get-staff?role=Staff","service":"eduvault-backend","timestamp":"2026-03-26 22:14:11"}
{"level":"info","message":"[2026-03-31T03:38:34.610Z] GET /api/departments","service":"eduvault-backend","timestamp":"2026-03-31 09:08:34"}
{"level":"info","message":"[2026-03-31T03:38:34.638Z] GET /api/get-staff?role=Staff","service":"eduvault-backend","timestamp":"2026-03-31 09:08:34"}
{"level":"info","message":"[2026-03-31T03:38:34.651Z] GET /api/states","service":"eduvault-backend","timestamp":"2026-03-31 09:08:34"}
{"level":"info","message":"[2026-03-31T03:38:34.728Z] GET /api/auth/me","service":"eduvault-backend","timestamp":"2026-03-31 09:08:34"}
{"level":"info","message":"[2026-03-31T03:38:34.752Z] GET /api/auth/me","service":"eduvault-backend","timestamp":"2026-03-31 09:08:34"}
{"level":"info","message":"[2026-03-31T03:38:34.826Z] GET /api/states","service":"eduvault-backend","timestamp":"2026-03-31 09:08:34"}
{"level":"info","message":"[2026-03-31T03:38:34.834Z] GET /api/departments","service":"eduvault-backend","timestamp":"2026-03-31 09:08:34"}
{"level":"info","message":"[2026-03-31T03:38:34.848Z] GET /api/get-staff?role=Staff","service":"eduvault-backend","timestamp":"2026-03-31 09:08:34"}
{"level":"info","message":"[2026-03-31T03:39:15.021Z] GET /api/departments","service":"eduvault-backend","timestamp":"2026-03-31 09:09:15"}
{"level":"info","message":"[2026-03-31T03:39:15.035Z] GET /api/get-staff?role=Staff","service":"eduvault-backend","timestamp":"2026-03-31 09:09:15"}
{"level":"info","message":"[2026-03-31T03:39:15.041Z] GET /api/states","service":"eduvault-backend","timestamp":"2026-03-31 09:09:15"}
{"level":"info","message":"[2026-03-31T03:39:15.070Z] GET /api/departments","service":"eduvault-backend","timestamp":"2026-03-31 09:09:15"}
{"level":"info","message":"[2026-03-31T03:39:15.102Z] GET /api/states","service":"eduvault-backend","timestamp":"2026-03-31 09:09:15"}
{"level":"info","message":"[2026-03-31T03:39:15.129Z] GET /api/get-staff?role=Staff","service":"eduvault-backend","timestamp":"2026-03-31 09:09:15"}
{"level":"info","message":"[2026-03-31T03:39:28.809Z] POST /api/auth/login","service":"eduvault-backend","timestamp":"2026-03-31 09:09:28"}
{"level":"info","message":"[2026-03-31T03:39:29.135Z] GET /api/auth/me","service":"eduvault-backend","timestamp":"2026-03-31 09:09:29"}
{"level":"info","message":"[2026-03-31T03:39:29.175Z] GET /api/get-user/3","service":"eduvault-backend","timestamp":"2026-03-31 09:09:29"}
{"level":"info","message":"[2026-03-31T03:39:29.261Z] GET /api/students","service":"eduvault-backend","timestamp":"2026-03-31 09:09:29"}
{"level":"info","message":"[2026-03-31T03:39:29.292Z] GET /api/departments","service":"eduvault-backend","timestamp":"2026-03-31 09:09:29"}
{"level":"info","message":"[2026-03-31T03:39:29.307Z] GET /api/get-staff?role=Staff","service":"eduvault-backend","timestamp":"2026-03-31 09:09:29"}
{"level":"info","message":"[2026-03-31T03:39:29.314Z] GET /api/department-counts","service":"eduvault-backend","timestamp":"2026-03-31 09:09:29"}
{"level":"info","message":"[2026-03-31T03:39:29.324Z] GET /api/pending-internships","service":"eduvault-backend","timestamp":"2026-03-31 09:09:29"}
{"level":"info","message":"[2026-03-31T03:39:29.331Z] GET /api/pending-scholarships","service":"eduvault-backend","timestamp":"2026-03-31 09:09:29"}
{"level":"info","message":"[2026-03-31T03:39:29.426Z] GET /api/event-organized/pending","service":"eduvault-backend","timestamp":"2026-03-31 09:09:29"}
{"level":"info","message":"[2026-03-31T03:39:29.429Z] GET /api/event-attended/pending","service":"eduvault-backend","timestamp":"2026-03-31 09:09:29"}
{"level":"info","message":"[2026-03-31T03:39:29.435Z] GET /api/all/pending-leaves","service":"eduvault-backend","timestamp":"2026-03-31 09:09:29"}
{"level":"info","message":"[2026-03-31T03:39:29.474Z] GET /api/online-courses/pending","service":"eduvault-backend","timestamp":"2026-03-31 09:09:29"}
{"level":"info","message":"[2026-03-31T03:39:29.478Z] GET /api/pending-achievements","service":"eduvault-backend","timestamp":"2026-03-31 09:09:29"}
{"level":"info","message":"[2026-03-31T03:39:29.481Z] GET /api/publications/pending","service":"eduvault-backend","timestamp":"2026-03-31 09:09:29"}
{"level":"info","message":"[2026-03-31T03:39:29.484Z] GET /api/competency-coding/pending","service":"eduvault-backend","timestamp":"2026-03-31 09:09:29"}
{"level":"info","message":"[2026-03-31T03:39:29.507Z] GET /api/noncgpa/pending","service":"eduvault-backend","timestamp":"2026-03-31 09:09:29"}
{"level":"info","message":"[2026-03-31T03:39:29.513Z] GET /api/projects/pending","service":"eduvault-backend","timestamp":"2026-03-31 09:09:29"}
{"level":"info","message":"[2026-03-31T03:39:29.523Z] GET /api/hackathon/pending","service":"eduvault-backend","timestamp":"2026-03-31 09:09:29"}
{"level":"info","message":"[2026-03-31T03:39:29.568Z] GET /api/extracurricular/pending","service":"eduvault-backend","timestamp":"2026-03-31 09:09:29"}
{"level":"info","message":"[2026-03-31T03:39:29.585Z] GET /api/fetch-internships?UserId=3","service":"eduvault-backend","timestamp":"2026-03-31 09:09:29"}
{"level":"info","message":"[2026-03-31T03:39:29.612Z] GET /api/pending-internships?userID=3","service":"eduvault-backend","timestamp":"2026-03-31 09:09:29"}
{"level":"info","message":"[2026-03-31T03:39:29.632Z] GET /api/event-attended/list?UserId=3","service":"eduvault-backend","timestamp":"2026-03-31 09:09:29"}
{"level":"info","message":"[2026-03-31T03:39:29.642Z] GET /api/fetch-scholarships?UserId=3","service":"eduvault-backend","timestamp":"2026-03-31 09:09:29"}
{"level":"info","message":"[2026-03-31T03:39:29.645Z] GET /api/event-organized/approved?UserId=3","service":"eduvault-backend","timestamp":"2026-03-31 09:09:29"}
{"level":"info","message":"[2026-03-31T03:39:29.652Z] GET /api/event-organized/pending?UserId=3","service":"eduvault-backend","timestamp":"2026-03-31 09:09:29"}
{"level":"info","message":"[2026-03-31T03:39:29.657Z] GET /api/pending-leaves?Userid=3","service":"eduvault-backend","timestamp":"2026-03-31 09:09:29"}
{"level":"info","message":"[2026-03-31T03:39:29.674Z] GET /api/fetch-leaves?Userid=3","service":"eduvault-backend","timestamp":"2026-03-31 09:09:29"}
{"level":"info","message":"[2026-03-31T03:39:29.680Z] GET /api/user-achievements/3","service":"eduvault-backend","timestamp":"2026-03-31 09:09:29"}
{"level":"info","message":"[2026-03-31T03:39:29.704Z] GET /api/hackathon/my-events","service":"eduvault-backend","timestamp":"2026-03-31 09:09:29"}
{"level":"info","message":"[2026-03-31T03:39:29.723Z] GET /api/publications/my-publications?UserId=3","service":"eduvault-backend","timestamp":"2026-03-31 09:09:29"}
{"level":"info","message":"[2026-03-31T03:39:29.726Z] GET /api/competency-coding/my-record?UserId=3","service":"eduvault-backend","timestamp":"2026-03-31 09:09:29"}
{"level":"info","message":"[2026-03-31T03:39:29.738Z] GET /api/competency-coding/skillrack/summary?UserId=3","service":"eduvault-backend","timestamp":"2026-03-31 09:09:29"}
{"level":"info","message":"[2026-03-31T03:39:29.742Z] GET /api/competency-coding/platform/all?UserId=3","service":"eduvault-backend","timestamp":"2026-03-31 09:09:29"}
{"level":"info","message":"[2026-03-31T03:39:29.756Z] GET /api/competency-coding/analytics?UserId=3","service":"eduvault-backend","timestamp":"2026-03-31 09:09:29"}
{"level":"info","message":"[2026-03-31T03:39:29.770Z] GET /api/projects/my-projects?UserId=3","service":"eduvault-backend","timestamp":"2026-03-31 09:09:29"}
{"level":"info","message":"[2026-03-31T03:39:29.773Z] GET /api/extracurricular/my-activities?UserId=3","service":"eduvault-backend","timestamp":"2026-03-31 09:09:29"}
{"level":"info","message":"[2026-03-31T03:39:29.784Z] GET /api/noncgpa/dropdown/categories","service":"eduvault-backend","timestamp":"2026-03-31 09:09:29"}
{"level":"info","message":"[2026-03-31T03:39:29.795Z] GET /api/noncgpa/dropdown/course-names","service":"eduvault-backend","timestamp":"2026-03-31 09:09:29"}
{"level":"info","message":"[2026-03-31T03:39:29.798Z] GET /api/noncgpa/dropdown/course-codes","service":"eduvault-backend","timestamp":"2026-03-31 09:09:29"}
{"level":"info","message":"[2026-03-31T03:39:29.822Z] GET /api/noncgpa/my-records?UserId=3","service":"eduvault-backend","timestamp":"2026-03-31 09:09:29"}
{"level":"info","message":"[2026-03-31T03:39:29.825Z] GET /api/skillrack/my-record?UserId=3","service":"eduvault-backend","timestamp":"2026-03-31 09:09:29"}
{"level":"info","message":"[2026-03-31T03:39:29.841Z] GET /api/skillrack/my-stats?UserId=3","service":"eduvault-backend","timestamp":"2026-03-31 09:09:29"}
{"level":"info","message":"[2026-03-31T03:39:29.857Z] GET /api/student-certificate/list","service":"eduvault-backend","timestamp":"2026-03-31 09:09:29"}
{"level":"info","message":"[2026-03-31T03:39:29.860Z] GET /api/biodata/3","service":"eduvault-backend","timestamp":"2026-03-31 09:09:29"}
{"level":"info","message":"[2026-03-31T03:39:29.874Z] GET /api/user-courses/3","service":"eduvault-backend","timestamp":"2026-03-31 09:09:29"}
{"level":"info","message":"[2026-03-31T03:39:29.879Z] GET /api/approved-internships/3","service":"eduvault-backend","timestamp":"2026-03-31 09:09:29"}
{"level":"info","message":"[2026-03-31T03:39:29.896Z] GET /api/approved-events-organized/3","service":"eduvault-backend","timestamp":"2026-03-31 09:09:29"}
{"level":"info","message":"[2026-03-31T03:39:29.910Z] GET /api/approved-events/3","service":"eduvault-backend","timestamp":"2026-03-31 09:09:29"}
{"level":"info","message":"[2026-03-31T03:39:29.922Z] GET /api/fetch-scholarships/3","service":"eduvault-backend","timestamp":"2026-03-31 09:09:29"}
{"level":"info","message":"[2026-03-31T03:39:29.944Z] GET /api/fetch-leaves/3","service":"eduvault-backend","timestamp":"2026-03-31 09:09:29"}
{"level":"info","message":"[2026-03-31T03:39:29.946Z] GET /api/staffs","service":"eduvault-backend","timestamp":"2026-03-31 09:09:29"}
{"level":"info","message":"[2026-03-31T03:39:29.948Z] GET /api/students","service":"eduvault-backend","timestamp":"2026-03-31 09:09:29"}
{"level":"info","message":"[2026-03-31T03:39:29.958Z] GET /api/get-staff?role=Staff","service":"eduvault-backend","timestamp":"2026-03-31 09:09:29"}
{"level":"info","message":"[2026-03-31T03:39:29.970Z] GET /api/department-counts","service":"eduvault-backend","timestamp":"2026-03-31 09:09:29"}
{"level":"info","message":"[2026-03-31T03:39:29.974Z] GET /api/departments","service":"eduvault-backend","timestamp":"2026-03-31 09:09:29"}
{"level":"info","message":"[2026-03-31T03:39:29.999Z] GET /api/students","service":"eduvault-backend","timestamp":"2026-03-31 09:09:29"}
{"level":"info","message":"[2026-03-31T03:39:30.002Z] GET /api/departments","service":"eduvault-backend","timestamp":"2026-03-31 09:09:30"}
{"level":"info","message":"[2026-03-31T03:39:30.008Z] GET /api/staffs","service":"eduvault-backend","timestamp":"2026-03-31 09:09:30"}
{"level":"info","message":"[2026-03-31T03:39:30.010Z] GET /api/department-counts","service":"eduvault-backend","timestamp":"2026-03-31 09:09:30"}
{"level":"info","message":"[2026-03-31T03:39:30.012Z] GET /api/get-staff?role=Staff","service":"eduvault-backend","timestamp":"2026-03-31 09:09:30"}
{"level":"info","message":"[2026-03-31T03:39:30.102Z] GET /uploads/default.jpg","service":"eduvault-backend","timestamp":"2026-03-31 09:09:30"}
{"level":"info","message":"[2026-03-31T03:39:30.112Z] GET /api/staffs","service":"eduvault-backend","timestamp":"2026-03-31 09:09:30"}
{"level":"info","message":"[2026-03-31T03:39:30.168Z] GET /api/biodata/3","service":"eduvault-backend","timestamp":"2026-03-31 09:09:30"}
{"level":"info","message":"[2026-03-31T03:39:30.174Z] GET /api/user-courses/3","service":"eduvault-backend","timestamp":"2026-03-31 09:09:30"}
{"level":"info","message":"[2026-03-31T03:39:30.177Z] GET /api/approved-internships/3","service":"eduvault-backend","timestamp":"2026-03-31 09:09:30"}
{"level":"info","message":"[2026-03-31T03:39:30.181Z] GET /api/approved-events-organized/3","service":"eduvault-backend","timestamp":"2026-03-31 09:09:30"}
{"level":"info","message":"[2026-03-31T03:39:30.185Z] GET /api/approved-events/3","service":"eduvault-backend","timestamp":"2026-03-31 09:09:30"}
{"level":"info","message":"[2026-03-31T03:39:30.188Z] GET /api/fetch-scholarships/3","service":"eduvault-backend","timestamp":"2026-03-31 09:09:30"}
{"level":"info","message":"[2026-03-31T03:39:30.243Z] GET /api/noncgpa/my-records","service":"eduvault-backend","timestamp":"2026-03-31 09:09:30"}
{"level":"info","message":"[2026-03-31T03:39:30.248Z] GET /api/fetch-leaves/3","service":"eduvault-backend","timestamp":"2026-03-31 09:09:30"}
{"level":"info","message":"[2026-03-31T03:39:30.251Z] GET /api/skillrack/my-stats?UserId=3","service":"eduvault-backend","timestamp":"2026-03-31 09:09:30"}
{"level":"info","message":"[2026-03-31T03:39:30.253Z] GET /api/user-courses/3","service":"eduvault-backend","timestamp":"2026-03-31 09:09:30"}
{"level":"info","message":"[2026-03-31T03:39:30.255Z] GET /api/approved-internships/3","service":"eduvault-backend","timestamp":"2026-03-31 09:09:30"}
{"level":"info","message":"[2026-03-31T03:39:30.287Z] GET /api/approved-events-organized/3","service":"eduvault-backend","timestamp":"2026-03-31 09:09:30"}
{"level":"info","message":"[2026-03-31T03:39:30.291Z] GET /api/approved-events/3","service":"eduvault-backend","timestamp":"2026-03-31 09:09:30"}
{"level":"info","message":"[2026-03-31T03:39:30.296Z] GET /api/biodata/3","service":"eduvault-backend","timestamp":"2026-03-31 09:09:30"}
{"level":"info","message":"[2026-03-31T03:39:30.299Z] GET /api/noncgpa/my-records","service":"eduvault-backend","timestamp":"2026-03-31 09:09:30"}
{"level":"info","message":"[2026-03-31T03:39:30.301Z] GET /api/fetch-leaves/3","service":"eduvault-backend","timestamp":"2026-03-31 09:09:30"}
{"level":"info","message":"[2026-03-31T03:39:30.306Z] GET /api/skillrack/my-stats?UserId=3","service":"eduvault-backend","timestamp":"2026-03-31 09:09:30"}
{"level":"info","message":"[2026-03-31T03:39:30.346Z] GET /api/fetch-scholarships/3","service":"eduvault-backend","timestamp":"2026-03-31 09:09:30"}
{"level":"info","message":"[2026-03-31T03:39:33.697Z] GET /api/student","service":"eduvault-backend","timestamp":"2026-03-31 09:09:33"}
{"level":"info","message":"[2026-03-31T03:39:33.757Z] GET /api/student","service":"eduvault-backend","timestamp":"2026-03-31 09:09:33"}
{"level":"info","message":"[2026-03-31T03:39:35.518Z] GET /api/student-education/my-record?UserId=3","service":"eduvault-backend","timestamp":"2026-03-31 09:09:35"}
{"level":"info","message":"[2026-03-31T03:39:35.522Z] GET /api/student-education/averages?UserId=3","service":"eduvault-backend","timestamp":"2026-03-31 09:09:35"}
{"level":"info","message":"[2026-03-31T03:39:35.544Z] GET /api/student-education/my-record?UserId=3","service":"eduvault-backend","timestamp":"2026-03-31 09:09:35"}
{"level":"info","message":"[2026-03-31T03:39:35.551Z] GET /api/student-education/averages?UserId=3","service":"eduvault-backend","timestamp":"2026-03-31 09:09:35"}
{"level":"info","message":"[2026-03-31T03:39:37.376Z] GET /api/event-attended/list?UserId=3","service":"eduvault-backend","timestamp":"2026-03-31 09:09:37"}
{"level":"info","message":"[2026-03-31T03:39:37.390Z] GET /api/event-attended/list?UserId=3","service":"eduvault-backend","timestamp":"2026-03-31 09:09:37"}
{"level":"info","message":"[2026-03-31T03:39:57.912Z] POST /api/event-attended/add","service":"eduvault-backend","timestamp":"2026-03-31 09:09:57"}
{"level":"info","message":"[2026-03-31T03:39:58.057Z] GET /api/event-attended/list?UserId=3","service":"eduvault-backend","timestamp":"2026-03-31 09:09:58"}
{"level":"info","message":"[2026-03-31T03:39:58.077Z] GET /api/event-attended/list?UserId=3","service":"eduvault-backend","timestamp":"2026-03-31 09:09:58"}
{"level":"info","message":"[2026-03-31T03:40:20.157Z] POST /api/event-organized/add","service":"eduvault-backend","timestamp":"2026-03-31 09:10:20"}
{"level":"info","message":"[2026-03-31T03:40:26.740Z] GET /api/event-organized/approved?UserId=3","service":"eduvault-backend","timestamp":"2026-03-31 09:10:26"}
{"level":"info","message":"[2026-03-31T03:40:26.745Z] GET /api/event-organized/pending?UserId=3","service":"eduvault-backend","timestamp":"2026-03-31 09:10:26"}
{"level":"info","message":"[2026-03-31T03:40:29.397Z] GET /api/online-courses","service":"eduvault-backend","timestamp":"2026-03-31 09:10:29"}
{"level":"info","message":"[2026-03-31T03:40:29.407Z] GET /api/online-courses/pending","service":"eduvault-backend","timestamp":"2026-03-31 09:10:29"}
{"level":"info","message":"[2026-03-31T03:40:29.440Z] GET /api/online-courses","service":"eduvault-backend","timestamp":"2026-03-31 09:10:29"}
{"level":"info","message":"[2026-03-31T03:40:29.450Z] GET /api/online-courses/pending","service":"eduvault-backend","timestamp":"2026-03-31 09:10:29"}
{"level":"info","message":"[2026-03-31T03:40:37.260Z] POST /api/online-courses","service":"eduvault-backend","timestamp":"2026-03-31 09:10:37"}
{"level":"info","message":"[2026-03-31T03:40:43.311Z] GET /api/online-courses","service":"eduvault-backend","timestamp":"2026-03-31 09:10:43"}
{"level":"info","message":"[2026-03-31T03:40:43.337Z] GET /api/online-courses/pending","service":"eduvault-backend","timestamp":"2026-03-31 09:10:43"}
{"level":"info","message":"[2026-03-31T03:41:12.021Z] POST /api/add-internships","service":"eduvault-backend","timestamp":"2026-03-31 09:11:12"}
{"level":"info","message":"[2026-03-31T03:41:20.632Z] GET /api/fetch-internships?UserId=3","service":"eduvault-backend","timestamp":"2026-03-31 09:11:20"}
{"level":"info","message":"[2026-03-31T03:41:20.649Z] GET /api/pending-internships?userID=3","service":"eduvault-backend","timestamp":"2026-03-31 09:11:20"}
{"level":"info","message":"[2026-03-31T03:41:36.336Z] POST /api/add-scholarship","service":"eduvault-backend","timestamp":"2026-03-31 09:11:36"}
{"level":"info","message":"[2026-03-31T03:41:45.888Z] GET /api/hackathon/my-events","service":"eduvault-backend","timestamp":"2026-03-31 09:11:45"}
{"level":"info","message":"[2026-03-31T03:41:45.907Z] GET /api/hackathon/my-events","service":"eduvault-backend","timestamp":"2026-03-31 09:11:45"}
{"level":"info","message":"[2026-03-31T03:42:02.644Z] POST /api/hackathon/add","service":"eduvault-backend","timestamp":"2026-03-31 09:12:02"}
{"level":"info","message":"[2026-03-31T03:42:08.592Z] GET /api/hackathon/my-events","service":"eduvault-backend","timestamp":"2026-03-31 09:12:08"}
{"level":"info","message":"[2026-03-31T03:42:09.430Z] GET /api/extracurricular/statistics?UserId=3","service":"eduvault-backend","timestamp":"2026-03-31 09:12:09"}
{"level":"info","message":"[2026-03-31T03:42:09.436Z] GET /api/extracurricular/my-activities?UserId=3","service":"eduvault-backend","timestamp":"2026-03-31 09:12:09"}
{"level":"info","message":"[2026-03-31T03:42:09.465Z] GET /api/extracurricular/statistics?UserId=3","service":"eduvault-backend","timestamp":"2026-03-31 09:12:09"}
{"level":"info","message":"[2026-03-31T03:42:09.475Z] GET /api/extracurricular/my-activities?UserId=3","service":"eduvault-backend","timestamp":"2026-03-31 09:12:09"}
{"level":"info","message":"[2026-03-31T03:42:23.112Z] POST /api/extracurricular/add","service":"eduvault-backend","timestamp":"2026-03-31 09:12:23"}
{"level":"info","message":"[2026-03-31T03:42:28.919Z] GET /api/extracurricular/my-activities?UserId=3","service":"eduvault-backend","timestamp":"2026-03-31 09:12:28"}
{"level":"info","message":"[2026-03-31T03:42:28.942Z] GET /api/extracurricular/statistics?UserId=3","service":"eduvault-backend","timestamp":"2026-03-31 09:12:28"}
{"level":"info","message":"[2026-03-31T03:42:29.882Z] GET /api/projects/my-projects?UserId=3","service":"eduvault-backend","timestamp":"2026-03-31 09:12:29"}
{"level":"info","message":"[2026-03-31T03:42:29.907Z] GET /api/projects/my-projects?UserId=3","service":"eduvault-backend","timestamp":"2026-03-31 09:12:29"}
{"level":"info","message":"[2026-03-31T04:42:23.509Z] GET /api/hackathon/pending","service":"eduvault-backend","timestamp":"2026-03-31 10:12:23"}
{"level":"info","message":"[2026-03-31T04:42:23.521Z] GET /api/projects/pending","service":"eduvault-backend","timestamp":"2026-03-31 10:12:23"}
{"level":"info","message":"[2026-03-31T04:42:23.527Z] GET /api/extracurricular/pending","service":"eduvault-backend","timestamp":"2026-03-31 10:12:23"}
{"level":"info","message":"[2026-03-31T04:42:23.535Z] GET /api/pending-internships","service":"eduvault-backend","timestamp":"2026-03-31 10:12:23"}
{"level":"info","message":"[2026-03-31T04:42:23.540Z] GET /api/pending-scholarships","service":"eduvault-backend","timestamp":"2026-03-31 10:12:23"}
{"level":"info","message":"[2026-03-31T04:42:23.550Z] GET /api/event-organized/pending","service":"eduvault-backend","timestamp":"2026-03-31 10:12:23"}
{"level":"info","message":"[2026-03-31T04:42:23.569Z] GET /api/all/pending-leaves","service":"eduvault-backend","timestamp":"2026-03-31 10:12:23"}
{"level":"info","message":"[2026-03-31T04:42:23.574Z] GET /api/event-attended/pending","service":"eduvault-backend","timestamp":"2026-03-31 10:12:23"}
{"level":"info","message":"[2026-03-31T04:42:23.582Z] GET /api/online-courses/pending","service":"eduvault-backend","timestamp":"2026-03-31 10:12:23"}
{"level":"info","message":"[2026-03-31T04:42:23.587Z] GET /api/pending-achievements","service":"eduvault-backend","timestamp":"2026-03-31 10:12:23"}
{"level":"info","message":"[2026-03-31T04:42:23.598Z] GET /api/publications/pending","service":"eduvault-backend","timestamp":"2026-03-31 10:12:23"}
{"level":"info","message":"[2026-03-31T04:42:23.601Z] GET /api/noncgpa/pending","service":"eduvault-backend","timestamp":"2026-03-31 10:12:23"}
{"level":"info","message":"[2026-03-31T04:42:23.605Z] GET /api/competency-coding/pending","service":"eduvault-backend","timestamp":"2026-03-31 10:12:23"}
{"level":"info","message":"[2026-03-31T04:42:23.626Z] POST /api/auth/refresh","service":"eduvault-backend","timestamp":"2026-03-31 10:12:23"}
{"level":"info","message":"[2026-03-31T04:42:24.066Z] POST /api/auth/refresh","service":"eduvault-backend","timestamp":"2026-03-31 10:12:24"}
{"level":"info","message":"[2026-03-31T04:42:36.923Z] GET /api/departments","service":"eduvault-backend","timestamp":"2026-03-31 10:12:36"}
{"level":"info","message":"[2026-03-31T04:42:36.955Z] GET /api/get-staff?role=Staff","service":"eduvault-backend","timestamp":"2026-03-31 10:12:36"}
{"level":"info","message":"[2026-03-31T04:42:36.960Z] GET /api/states","service":"eduvault-backend","timestamp":"2026-03-31 10:12:36"}
{"level":"info","message":"[2026-03-31T04:42:36.983Z] GET /api/departments","service":"eduvault-backend","timestamp":"2026-03-31 10:12:36"}
{"level":"info","message":"[2026-03-31T04:42:36.988Z] GET /api/states","service":"eduvault-backend","timestamp":"2026-03-31 10:12:36"}
{"level":"info","message":"[2026-03-31T04:42:36.992Z] GET /api/get-staff?role=Staff","service":"eduvault-backend","timestamp":"2026-03-31 10:12:36"}
{"level":"info","message":"[2026-03-31T04:43:05.781Z] POST /api/auth/login","service":"eduvault-backend","timestamp":"2026-03-31 10:13:05"}
{"level":"info","message":"[2026-03-31T04:43:10.417Z] POST /api/auth/login","service":"eduvault-backend","timestamp":"2026-03-31 10:13:10"}
{"level":"info","message":"[2026-03-31T04:43:10.510Z] GET /api/auth/me","service":"eduvault-backend","timestamp":"2026-03-31 10:13:10"}
{"level":"info","message":"[2026-03-31T04:43:10.518Z] GET /api/get-user/3","service":"eduvault-backend","timestamp":"2026-03-31 10:13:10"}
{"level":"info","message":"[2026-03-31T04:43:10.538Z] GET /api/departments","service":"eduvault-backend","timestamp":"2026-03-31 10:13:10"}
{"level":"info","message":"[2026-03-31T04:43:10.555Z] GET /api/get-staff?role=Staff","service":"eduvault-backend","timestamp":"2026-03-31 10:13:10"}
{"level":"info","message":"[2026-03-31T04:43:10.560Z] GET /api/students","service":"eduvault-backend","timestamp":"2026-03-31 10:13:10"}
{"level":"info","message":"[2026-03-31T04:43:10.562Z] GET /api/department-counts","service":"eduvault-backend","timestamp":"2026-03-31 10:13:10"}
{"level":"info","message":"[2026-03-31T04:43:10.564Z] GET /api/pending-internships","service":"eduvault-backend","timestamp":"2026-03-31 10:13:10"}
{"level":"info","message":"[2026-03-31T04:43:10.566Z] GET /api/pending-scholarships","service":"eduvault-backend","timestamp":"2026-03-31 10:13:10"}
{"level":"info","message":"[2026-03-31T04:43:10.568Z] GET /api/event-organized/pending","service":"eduvault-backend","timestamp":"2026-03-31 10:13:10"}
{"level":"info","message":"[2026-03-31T04:43:10.611Z] GET /api/event-attended/pending","service":"eduvault-backend","timestamp":"2026-03-31 10:13:10"}
{"level":"info","message":"[2026-03-31T04:43:10.614Z] GET /api/all/pending-leaves","service":"eduvault-backend","timestamp":"2026-03-31 10:13:10"}
{"level":"info","message":"[2026-03-31T04:43:10.617Z] GET /api/online-courses/pending","service":"eduvault-backend","timestamp":"2026-03-31 10:13:10"}
{"level":"info","message":"[2026-03-31T04:43:10.618Z] GET /api/pending-achievements","service":"eduvault-backend","timestamp":"2026-03-31 10:13:10"}
{"level":"info","message":"[2026-03-31T04:43:10.639Z] GET /api/publications/pending","service":"eduvault-backend","timestamp":"2026-03-31 10:13:10"}
{"level":"info","message":"[2026-03-31T04:43:10.645Z] GET /api/competency-coding/pending","service":"eduvault-backend","timestamp":"2026-03-31 10:13:10"}
{"level":"info","message":"[2026-03-31T04:43:10.646Z] GET /api/noncgpa/pending","service":"eduvault-backend","timestamp":"2026-03-31 10:13:10"}
{"level":"info","message":"[2026-03-31T04:43:10.655Z] GET /api/projects/pending","service":"eduvault-backend","timestamp":"2026-03-31 10:13:10"}
{"level":"info","message":"[2026-03-31T04:43:10.657Z] GET /api/hackathon/pending","service":"eduvault-backend","timestamp":"2026-03-31 10:13:10"}
{"level":"info","message":"[2026-03-31T04:43:10.669Z] GET /api/extracurricular/pending","service":"eduvault-backend","timestamp":"2026-03-31 10:13:10"}
{"level":"info","message":"[2026-03-31T04:43:10.680Z] GET /api/fetch-internships?UserId=3","service":"eduvault-backend","timestamp":"2026-03-31 10:13:10"}
{"level":"info","message":"[2026-03-31T04:43:10.688Z] GET /api/pending-internships?userID=3","service":"eduvault-backend","timestamp":"2026-03-31 10:13:10"}
{"level":"info","message":"[2026-03-31T04:43:10.689Z] GET /api/event-attended/list?UserId=3","service":"eduvault-backend","timestamp":"2026-03-31 10:13:10"}
{"level":"info","message":"[2026-03-31T04:43:10.693Z] GET /api/event-organized/approved?UserId=3","service":"eduvault-backend","timestamp":"2026-03-31 10:13:10"}
{"level":"info","message":"[2026-03-31T04:43:10.700Z] GET /api/pending-leaves?Userid=3","service":"eduvault-backend","timestamp":"2026-03-31 10:13:10"}
{"level":"info","message":"[2026-03-31T04:43:10.702Z] GET /api/fetch-scholarships?UserId=3","service":"eduvault-backend","timestamp":"2026-03-31 10:13:10"}
{"level":"info","message":"[2026-03-31T04:43:10.720Z] GET /api/event-organized/pending?UserId=3","service":"eduvault-backend","timestamp":"2026-03-31 10:13:10"}
{"level":"info","message":"[2026-03-31T04:43:10.722Z] GET /api/fetch-leaves?Userid=3","service":"eduvault-backend","timestamp":"2026-03-31 10:13:10"}
{"level":"info","message":"[2026-03-31T04:43:10.728Z] GET /api/user-achievements/3","service":"eduvault-backend","timestamp":"2026-03-31 10:13:10"}
{"level":"info","message":"[2026-03-31T04:43:10.730Z] GET /api/hackathon/my-events","service":"eduvault-backend","timestamp":"2026-03-31 10:13:10"}
{"level":"info","message":"[2026-03-31T04:43:10.732Z] GET /api/publications/my-publications?UserId=3","service":"eduvault-backend","timestamp":"2026-03-31 10:13:10"}
{"level":"info","message":"[2026-03-31T04:43:10.738Z] GET /api/competency-coding/my-record?UserId=3","service":"eduvault-backend","timestamp":"2026-03-31 10:13:10"}
{"level":"info","message":"[2026-03-31T04:43:10.739Z] GET /api/competency-coding/skillrack/summary?UserId=3","service":"eduvault-backend","timestamp":"2026-03-31 10:13:10"}
{"level":"info","message":"[2026-03-31T04:43:10.754Z] GET /api/competency-coding/platform/all?UserId=3","service":"eduvault-backend","timestamp":"2026-03-31 10:13:10"}
{"level":"info","message":"[2026-03-31T04:43:10.759Z] GET /api/competency-coding/analytics?UserId=3","service":"eduvault-backend","timestamp":"2026-03-31 10:13:10"}
{"level":"info","message":"[2026-03-31T04:43:10.763Z] GET /api/projects/my-projects?UserId=3","service":"eduvault-backend","timestamp":"2026-03-31 10:13:10"}
{"level":"info","message":"[2026-03-31T04:43:10.766Z] GET /api/extracurricular/my-activities?UserId=3","service":"eduvault-backend","timestamp":"2026-03-31 10:13:10"}
{"level":"info","message":"[2026-03-31T04:43:10.768Z] GET /api/noncgpa/dropdown/categories","service":"eduvault-backend","timestamp":"2026-03-31 10:13:10"}
{"level":"info","message":"[2026-03-31T04:43:10.775Z] GET /api/noncgpa/dropdown/course-names","service":"eduvault-backend","timestamp":"2026-03-31 10:13:10"}
{"level":"info","message":"[2026-03-31T04:43:10.783Z] GET /api/noncgpa/dropdown/course-codes","service":"eduvault-backend","timestamp":"2026-03-31 10:13:10"}
{"level":"info","message":"[2026-03-31T04:43:10.790Z] GET /api/noncgpa/my-records?UserId=3","service":"eduvault-backend","timestamp":"2026-03-31 10:13:10"}
{"level":"info","message":"[2026-03-31T04:43:10.792Z] GET /api/skillrack/my-record?UserId=3","service":"eduvault-backend","timestamp":"2026-03-31 10:13:10"}
{"level":"info","message":"[2026-03-31T04:43:10.797Z] GET /api/skillrack/my-stats?UserId=3","service":"eduvault-backend","timestamp":"2026-03-31 10:13:10"}
{"level":"info","message":"[2026-03-31T04:43:10.800Z] GET /api/student-certificate/list","service":"eduvault-backend","timestamp":"2026-03-31 10:13:10"}
{"level":"info","message":"[2026-03-31T04:43:10.807Z] GET /api/approved-internships/3","service":"eduvault-backend","timestamp":"2026-03-31 10:13:10"}
{"level":"info","message":"[2026-03-31T04:43:10.815Z] GET /api/biodata/3","service":"eduvault-backend","timestamp":"2026-03-31 10:13:10"}
{"level":"info","message":"[2026-03-31T04:43:10.817Z] GET /api/user-courses/3","service":"eduvault-backend","timestamp":"2026-03-31 10:13:10"}
{"level":"info","message":"[2026-03-31T04:43:10.823Z] GET /api/approved-events-organized/3","service":"eduvault-backend","timestamp":"2026-03-31 10:13:10"}
{"level":"info","message":"[2026-03-31T04:43:10.833Z] GET /api/fetch-scholarships/3","service":"eduvault-backend","timestamp":"2026-03-31 10:13:10"}
{"level":"info","message":"[2026-03-31T04:43:10.835Z] GET /api/approved-events/3","service":"eduvault-backend","timestamp":"2026-03-31 10:13:10"}
{"level":"info","message":"[2026-03-31T04:43:10.843Z] GET /api/fetch-leaves/3","service":"eduvault-backend","timestamp":"2026-03-31 10:13:10"}
{"level":"info","message":"[2026-03-31T04:43:10.850Z] GET /api/staffs","service":"eduvault-backend","timestamp":"2026-03-31 10:13:10"}
{"level":"info","message":"[2026-03-31T04:43:10.856Z] GET /api/students","service":"eduvault-backend","timestamp":"2026-03-31 10:13:10"}
{"level":"info","message":"[2026-03-31T04:43:10.857Z] GET /api/get-staff?role=Staff","service":"eduvault-backend","timestamp":"2026-03-31 10:13:10"}
{"level":"info","message":"[2026-03-31T04:43:10.858Z] GET /api/department-counts","service":"eduvault-backend","timestamp":"2026-03-31 10:13:10"}
{"level":"info","message":"[2026-03-31T04:43:10.864Z] GET /api/departments","service":"eduvault-backend","timestamp":"2026-03-31 10:13:10"}
{"level":"info","message":"[2026-03-31T04:43:10.875Z] GET /api/department-counts","service":"eduvault-backend","timestamp":"2026-03-31 10:13:10"}
{"level":"info","message":"[2026-03-31T04:43:10.878Z] GET /api/departments","service":"eduvault-backend","timestamp":"2026-03-31 10:13:10"}
{"level":"info","message":"[2026-03-31T04:43:10.883Z] GET /api/students","service":"eduvault-backend","timestamp":"2026-03-31 10:13:10"}
{"level":"info","message":"[2026-03-31T04:43:10.885Z] GET /api/get-staff?role=Staff","service":"eduvault-backend","timestamp":"2026-03-31 10:13:10"}
{"level":"info","message":"[2026-03-31T04:43:10.886Z] GET /api/staffs","service":"eduvault-backend","timestamp":"2026-03-31 10:13:10"}
{"level":"info","message":"[2026-03-31T04:43:10.888Z] GET /uploads/default.jpg","service":"eduvault-backend","timestamp":"2026-03-31 10:13:10"}
{"level":"info","message":"[2026-03-31T04:43:10.909Z] GET /api/staffs","service":"eduvault-backend","timestamp":"2026-03-31 10:13:10"}
{"level":"info","message":"[2026-03-31T04:43:10.914Z] GET /api/biodata/3","service":"eduvault-backend","timestamp":"2026-03-31 10:13:10"}
{"level":"info","message":"[2026-03-31T04:43:10.917Z] GET /api/user-courses/3","service":"eduvault-backend","timestamp":"2026-03-31 10:13:10"}
{"level":"info","message":"[2026-03-31T04:43:10.918Z] GET /api/approved-internships/3","service":"eduvault-backend","timestamp":"2026-03-31 10:13:10"}
{"level":"info","message":"[2026-03-31T04:43:10.923Z] GET /api/approved-events-organized/3","service":"eduvault-backend","timestamp":"2026-03-31 10:13:10"}
{"level":"info","message":"[2026-03-31T04:43:10.926Z] GET /api/approved-events/3","service":"eduvault-backend","timestamp":"2026-03-31 10:13:10"}
{"level":"info","message":"[2026-03-31T04:43:10.969Z] GET /api/fetch-scholarships/3","service":"eduvault-backend","timestamp":"2026-03-31 10:13:10"}
{"level":"info","message":"[2026-03-31T04:43:10.973Z] GET /api/fetch-leaves/3","service":"eduvault-backend","timestamp":"2026-03-31 10:13:10"}
{"level":"info","message":"[2026-03-31T04:43:10.974Z] GET /api/skillrack/my-stats?UserId=3","service":"eduvault-backend","timestamp":"2026-03-31 10:13:10"}
{"level":"info","message":"[2026-03-31T04:43:10.976Z] GET /api/noncgpa/my-records","service":"eduvault-backend","timestamp":"2026-03-31 10:13:10"}
{"level":"info","message":"[2026-03-31T04:43:10.977Z] GET /api/user-courses/3","service":"eduvault-backend","timestamp":"2026-03-31 10:13:10"}
{"level":"info","message":"[2026-03-31T04:43:10.977Z] GET /api/approved-events/3","service":"eduvault-backend","timestamp":"2026-03-31 10:13:10"}
{"level":"info","message":"[2026-03-31T04:43:11.004Z] GET /api/approved-internships/3","service":"eduvault-backend","timestamp":"2026-03-31 10:13:11"}
{"level":"info","message":"[2026-03-31T04:43:11.006Z] GET /api/approved-events-organized/3","service":"eduvault-backend","timestamp":"2026-03-31 10:13:11"}
{"level":"info","message":"[2026-03-31T04:43:11.007Z] GET /api/biodata/3","service":"eduvault-backend","timestamp":"2026-03-31 10:13:11"}
{"level":"info","message":"[2026-03-31T04:43:11.011Z] GET /api/fetch-scholarships/3","service":"eduvault-backend","timestamp":"2026-03-31 10:13:11"}
{"level":"info","message":"[2026-03-31T04:43:11.012Z] GET /api/skillrack/my-stats?UserId=3","service":"eduvault-backend","timestamp":"2026-03-31 10:13:11"}
{"level":"info","message":"[2026-03-31T04:43:11.014Z] GET /api/fetch-leaves/3","service":"eduvault-backend","timestamp":"2026-03-31 10:13:11"}
{"level":"info","message":"[2026-03-31T04:43:11.030Z] GET /api/noncgpa/my-records","service":"eduvault-backend","timestamp":"2026-03-31 10:13:11"}
{"level":"info","message":"[2026-03-31T04:43:13.914Z] GET /api/student","service":"eduvault-backend","timestamp":"2026-03-31 10:13:13"}
{"level":"info","message":"[2026-03-31T04:43:13.931Z] GET /api/student","service":"eduvault-backend","timestamp":"2026-03-31 10:13:13"}
{"level":"info","message":"[2026-03-31T04:43:14.728Z] GET /api/student-education/averages?UserId=3","service":"eduvault-backend","timestamp":"2026-03-31 10:13:14"}
{"level":"info","message":"[2026-03-31T04:43:14.730Z] GET /api/student-education/my-record?UserId=3","service":"eduvault-backend","timestamp":"2026-03-31 10:13:14"}
{"level":"info","message":"[2026-03-31T04:43:14.743Z] GET /api/student-education/my-record?UserId=3","service":"eduvault-backend","timestamp":"2026-03-31 10:13:14"}
{"level":"info","message":"[2026-03-31T04:43:14.772Z] GET /api/student-education/averages?UserId=3","service":"eduvault-backend","timestamp":"2026-03-31 10:13:14"}
{"level":"info","message":"[2026-03-31T04:43:15.587Z] GET /api/event-attended/list?UserId=3","service":"eduvault-backend","timestamp":"2026-03-31 10:13:15"}
{"level":"info","message":"[2026-03-31T04:43:15.595Z] GET /api/event-attended/list?UserId=3","service":"eduvault-backend","timestamp":"2026-03-31 10:13:15"}
{"level":"info","message":"[2026-03-31T04:43:21.601Z] GET /api/event-attended/list?UserId=3","service":"eduvault-backend","timestamp":"2026-03-31 10:13:21"}
{"level":"info","message":"[2026-03-31T04:43:21.610Z] GET /api/event-attended/list?UserId=3","service":"eduvault-backend","timestamp":"2026-03-31 10:13:21"}
{"level":"info","message":"[2026-03-31T04:43:40.453Z] GET /api/departments","service":"eduvault-backend","timestamp":"2026-03-31 10:13:40"}
{"level":"info","message":"[2026-03-31T04:43:40.455Z] GET /api/get-staff?role=Staff","service":"eduvault-backend","timestamp":"2026-03-31 10:13:40"}
{"level":"info","message":"[2026-03-31T04:43:40.460Z] GET /api/states","service":"eduvault-backend","timestamp":"2026-03-31 10:13:40"}
{"level":"info","message":"[2026-03-31T04:43:40.463Z] GET /api/auth/me","service":"eduvault-backend","timestamp":"2026-03-31 10:13:40"}
{"level":"info","message":"[2026-03-31T04:43:40.483Z] GET /api/departments","service":"eduvault-backend","timestamp":"2026-03-31 10:13:40"}
{"level":"info","message":"[2026-03-31T04:43:40.494Z] GET /api/states","service":"eduvault-backend","timestamp":"2026-03-31 10:13:40"}
{"level":"info","message":"[2026-03-31T04:43:40.496Z] GET /api/get-staff?role=Staff","service":"eduvault-backend","timestamp":"2026-03-31 10:13:40"}
{"level":"info","message":"[2026-03-31T04:43:40.498Z] GET /api/auth/me","service":"eduvault-backend","timestamp":"2026-03-31 10:13:40"}
{"level":"info","message":"[2026-03-31T04:43:40.504Z] GET /api/get-user/3","service":"eduvault-backend","timestamp":"2026-03-31 10:13:40"}
{"level":"info","message":"[2026-03-31T04:43:40.519Z] GET /api/get-user/3","service":"eduvault-backend","timestamp":"2026-03-31 10:13:40"}
{"level":"info","message":"[2026-03-31T04:43:40.528Z] GET /api/students","service":"eduvault-backend","timestamp":"2026-03-31 10:13:40"}
{"level":"info","message":"[2026-03-31T04:43:40.532Z] GET /api/get-staff?role=Staff","service":"eduvault-backend","timestamp":"2026-03-31 10:13:40"}
{"level":"info","message":"[2026-03-31T04:43:40.534Z] GET /api/department-counts","service":"eduvault-backend","timestamp":"2026-03-31 10:13:40"}
{"level":"info","message":"[2026-03-31T04:43:40.536Z] GET /api/departments","service":"eduvault-backend","timestamp":"2026-03-31 10:13:40"}
{"level":"info","message":"[2026-03-31T04:43:40.547Z] GET /api/pending-internships","service":"eduvault-backend","timestamp":"2026-03-31 10:13:40"}
{"level":"info","message":"[2026-03-31T04:43:40.549Z] GET /api/pending-scholarships","service":"eduvault-backend","timestamp":"2026-03-31 10:13:40"}
{"level":"info","message":"[2026-03-31T04:43:40.554Z] GET /api/event-organized/pending","service":"eduvault-backend","timestamp":"2026-03-31 10:13:40"}
{"level":"info","message":"[2026-03-31T04:43:40.563Z] GET /api/event-attended/pending","service":"eduvault-backend","timestamp":"2026-03-31 10:13:40"}
{"level":"info","message":"[2026-03-31T04:43:40.564Z] GET /api/all/pending-leaves","service":"eduvault-backend","timestamp":"2026-03-31 10:13:40"}
{"level":"info","message":"[2026-03-31T04:43:40.566Z] GET /api/online-courses/pending","service":"eduvault-backend","timestamp":"2026-03-31 10:13:40"}
{"level":"info","message":"[2026-03-31T04:43:40.567Z] GET /api/pending-achievements","service":"eduvault-backend","timestamp":"2026-03-31 10:13:40"}
{"level":"info","message":"[2026-03-31T04:43:40.573Z] GET /api/publications/pending","service":"eduvault-backend","timestamp":"2026-03-31 10:13:40"}
{"level":"info","message":"[2026-03-31T04:43:40.575Z] GET /api/competency-coding/pending","service":"eduvault-backend","timestamp":"2026-03-31 10:13:40"}
{"level":"info","message":"[2026-03-31T04:43:40.576Z] GET /api/noncgpa/pending","service":"eduvault-backend","timestamp":"2026-03-31 10:13:40"}
{"level":"info","message":"[2026-03-31T04:43:40.578Z] GET /api/projects/pending","service":"eduvault-backend","timestamp":"2026-03-31 10:13:40"}
{"level":"info","message":"[2026-03-31T04:43:40.584Z] GET /api/hackathon/pending","service":"eduvault-backend","timestamp":"2026-03-31 10:13:40"}
{"level":"info","message":"[2026-03-31T04:43:40.604Z] GET /api/extracurricular/pending","service":"eduvault-backend","timestamp":"2026-03-31 10:13:40"}
{"level":"info","message":"[2026-03-31T04:43:40.606Z] GET /api/fetch-internships?UserId=3","service":"eduvault-backend","timestamp":"2026-03-31 10:13:40"}
{"level":"info","message":"[2026-03-31T04:43:40.610Z] GET /api/pending-internships?userID=3","service":"eduvault-backend","timestamp":"2026-03-31 10:13:40"}
{"level":"info","message":"[2026-03-31T04:43:40.611Z] GET /api/event-attended/list?UserId=3","service":"eduvault-backend","timestamp":"2026-03-31 10:13:40"}
{"level":"info","message":"[2026-03-31T04:43:40.615Z] GET /api/fetch-scholarships?UserId=3","service":"eduvault-backend","timestamp":"2026-03-31 10:13:40"}
{"level":"info","message":"[2026-03-31T04:43:40.621Z] GET /api/event-organized/approved?UserId=3","service":"eduvault-backend","timestamp":"2026-03-31 10:13:40"}
{"level":"info","message":"[2026-03-31T04:43:40.633Z] GET /api/event-organized/pending?UserId=3","service":"eduvault-backend","timestamp":"2026-03-31 10:13:40"}
{"level":"info","message":"[2026-03-31T04:43:40.642Z] GET /api/pending-leaves?Userid=3","service":"eduvault-backend","timestamp":"2026-03-31 10:13:40"}
{"level":"info","message":"[2026-03-31T04:43:40.644Z] GET /api/fetch-leaves?Userid=3","service":"eduvault-backend","timestamp":"2026-03-31 10:13:40"}
{"level":"info","message":"[2026-03-31T04:43:40.646Z] GET /api/user-achievements/3","service":"eduvault-backend","timestamp":"2026-03-31 10:13:40"}
{"level":"info","message":"[2026-03-31T04:43:40.650Z] GET /api/hackathon/my-events","service":"eduvault-backend","timestamp":"2026-03-31 10:13:40"}
{"level":"info","message":"[2026-03-31T04:43:40.652Z] GET /api/publications/my-publications?UserId=3","service":"eduvault-backend","timestamp":"2026-03-31 10:13:40"}
{"level":"info","message":"[2026-03-31T04:43:40.662Z] GET /api/competency-coding/my-record?UserId=3","service":"eduvault-backend","timestamp":"2026-03-31 10:13:40"}
{"level":"info","message":"[2026-03-31T04:43:40.671Z] GET /api/competency-coding/skillrack/summary?UserId=3","service":"eduvault-backend","timestamp":"2026-03-31 10:13:40"}
{"level":"info","message":"[2026-03-31T04:43:40.672Z] GET /api/competency-coding/platform/all?UserId=3","service":"eduvault-backend","timestamp":"2026-03-31 10:13:40"}
{"level":"info","message":"[2026-03-31T04:43:40.679Z] GET /api/competency-coding/analytics?UserId=3","service":"eduvault-backend","timestamp":"2026-03-31 10:13:40"}
{"level":"info","message":"[2026-03-31T04:43:40.681Z] GET /api/projects/my-projects?UserId=3","service":"eduvault-backend","timestamp":"2026-03-31 10:13:40"}
{"level":"info","message":"[2026-03-31T04:43:40.686Z] GET /api/extracurricular/my-activities?UserId=3","service":"eduvault-backend","timestamp":"2026-03-31 10:13:40"}
{"level":"info","message":"[2026-03-31T04:43:40.692Z] GET /api/noncgpa/dropdown/categories","service":"eduvault-backend","timestamp":"2026-03-31 10:13:40"}
{"level":"info","message":"[2026-03-31T04:43:40.694Z] GET /api/noncgpa/dropdown/course-names","service":"eduvault-backend","timestamp":"2026-03-31 10:13:40"}
{"level":"info","message":"[2026-03-31T04:43:40.701Z] GET /api/noncgpa/dropdown/course-codes","service":"eduvault-backend","timestamp":"2026-03-31 10:13:40"}
{"level":"info","message":"[2026-03-31T04:43:40.703Z] GET /api/noncgpa/my-records?UserId=3","service":"eduvault-backend","timestamp":"2026-03-31 10:13:40"}
{"level":"info","message":"[2026-03-31T04:43:40.708Z] GET /api/skillrack/my-record?UserId=3","service":"eduvault-backend","timestamp":"2026-03-31 10:13:40"}
{"level":"info","message":"[2026-03-31T04:43:40.715Z] GET /api/skillrack/my-stats?UserId=3","service":"eduvault-backend","timestamp":"2026-03-31 10:13:40"}
{"level":"info","message":"[2026-03-31T04:43:40.717Z] GET /api/student-certificate/list","service":"eduvault-backend","timestamp":"2026-03-31 10:13:40"}
{"level":"info","message":"[2026-03-31T04:43:40.724Z] GET /api/biodata/3","service":"eduvault-backend","timestamp":"2026-03-31 10:13:40"}
{"level":"info","message":"[2026-03-31T04:43:40.733Z] GET /api/user-courses/3","service":"eduvault-backend","timestamp":"2026-03-31 10:13:40"}
{"level":"info","message":"[2026-03-31T04:43:40.735Z] GET /api/approved-internships/3","service":"eduvault-backend","timestamp":"2026-03-31 10:13:40"}
{"level":"info","message":"[2026-03-31T04:43:40.742Z] GET /api/approved-events-organized/3","service":"eduvault-backend","timestamp":"2026-03-31 10:13:40"}
{"level":"info","message":"[2026-03-31T04:43:40.745Z] GET /api/approved-events/3","service":"eduvault-backend","timestamp":"2026-03-31 10:13:40"}
{"level":"info","message":"[2026-03-31T04:43:40.754Z] GET /api/fetch-scholarships/3","service":"eduvault-backend","timestamp":"2026-03-31 10:13:40"}
{"level":"info","message":"[2026-03-31T04:43:40.761Z] GET /api/fetch-leaves/3","service":"eduvault-backend","timestamp":"2026-03-31 10:13:40"}
{"level":"info","message":"[2026-03-31T04:43:40.769Z] GET /api/department-counts","service":"eduvault-backend","timestamp":"2026-03-31 10:13:40"}
{"level":"info","message":"[2026-03-31T04:43:40.771Z] GET /api/get-staff?role=Staff","service":"eduvault-backend","timestamp":"2026-03-31 10:13:40"}
{"level":"info","message":"[2026-03-31T04:43:40.772Z] GET /api/students","service":"eduvault-backend","timestamp":"2026-03-31 10:13:40"}
{"level":"info","message":"[2026-03-31T04:43:40.777Z] GET /api/staffs","service":"eduvault-backend","timestamp":"2026-03-31 10:13:40"}
{"level":"info","message":"[2026-03-31T04:43:40.784Z] GET /api/user-courses/3","service":"eduvault-backend","timestamp":"2026-03-31 10:13:40"}
{"level":"info","message":"[2026-03-31T04:43:40.786Z] GET /api/approved-internships/3","service":"eduvault-backend","timestamp":"2026-03-31 10:13:40"}
{"level":"info","message":"[2026-03-31T04:43:40.793Z] GET /api/biodata/3","service":"eduvault-backend","timestamp":"2026-03-31 10:13:40"}
{"level":"info","message":"[2026-03-31T04:43:40.795Z] GET /api/approved-events-organized/3","service":"eduvault-backend","timestamp":"2026-03-31 10:13:40"}
{"level":"info","message":"[2026-03-31T04:43:40.803Z] GET /api/approved-events/3","service":"eduvault-backend","timestamp":"2026-03-31 10:13:40"}
{"level":"info","message":"[2026-03-31T04:43:40.811Z] GET /api/fetch-scholarships/3","service":"eduvault-backend","timestamp":"2026-03-31 10:13:40"}
{"level":"info","message":"[2026-03-31T04:43:40.819Z] GET /api/department-counts","service":"eduvault-backend","timestamp":"2026-03-31 10:13:40"}
{"level":"info","message":"[2026-03-31T04:43:40.820Z] GET /api/fetch-leaves/3","service":"eduvault-backend","timestamp":"2026-03-31 10:13:40"}
{"level":"info","message":"[2026-03-31T04:43:40.827Z] GET /api/get-staff?role=Staff","service":"eduvault-backend","timestamp":"2026-03-31 10:13:40"}
{"level":"info","message":"[2026-03-31T04:43:40.829Z] GET /api/students","service":"eduvault-backend","timestamp":"2026-03-31 10:13:40"}
{"level":"info","message":"[2026-03-31T04:43:40.835Z] GET /api/departments","service":"eduvault-backend","timestamp":"2026-03-31 10:13:40"}
{"level":"info","message":"[2026-03-31T04:43:40.838Z] GET /api/department-counts","service":"eduvault-backend","timestamp":"2026-03-31 10:13:40"}
{"level":"info","message":"[2026-03-31T04:43:40.851Z] GET /api/departments","service":"eduvault-backend","timestamp":"2026-03-31 10:13:40"}
{"level":"info","message":"[2026-03-31T04:43:40.853Z] GET /api/get-staff?role=Staff","service":"eduvault-backend","timestamp":"2026-03-31 10:13:40"}
{"level":"info","message":"[2026-03-31T04:43:40.854Z] GET /api/department-counts","service":"eduvault-backend","timestamp":"2026-03-31 10:13:40"}
{"level":"info","message":"[2026-03-31T04:43:40.857Z] GET /api/staffs","service":"eduvault-backend","timestamp":"2026-03-31 10:13:40"}
{"level":"info","message":"[2026-03-31T04:43:40.859Z] GET /api/students","service":"eduvault-backend","timestamp":"2026-03-31 10:13:40"}
{"level":"info","message":"[2026-03-31T04:43:40.869Z] GET /api/department-counts","service":"eduvault-backend","timestamp":"2026-03-31 10:13:40"}
{"level":"info","message":"[2026-03-31T04:43:40.872Z] GET /api/get-staff?role=Staff","service":"eduvault-backend","timestamp":"2026-03-31 10:13:40"}
{"level":"info","message":"[2026-03-31T04:43:40.880Z] GET /api/students","service":"eduvault-backend","timestamp":"2026-03-31 10:13:40"}
{"level":"info","message":"[2026-03-31T04:43:40.884Z] GET /api/staffs","service":"eduvault-backend","timestamp":"2026-03-31 10:13:40"}
{"level":"info","message":"[2026-03-31T04:43:40.890Z] GET /api/get-staff?role=Staff","service":"eduvault-backend","timestamp":"2026-03-31 10:13:40"}
{"level":"info","message":"[2026-03-31T04:43:40.894Z] GET /api/students","service":"eduvault-backend","timestamp":"2026-03-31 10:13:40"}
{"level":"info","message":"[2026-03-31T04:43:40.899Z] GET /uploads/default.jpg","service":"eduvault-backend","timestamp":"2026-03-31 10:13:40"}
{"level":"info","message":"[2026-03-31T04:43:44.368Z] GET /api/online-courses/pending","service":"eduvault-backend","timestamp":"2026-03-31 10:13:44"}
{"level":"info","message":"[2026-03-31T04:43:44.377Z] GET /api/online-courses/pending","service":"eduvault-backend","timestamp":"2026-03-31 10:13:44"}
{"level":"info","message":"[2026-03-31T04:43:44.386Z] GET /api/online-courses","service":"eduvault-backend","timestamp":"2026-03-31 10:13:44"}
{"level":"info","message":"[2026-03-31T04:43:44.397Z] GET /api/online-courses","service":"eduvault-backend","timestamp":"2026-03-31 10:13:44"}
{"level":"info","message":"[2026-03-31T04:43:49.923Z] GET /api/hackathon/my-events","service":"eduvault-backend","timestamp":"2026-03-31 10:13:49"}
{"level":"info","message":"[2026-03-31T04:43:49.937Z] GET /api/hackathon/my-events","service":"eduvault-backend","timestamp":"2026-03-31 10:13:49"}
{"level":"info","message":"[2026-03-31T04:43:50.892Z] GET /api/extracurricular/my-activities?UserId=3","service":"eduvault-backend","timestamp":"2026-03-31 10:13:50"}
{"level":"info","message":"[2026-03-31T04:43:50.898Z] GET /api/extracurricular/statistics?UserId=3","service":"eduvault-backend","timestamp":"2026-03-31 10:13:50"}
{"level":"info","message":"[2026-03-31T04:43:50.929Z] GET /api/extracurricular/my-activities?UserId=3","service":"eduvault-backend","timestamp":"2026-03-31 10:13:50"}
{"level":"info","message":"[2026-03-31T04:43:50.936Z] GET /api/extracurricular/statistics?UserId=3","service":"eduvault-backend","timestamp":"2026-03-31 10:13:50"}
{"level":"info","message":"[2026-03-31T04:43:51.780Z] GET /api/projects/my-projects?UserId=3","service":"eduvault-backend","timestamp":"2026-03-31 10:13:51"}
{"level":"info","message":"[2026-03-31T04:43:51.799Z] GET /api/projects/my-projects?UserId=3","service":"eduvault-backend","timestamp":"2026-03-31 10:13:51"}
{"level":"info","message":"[2026-03-31T04:43:54.288Z] GET /api/competency-coding/my-record?UserId=3","service":"eduvault-backend","timestamp":"2026-03-31 10:13:54"}
{"level":"info","message":"[2026-03-31T04:43:54.291Z] GET /api/competency-coding/platform/all?UserId=3","service":"eduvault-backend","timestamp":"2026-03-31 10:13:54"}
{"level":"info","message":"[2026-03-31T04:43:54.306Z] GET /api/competency-coding/my-record?UserId=3","service":"eduvault-backend","timestamp":"2026-03-31 10:13:54"}
{"level":"info","message":"[2026-03-31T04:43:54.312Z] GET /api/competency-coding/platform/all?UserId=3","service":"eduvault-backend","timestamp":"2026-03-31 10:13:54"}
{"level":"info","message":"[2026-03-31T04:43:56.425Z] GET /api/skillrack/my-record?UserId=3","service":"eduvault-backend","timestamp":"2026-03-31 10:13:56"}
{"level":"info","message":"[2026-03-31T04:43:56.432Z] GET /api/skillrack/my-stats?UserId=3","service":"eduvault-backend","timestamp":"2026-03-31 10:13:56"}
{"level":"info","message":"[2026-03-31T04:43:56.502Z] GET /api/skillrack/my-stats?UserId=3","service":"eduvault-backend","timestamp":"2026-03-31 10:13:56"}
{"level":"info","message":"[2026-03-31T04:43:56.506Z] GET /api/skillrack/my-record?UserId=3","service":"eduvault-backend","timestamp":"2026-03-31 10:13:56"}
{"level":"info","message":"[2026-03-31T04:43:58.222Z] GET /api/publications/my-publications?UserId=3","service":"eduvault-backend","timestamp":"2026-03-31 10:13:58"}
{"level":"info","message":"[2026-03-31T04:43:58.245Z] GET /api/publications/my-publications?UserId=3","service":"eduvault-backend","timestamp":"2026-03-31 10:13:58"}
{"level":"info","message":"[2026-03-31T04:43:59.066Z] GET /api/noncgpa/dropdown/categories","service":"eduvault-backend","timestamp":"2026-03-31 10:13:59"}
{"level":"info","message":"[2026-03-31T04:43:59.069Z] GET /api/noncgpa/my-records?UserId=3","service":"eduvault-backend","timestamp":"2026-03-31 10:13:59"}
{"level":"info","message":"[2026-03-31T04:43:59.087Z] GET /api/noncgpa/dropdown/categories","service":"eduvault-backend","timestamp":"2026-03-31 10:13:59"}
{"level":"info","message":"[2026-03-31T04:43:59.095Z] GET /api/noncgpa/my-records?UserId=3","service":"eduvault-backend","timestamp":"2026-03-31 10:13:59"}
{"level":"info","message":"[2026-03-31T04:44:00.428Z] GET /api/resume/student-data/3","service":"eduvault-backend","timestamp":"2026-03-31 10:14:00"}
{"level":"info","message":"[2026-03-31T04:44:00.467Z] GET /api/resume/student-data/3","service":"eduvault-backend","timestamp":"2026-03-31 10:14:00"}
{"level":"info","message":"[2026-03-31T04:44:43.932Z] GET /api/student/marksheets/3","service":"eduvault-backend","timestamp":"2026-03-31 10:14:43"}
{"level":"info","message":"[2026-03-31T04:44:43.958Z] GET /api/student/marksheets/3","service":"eduvault-backend","timestamp":"2026-03-31 10:14:43"}
{"level":"info","message":"[2026-03-31T04:44:50.394Z] GET /api/placement/companies","service":"eduvault-backend","timestamp":"2026-03-31 10:14:50"}
{"level":"info","message":"[2026-03-31T04:44:50.413Z] GET /api/placement/companies","service":"eduvault-backend","timestamp":"2026-03-31 10:14:50"}
{"level":"info","message":"[2026-03-31T04:44:56.201Z] GET /api/get-user/3","service":"eduvault-backend","timestamp":"2026-03-31 10:14:56"}
{"level":"info","message":"[2026-03-31T04:44:56.220Z] GET /api/get-user/3","service":"eduvault-backend","timestamp":"2026-03-31 10:14:56"}
{"level":"info","message":"[2026-03-31T04:44:57.874Z] GET /api/biodata/3","service":"eduvault-backend","timestamp":"2026-03-31 10:14:57"}
{"level":"info","message":"[2026-03-31T04:44:57.901Z] GET /api/biodata/3","service":"eduvault-backend","timestamp":"2026-03-31 10:14:57"}
{"level":"info","message":"[2026-03-31T04:44:57.910Z] GET /api/auth/get-user/3","service":"eduvault-backend","timestamp":"2026-03-31 10:14:57"}
{"level":"info","message":"[2026-03-31T04:44:57.930Z] GET /api/auth/get-user/3","service":"eduvault-backend","timestamp":"2026-03-31 10:14:57"}
{"level":"info","message":"[2026-03-31T04:44:57.935Z] GET /api/approved-events/3","service":"eduvault-backend","timestamp":"2026-03-31 10:14:57"}
{"level":"info","message":"[2026-03-31T04:44:57.948Z] GET /api/approved-events/3","service":"eduvault-backend","timestamp":"2026-03-31 10:14:57"}
{"level":"info","message":"[2026-03-31T04:44:57.953Z] GET /api/user-courses/3","service":"eduvault-backend","timestamp":"2026-03-31 10:14:57"}
{"level":"info","message":"[2026-03-31T04:44:57.966Z] GET /api/user-courses/3","service":"eduvault-backend","timestamp":"2026-03-31 10:14:57"}
{"level":"info","message":"[2026-03-31T04:44:57.972Z] GET /api/approved-events-organized/3","service":"eduvault-backend","timestamp":"2026-03-31 10:14:57"}
{"level":"info","message":"[2026-03-31T04:44:57.990Z] GET /api/approved-events-organized/3","service":"eduvault-backend","timestamp":"2026-03-31 10:14:57"}
{"level":"info","message":"[2026-03-31T04:44:57.993Z] GET /api/approved-internships/3","service":"eduvault-backend","timestamp":"2026-03-31 10:14:57"}
{"level":"info","message":"[2026-03-31T04:44:58.007Z] GET /api/approved-internships/3","service":"eduvault-backend","timestamp":"2026-03-31 10:14:58"}
{"level":"info","message":"[2026-03-31T04:44:58.010Z] GET /api/fetch-scholarships/3","service":"eduvault-backend","timestamp":"2026-03-31 10:14:58"}
{"level":"info","message":"[2026-03-31T04:44:58.020Z] GET /api/fetch-scholarships/3","service":"eduvault-backend","timestamp":"2026-03-31 10:14:58"}
{"level":"info","message":"[2026-03-31T04:44:58.023Z] GET /api/fetch-leaves/3","service":"eduvault-backend","timestamp":"2026-03-31 10:14:58"}
{"level":"info","message":"[2026-03-31T04:44:58.033Z] GET /api/fetch-leaves/3","service":"eduvault-backend","timestamp":"2026-03-31 10:14:58"}
{"level":"info","message":"[2026-03-31T04:44:58.036Z] GET /api/certifications/my-certificates?UserId=3","service":"eduvault-backend","timestamp":"2026-03-31 10:14:58"}
{"level":"info","message":"[2026-03-31T04:44:58.046Z] GET /api/certifications/my-certificates?UserId=3","service":"eduvault-backend","timestamp":"2026-03-31 10:14:58"}
{"level":"info","message":"[2026-03-31T04:44:58.049Z] GET /api/student-hackathons/my-registrations?UserId=3","service":"eduvault-backend","timestamp":"2026-03-31 10:14:58"}
{"level":"info","message":"[2026-03-31T04:44:58.063Z] GET /api/student-hackathons/my-registrations?UserId=3","service":"eduvault-backend","timestamp":"2026-03-31 10:14:58"}
{"level":"info","message":"[2026-03-31T04:47:03.032Z] GET /api/placement/companies","service":"eduvault-backend","timestamp":"2026-03-31 10:17:03"}
{"level":"info","message":"[2026-03-31T04:47:03.055Z] GET /api/placement/companies","service":"eduvault-backend","timestamp":"2026-03-31 10:17:03"}
{"level":"info","message":"[2026-03-31T04:47:18.943Z] GET /api/placement/drives","service":"eduvault-backend","timestamp":"2026-03-31 10:17:18"}
{"level":"info","message":"[2026-03-31T04:47:18.948Z] GET /api/placement/registrations/my","service":"eduvault-backend","timestamp":"2026-03-31 10:17:18"}
{"level":"info","message":"[2026-03-31T04:47:18.972Z] GET /api/placement/drives","service":"eduvault-backend","timestamp":"2026-03-31 10:17:18"}
{"level":"info","message":"[2026-03-31T04:47:18.980Z] GET /api/placement/registrations/my","service":"eduvault-backend","timestamp":"2026-03-31 10:17:18"}
{"level":"info","message":"[2026-03-31T04:48:40.546Z] GET /api/pending-internships","service":"eduvault-backend","timestamp":"2026-03-31 10:18:40"}
{"level":"info","message":"[2026-03-31T04:48:40.551Z] GET /api/pending-scholarships","service":"eduvault-backend","timestamp":"2026-03-31 10:18:40"}
{"level":"info","message":"[2026-03-31T04:48:40.553Z] GET /api/event-organized/pending","service":"eduvault-backend","timestamp":"2026-03-31 10:18:40"}
{"level":"info","message":"[2026-03-31T04:48:40.556Z] GET /api/event-attended/pending","service":"eduvault-backend","timestamp":"2026-03-31 10:18:40"}
{"level":"info","message":"[2026-03-31T04:48:40.558Z] GET /api/all/pending-leaves","service":"eduvault-backend","timestamp":"2026-03-31 10:18:40"}
{"level":"info","message":"[2026-03-31T04:48:40.573Z] GET /api/pending-achievements","service":"eduvault-backend","timestamp":"2026-03-31 10:18:40"}
{"level":"info","message":"[2026-03-31T04:48:40.574Z] GET /api/publications/pending","service":"eduvault-backend","timestamp":"2026-03-31 10:18:40"}
{"level":"info","message":"[2026-03-31T04:48:40.576Z] GET /api/competency-coding/pending","service":"eduvault-backend","timestamp":"2026-03-31 10:18:40"}
{"level":"info","message":"[2026-03-31T04:48:40.577Z] GET /api/online-courses/pending","service":"eduvault-backend","timestamp":"2026-03-31 10:18:40"}
{"level":"info","message":"[2026-03-31T04:48:40.585Z] GET /api/noncgpa/pending","service":"eduvault-backend","timestamp":"2026-03-31 10:18:40"}
{"level":"info","message":"[2026-03-31T04:48:40.586Z] GET /api/projects/pending","service":"eduvault-backend","timestamp":"2026-03-31 10:18:40"}
{"level":"info","message":"[2026-03-31T04:48:40.666Z] GET /api/hackathon/pending","service":"eduvault-backend","timestamp":"2026-03-31 10:18:40"}
{"level":"info","message":"[2026-03-31T04:48:40.670Z] GET /api/extracurricular/pending","service":"eduvault-backend","timestamp":"2026-03-31 10:18:40"}
{"level":"info","message":"[2026-03-31T04:49:07.097Z] GET /api/placement/student-hackathons","service":"eduvault-backend","timestamp":"2026-03-31 10:19:07"}
{"level":"info","message":"[2026-03-31T04:49:07.161Z] GET /api/placement/student-hackathons","service":"eduvault-backend","timestamp":"2026-03-31 10:19:07"}
{"level":"info","message":"[2026-03-31T04:49:09.991Z] GET /api/placement/feedback?limit=10&offset=0","service":"eduvault-backend","timestamp":"2026-03-31 10:19:09"}
{"level":"info","message":"[2026-03-31T04:49:10.028Z] GET /api/placement/feedback?limit=10&offset=0","service":"eduvault-backend","timestamp":"2026-03-31 10:19:10"}
{"level":"info","message":"[2026-03-31T04:51:42.765Z] POST /api/auth/login","service":"eduvault-backend","timestamp":"2026-03-31 10:21:42"}
{"level":"info","message":"[2026-03-31T04:51:55.473Z] POST /api/auth/login","service":"eduvault-backend","timestamp":"2026-03-31 10:21:55"}
{"level":"info","message":"[2026-03-31T04:52:13.051Z] POST /api/auth/login","service":"eduvault-backend","timestamp":"2026-03-31 10:22:13"}
{"level":"info","message":"[2026-03-31T04:53:06.380Z] POST /api/auth/login","service":"eduvault-backend","timestamp":"2026-03-31 10:23:06"}
{"level":"info","message":"[2026-03-31T04:53:06.513Z] GET /api/auth/me","service":"eduvault-backend","timestamp":"2026-03-31 10:23:06"}
{"level":"info","message":"[2026-03-31T04:53:06.531Z] GET /api/get-user/2","service":"eduvault-backend","timestamp":"2026-03-31 10:23:06"}
{"level":"info","message":"[2026-03-31T04:53:06.560Z] GET /api/departments","service":"eduvault-backend","timestamp":"2026-03-31 10:23:06"}
{"level":"info","message":"[2026-03-31T04:53:06.573Z] GET /api/students","service":"eduvault-backend","timestamp":"2026-03-31 10:23:06"}
{"level":"info","message":"[2026-03-31T04:53:06.584Z] GET /api/get-staff?role=Staff","service":"eduvault-backend","timestamp":"2026-03-31 10:23:06"}
{"level":"info","message":"[2026-03-31T04:53:06.588Z] GET /api/department-counts","service":"eduvault-backend","timestamp":"2026-03-31 10:23:06"}
{"level":"info","message":"[2026-03-31T04:53:06.590Z] GET /api/pending-internships","service":"eduvault-backend","timestamp":"2026-03-31 10:23:06"}
{"level":"info","message":"[2026-03-31T04:53:06.617Z] GET /api/pending-scholarships","service":"eduvault-backend","timestamp":"2026-03-31 10:23:06"}
{"level":"info","message":"[2026-03-31T04:53:06.633Z] GET /api/fetch-internships?UserId=2","service":"eduvault-backend","timestamp":"2026-03-31 10:23:06"}
{"level":"info","message":"[2026-03-31T04:53:06.647Z] GET /api/pending-internships?userID=2","service":"eduvault-backend","timestamp":"2026-03-31 10:23:06"}
{"level":"info","message":"[2026-03-31T04:53:06.649Z] GET /api/event-attended/list?UserId=2","service":"eduvault-backend","timestamp":"2026-03-31 10:23:06"}
{"level":"info","message":"[2026-03-31T04:53:06.653Z] GET /api/fetch-scholarships?UserId=2","service":"eduvault-backend","timestamp":"2026-03-31 10:23:06"}
{"level":"info","message":"[2026-03-31T04:53:06.654Z] GET /api/event-organized/approved?UserId=2","service":"eduvault-backend","timestamp":"2026-03-31 10:23:06"}
{"level":"info","message":"[2026-03-31T04:53:06.697Z] GET /api/event-organized/pending","service":"eduvault-backend","timestamp":"2026-03-31 10:23:06"}
{"level":"info","message":"[2026-03-31T04:53:06.725Z] GET /api/event-attended/pending","service":"eduvault-backend","timestamp":"2026-03-31 10:23:06"}
{"level":"info","message":"[2026-03-31T04:53:06.730Z] GET /api/all/pending-leaves","service":"eduvault-backend","timestamp":"2026-03-31 10:23:06"}
{"level":"info","message":"[2026-03-31T04:53:06.748Z] GET /api/online-courses/pending","service":"eduvault-backend","timestamp":"2026-03-31 10:23:06"}
{"level":"info","message":"[2026-03-31T04:53:06.750Z] GET /api/pending-achievements","service":"eduvault-backend","timestamp":"2026-03-31 10:23:06"}
{"level":"info","message":"[2026-03-31T04:53:06.755Z] GET /api/publications/pending","service":"eduvault-backend","timestamp":"2026-03-31 10:23:06"}
{"level":"info","message":"[2026-03-31T04:53:06.758Z] GET /api/competency-coding/pending","service":"eduvault-backend","timestamp":"2026-03-31 10:23:06"}
{"level":"info","message":"[2026-03-31T04:53:06.760Z] GET /api/event-organized/pending?UserId=2","service":"eduvault-backend","timestamp":"2026-03-31 10:23:06"}
{"level":"info","message":"[2026-03-31T04:53:06.762Z] GET /api/noncgpa/pending","service":"eduvault-backend","timestamp":"2026-03-31 10:23:06"}
{"level":"info","message":"[2026-03-31T04:53:06.772Z] GET /api/projects/pending","service":"eduvault-backend","timestamp":"2026-03-31 10:23:06"}
{"level":"info","message":"[2026-03-31T04:53:06.791Z] GET /api/hackathon/pending","service":"eduvault-backend","timestamp":"2026-03-31 10:23:06"}
{"level":"info","message":"[2026-03-31T04:53:06.802Z] GET /api/extracurricular/pending","service":"eduvault-backend","timestamp":"2026-03-31 10:23:06"}
{"level":"info","message":"[2026-03-31T04:53:06.818Z] GET /api/pending-leaves?Userid=2","service":"eduvault-backend","timestamp":"2026-03-31 10:23:06"}
{"level":"info","message":"[2026-03-31T04:53:06.838Z] GET /api/fetch-leaves?Userid=2","service":"eduvault-backend","timestamp":"2026-03-31 10:23:06"}
{"level":"info","message":"[2026-03-31T04:53:06.840Z] GET /api/user-achievements/2","service":"eduvault-backend","timestamp":"2026-03-31 10:23:06"}
{"level":"info","message":"[2026-03-31T04:53:06.856Z] GET /api/publications/my-publications?UserId=2","service":"eduvault-backend","timestamp":"2026-03-31 10:23:06"}
{"level":"info","message":"[2026-03-31T04:53:06.859Z] GET /api/competency-coding/my-record?UserId=2","service":"eduvault-backend","timestamp":"2026-03-31 10:23:06"}
{"level":"info","message":"[2026-03-31T04:53:06.873Z] GET /api/competency-coding/skillrack/summary?UserId=2","service":"eduvault-backend","timestamp":"2026-03-31 10:23:06"}
{"level":"info","message":"[2026-03-31T04:53:06.887Z] GET /api/hackathon/my-events","service":"eduvault-backend","timestamp":"2026-03-31 10:23:06"}
{"level":"info","message":"[2026-03-31T04:53:06.889Z] GET /api/competency-coding/platform/all?UserId=2","service":"eduvault-backend","timestamp":"2026-03-31 10:23:06"}
{"level":"info","message":"[2026-03-31T04:53:06.900Z] GET /api/competency-coding/analytics?UserId=2","service":"eduvault-backend","timestamp":"2026-03-31 10:23:06"}
{"level":"info","message":"[2026-03-31T04:53:06.906Z] GET /api/projects/my-projects?UserId=2","service":"eduvault-backend","timestamp":"2026-03-31 10:23:06"}
{"level":"info","message":"[2026-03-31T04:53:06.910Z] GET /api/extracurricular/my-activities?UserId=2","service":"eduvault-backend","timestamp":"2026-03-31 10:23:06"}
{"level":"info","message":"[2026-03-31T04:53:06.925Z] GET /api/noncgpa/dropdown/categories","service":"eduvault-backend","timestamp":"2026-03-31 10:23:06"}
{"level":"info","message":"[2026-03-31T04:53:06.927Z] GET /api/noncgpa/dropdown/course-names","service":"eduvault-backend","timestamp":"2026-03-31 10:23:06"}
{"level":"info","message":"[2026-03-31T04:53:06.937Z] GET /api/noncgpa/my-records?UserId=2","service":"eduvault-backend","timestamp":"2026-03-31 10:23:06"}
{"level":"info","message":"[2026-03-31T04:53:06.949Z] GET /api/skillrack/my-record?UserId=2","service":"eduvault-backend","timestamp":"2026-03-31 10:23:06"}
{"level":"info","message":"[2026-03-31T04:53:06.951Z] GET /api/skillrack/my-stats?UserId=2","service":"eduvault-backend","timestamp":"2026-03-31 10:23:06"}
{"level":"info","message":"[2026-03-31T04:53:06.961Z] GET /api/noncgpa/dropdown/course-codes","service":"eduvault-backend","timestamp":"2026-03-31 10:23:06"}
{"level":"info","message":"[2026-03-31T04:53:06.963Z] GET /api/student-certificate/list","service":"eduvault-backend","timestamp":"2026-03-31 10:23:06"}
{"level":"info","message":"[2026-03-31T04:53:06.971Z] GET /api/staffs","service":"eduvault-backend","timestamp":"2026-03-31 10:23:06"}
{"level":"info","message":"[2026-03-31T04:53:06.974Z] GET /uploads/profile/profile-2.png","service":"eduvault-backend","timestamp":"2026-03-31 10:23:06"}
{"level":"info","message":"[2026-03-31T04:53:06.981Z] GET /api/seed-money","service":"eduvault-backend","timestamp":"2026-03-31 10:23:06"}
{"level":"info","message":"[2026-03-31T04:53:06.985Z] GET /api/scholars","service":"eduvault-backend","timestamp":"2026-03-31 10:23:06"}
{"level":"info","message":"[2026-03-31T04:53:07.002Z] GET /api/proposals","service":"eduvault-backend","timestamp":"2026-03-31 10:23:07"}
{"level":"info","message":"[2026-03-31T04:53:07.003Z] GET /api/project-proposal","service":"eduvault-backend","timestamp":"2026-03-31 10:23:07"}
{"level":"info","message":"[2026-03-31T04:53:07.012Z] GET /api/events","service":"eduvault-backend","timestamp":"2026-03-31 10:23:07"}
{"level":"info","message":"[2026-03-31T04:53:07.021Z] GET /api/industry","service":"eduvault-backend","timestamp":"2026-03-31 10:23:07"}
{"level":"info","message":"[2026-03-31T04:53:07.022Z] GET /api/certifications","service":"eduvault-backend","timestamp":"2026-03-31 10:23:07"}
{"level":"info","message":"[2026-03-31T04:53:07.023Z] GET /api/book-chapters","service":"eduvault-backend","timestamp":"2026-03-31 10:23:07"}
{"level":"info","message":"[2026-03-31T04:53:07.053Z] GET /api/other/events-organized","service":"eduvault-backend","timestamp":"2026-03-31 10:23:07"}
{"level":"info","message":"[2026-03-31T04:53:07.062Z] GET /api/h-index","service":"eduvault-backend","timestamp":"2026-03-31 10:23:07"}
{"level":"info","message":"[2026-03-31T04:53:07.063Z] GET /api/resource-person","service":"eduvault-backend","timestamp":"2026-03-31 10:23:07"}
{"level":"info","message":"[2026-03-31T04:53:07.068Z] GET /api/recognition","service":"eduvault-backend","timestamp":"2026-03-31 10:23:07"}
{"level":"info","message":"[2026-03-31T04:53:07.071Z] GET /api/patent-product","service":"eduvault-backend","timestamp":"2026-03-31 10:23:07"}
{"level":"info","message":"[2026-03-31T04:53:07.074Z] GET /api/project-mentors","service":"eduvault-backend","timestamp":"2026-03-31 10:23:07"}
{"level":"info","message":"[2026-03-31T04:53:07.082Z] GET /api/departments","service":"eduvault-backend","timestamp":"2026-03-31 10:23:07"}
{"level":"info","message":"[2026-03-31T04:53:07.102Z] GET /api/seed-money","service":"eduvault-backend","timestamp":"2026-03-31 10:23:07"}
{"level":"info","message":"[2026-03-31T04:53:07.109Z] GET /api/scholars","service":"eduvault-backend","timestamp":"2026-03-31 10:23:07"}
{"level":"info","message":"[2026-03-31T04:53:07.111Z] GET /api/project-proposal","service":"eduvault-backend","timestamp":"2026-03-31 10:23:07"}
{"level":"info","message":"[2026-03-31T04:53:07.112Z] GET /api/proposals","service":"eduvault-backend","timestamp":"2026-03-31 10:23:07"}
{"level":"info","message":"[2026-03-31T04:53:07.120Z] GET /api/events","service":"eduvault-backend","timestamp":"2026-03-31 10:23:07"}
{"level":"info","message":"[2026-03-31T04:53:07.121Z] GET /api/other/events-organized","service":"eduvault-backend","timestamp":"2026-03-31 10:23:07"}
{"level":"info","message":"[2026-03-31T04:53:07.135Z] GET /api/book-chapters","service":"eduvault-backend","timestamp":"2026-03-31 10:23:07"}
{"level":"info","message":"[2026-03-31T04:53:07.138Z] GET /api/certifications","service":"eduvault-backend","timestamp":"2026-03-31 10:23:07"}
{"level":"info","message":"[2026-03-31T04:53:07.140Z] GET /api/industry","service":"eduvault-backend","timestamp":"2026-03-31 10:23:07"}
{"level":"info","message":"[2026-03-31T04:53:07.141Z] GET /api/h-index","service":"eduvault-backend","timestamp":"2026-03-31 10:23:07"}
{"level":"info","message":"[2026-03-31T04:53:07.158Z] GET /api/resource-person","service":"eduvault-backend","timestamp":"2026-03-31 10:23:07"}
{"level":"info","message":"[2026-03-31T04:53:07.161Z] GET /api/departments","service":"eduvault-backend","timestamp":"2026-03-31 10:23:07"}
{"level":"info","message":"[2026-03-31T04:53:07.176Z] GET /api/recognition","service":"eduvault-backend","timestamp":"2026-03-31 10:23:07"}
{"level":"info","message":"[2026-03-31T04:53:07.180Z] GET /api/staffs","service":"eduvault-backend","timestamp":"2026-03-31 10:23:07"}
{"level":"info","message":"[2026-03-31T04:53:07.185Z] GET /api/patent-product","service":"eduvault-backend","timestamp":"2026-03-31 10:23:07"}
{"level":"info","message":"[2026-03-31T04:53:07.187Z] GET /api/project-mentors","service":"eduvault-backend","timestamp":"2026-03-31 10:23:07"}
{"level":"info","message":"[2026-03-31T04:53:07.195Z] GET /api/appraisals","service":"eduvault-backend","timestamp":"2026-03-31 10:23:07"}
{"level":"info","message":"[2026-03-31T04:53:07.214Z] GET /api/staffs","service":"eduvault-backend","timestamp":"2026-03-31 10:23:07"}
{"level":"info","message":"[2026-03-31T04:53:07.220Z] GET /api/appraisals","service":"eduvault-backend","timestamp":"2026-03-31 10:23:07"}
{"level":"info","message":"[2026-03-31T04:53:12.106Z] GET /api/pending-internships","service":"eduvault-backend","timestamp":"2026-03-31 10:23:12"}
{"level":"info","message":"[2026-03-31T04:53:12.111Z] GET /api/pending-scholarships","service":"eduvault-backend","timestamp":"2026-03-31 10:23:12"}
{"level":"info","message":"[2026-03-31T04:53:12.114Z] GET /api/event-organized/pending","service":"eduvault-backend","timestamp":"2026-03-31 10:23:12"}
{"level":"info","message":"[2026-03-31T04:53:12.118Z] GET /api/event-attended/pending","service":"eduvault-backend","timestamp":"2026-03-31 10:23:12"}
{"level":"info","message":"[2026-03-31T04:53:12.119Z] GET /api/all/pending-leaves","service":"eduvault-backend","timestamp":"2026-03-31 10:23:12"}
{"level":"info","message":"[2026-03-31T04:53:12.122Z] GET /api/online-courses/pending","service":"eduvault-backend","timestamp":"2026-03-31 10:23:12"}
{"level":"info","message":"[2026-03-31T04:53:12.134Z] GET /api/pending-achievements","service":"eduvault-backend","timestamp":"2026-03-31 10:23:12"}
{"level":"info","message":"[2026-03-31T04:53:12.137Z] GET /api/publications/pending","service":"eduvault-backend","timestamp":"2026-03-31 10:23:12"}
{"level":"info","message":"[2026-03-31T04:53:12.139Z] GET /api/competency-coding/pending","service":"eduvault-backend","timestamp":"2026-03-31 10:23:12"}
{"level":"info","message":"[2026-03-31T04:53:12.144Z] GET /api/noncgpa/pending","service":"eduvault-backend","timestamp":"2026-03-31 10:23:12"}
{"level":"info","message":"[2026-03-31T04:53:12.147Z] GET /api/projects/pending","service":"eduvault-backend","timestamp":"2026-03-31 10:23:12"}
{"level":"info","message":"[2026-03-31T04:53:12.156Z] GET /api/hackathon/pending","service":"eduvault-backend","timestamp":"2026-03-31 10:23:12"}
{"level":"info","message":"[2026-03-31T04:53:12.170Z] GET /api/extracurricular/pending","service":"eduvault-backend","timestamp":"2026-03-31 10:23:12"}
{"level":"info","message":"[2026-03-31T04:53:12.173Z] GET /api/pending-scholarships","service":"eduvault-backend","timestamp":"2026-03-31 10:23:12"}
{"level":"info","message":"[2026-03-31T04:53:12.181Z] GET /api/event-organized/pending","service":"eduvault-backend","timestamp":"2026-03-31 10:23:12"}
{"level":"info","message":"[2026-03-31T04:53:12.187Z] GET /api/event-attended/pending","service":"eduvault-backend","timestamp":"2026-03-31 10:23:12"}
{"level":"info","message":"[2026-03-31T04:53:12.193Z] GET /api/all/pending-leaves","service":"eduvault-backend","timestamp":"2026-03-31 10:23:12"}
{"level":"info","message":"[2026-03-31T04:53:12.198Z] GET /api/pending-achievements","service":"eduvault-backend","timestamp":"2026-03-31 10:23:12"}
{"level":"info","message":"[2026-03-31T04:53:12.210Z] GET /api/pending-internships","service":"eduvault-backend","timestamp":"2026-03-31 10:23:12"}
{"level":"info","message":"[2026-03-31T04:53:12.213Z] GET /api/online-courses/pending","service":"eduvault-backend","timestamp":"2026-03-31 10:23:12"}
{"level":"info","message":"[2026-03-31T04:53:12.215Z] GET /api/publications/pending","service":"eduvault-backend","timestamp":"2026-03-31 10:23:12"}
{"level":"info","message":"[2026-03-31T04:53:12.218Z] GET /api/competency-coding/pending","service":"eduvault-backend","timestamp":"2026-03-31 10:23:12"}
{"level":"info","message":"[2026-03-31T04:53:12.220Z] GET /api/noncgpa/pending","service":"eduvault-backend","timestamp":"2026-03-31 10:23:12"}
{"level":"info","message":"[2026-03-31T04:53:12.227Z] GET /api/projects/pending","service":"eduvault-backend","timestamp":"2026-03-31 10:23:12"}
{"level":"info","message":"[2026-03-31T04:53:12.266Z] GET /api/hackathon/pending","service":"eduvault-backend","timestamp":"2026-03-31 10:23:12"}
{"level":"info","message":"[2026-03-31T04:53:12.268Z] GET /api/extracurricular/pending","service":"eduvault-backend","timestamp":"2026-03-31 10:23:12"}
{"level":"info","message":"[2026-03-31T04:53:14.670Z] GET /api/students","service":"eduvault-backend","timestamp":"2026-03-31 10:23:14"}
{"level":"info","message":"[2026-03-31T04:53:14.674Z] GET /api/get-staff?role=Staff","service":"eduvault-backend","timestamp":"2026-03-31 10:23:14"}
{"level":"info","message":"[2026-03-31T04:53:14.680Z] GET /api/department-counts","service":"eduvault-backend","timestamp":"2026-03-31 10:23:14"}
{"level":"info","message":"[2026-03-31T04:53:14.729Z] GET /api/department-counts","service":"eduvault-backend","timestamp":"2026-03-31 10:23:14"}
{"level":"info","message":"[2026-03-31T04:53:14.818Z] GET /api/students","service":"eduvault-backend","timestamp":"2026-03-31 10:23:14"}
{"level":"info","message":"[2026-03-31T04:53:14.829Z] GET /api/get-staff?role=Staff","service":"eduvault-backend","timestamp":"2026-03-31 10:23:14"}
{"level":"info","message":"[2026-03-31T04:53:14.858Z] GET /api/get-user/2","service":"eduvault-backend","timestamp":"2026-03-31 10:23:14"}
{"level":"info","message":"[2026-03-31T04:53:14.893Z] GET /api/get-user/2","service":"eduvault-backend","timestamp":"2026-03-31 10:23:14"}
{"level":"info","message":"[2026-03-31T04:53:21.668Z] GET /api/pending-internships","service":"eduvault-backend","timestamp":"2026-03-31 10:23:21"}
{"level":"info","message":"[2026-03-31T04:53:21.675Z] GET /api/pending-scholarships","service":"eduvault-backend","timestamp":"2026-03-31 10:23:21"}
{"level":"info","message":"[2026-03-31T04:53:21.687Z] GET /api/event-organized/pending","service":"eduvault-backend","timestamp":"2026-03-31 10:23:21"}
{"level":"info","message":"[2026-03-31T04:53:21.692Z] GET /api/event-attended/pending","service":"eduvault-backend","timestamp":"2026-03-31 10:23:21"}
{"level":"info","message":"[2026-03-31T04:53:21.695Z] GET /api/all/pending-leaves","service":"eduvault-backend","timestamp":"2026-03-31 10:23:21"}
{"level":"info","message":"[2026-03-31T04:53:21.697Z] GET /api/online-courses/pending","service":"eduvault-backend","timestamp":"2026-03-31 10:23:21"}
{"level":"info","message":"[2026-03-31T04:53:21.712Z] GET /api/pending-achievements","service":"eduvault-backend","timestamp":"2026-03-31 10:23:21"}
{"level":"info","message":"[2026-03-31T04:53:21.713Z] GET /api/publications/pending","service":"eduvault-backend","timestamp":"2026-03-31 10:23:21"}
{"level":"info","message":"[2026-03-31T04:53:21.715Z] GET /api/competency-coding/pending","service":"eduvault-backend","timestamp":"2026-03-31 10:23:21"}
{"level":"info","message":"[2026-03-31T04:53:21.717Z] GET /api/noncgpa/pending","service":"eduvault-backend","timestamp":"2026-03-31 10:23:21"}
{"level":"info","message":"[2026-03-31T04:53:21.727Z] GET /api/projects/pending","service":"eduvault-backend","timestamp":"2026-03-31 10:23:21"}
{"level":"info","message":"[2026-03-31T04:53:21.738Z] GET /api/hackathon/pending","service":"eduvault-backend","timestamp":"2026-03-31 10:23:21"}
{"level":"info","message":"[2026-03-31T04:53:21.748Z] GET /api/extracurricular/pending","service":"eduvault-backend","timestamp":"2026-03-31 10:23:21"}
{"level":"info","message":"[2026-03-31T04:53:21.750Z] GET /api/pending-scholarships","service":"eduvault-backend","timestamp":"2026-03-31 10:23:21"}
{"level":"info","message":"[2026-03-31T04:53:21.755Z] GET /api/event-organized/pending","service":"eduvault-backend","timestamp":"2026-03-31 10:23:21"}
{"level":"info","message":"[2026-03-31T04:53:21.757Z] GET /api/event-attended/pending","service":"eduvault-backend","timestamp":"2026-03-31 10:23:21"}
{"level":"info","message":"[2026-03-31T04:53:21.761Z] GET /api/all/pending-leaves","service":"eduvault-backend","timestamp":"2026-03-31 10:23:21"}
{"level":"info","message":"[2026-03-31T04:53:21.765Z] GET /api/pending-achievements","service":"eduvault-backend","timestamp":"2026-03-31 10:23:21"}
{"level":"info","message":"[2026-03-31T04:53:21.771Z] GET /api/pending-internships","service":"eduvault-backend","timestamp":"2026-03-31 10:23:21"}
{"level":"info","message":"[2026-03-31T04:53:21.773Z] GET /api/online-courses/pending","service":"eduvault-backend","timestamp":"2026-03-31 10:23:21"}
{"level":"info","message":"[2026-03-31T04:53:21.775Z] GET /api/publications/pending","service":"eduvault-backend","timestamp":"2026-03-31 10:23:21"}
{"level":"info","message":"[2026-03-31T04:53:21.776Z] GET /api/competency-coding/pending","service":"eduvault-backend","timestamp":"2026-03-31 10:23:21"}
{"level":"info","message":"[2026-03-31T04:53:21.777Z] GET /api/noncgpa/pending","service":"eduvault-backend","timestamp":"2026-03-31 10:23:21"}
{"level":"info","message":"[2026-03-31T04:53:21.783Z] GET /api/projects/pending","service":"eduvault-backend","timestamp":"2026-03-31 10:23:21"}
{"level":"info","message":"[2026-03-31T04:53:21.806Z] GET /api/hackathon/pending","service":"eduvault-backend","timestamp":"2026-03-31 10:23:21"}
{"level":"info","message":"[2026-03-31T04:53:21.808Z] GET /api/extracurricular/pending","service":"eduvault-backend","timestamp":"2026-03-31 10:23:21"}
{"level":"info","message":"[2026-03-31T04:53:32.106Z] GET /api/students","service":"eduvault-backend","timestamp":"2026-03-31 10:23:32"}
{"level":"info","message":"[2026-03-31T04:53:32.109Z] GET /api/departments","service":"eduvault-backend","timestamp":"2026-03-31 10:23:32"}
{"level":"info","message":"[2026-03-31T04:53:32.123Z] GET /api/departments","service":"eduvault-backend","timestamp":"2026-03-31 10:23:32"}
{"level":"info","message":"[2026-03-31T04:53:32.128Z] GET /api/students","service":"eduvault-backend","timestamp":"2026-03-31 10:23:32"}
{"level":"info","message":"[2026-03-31T04:53:32.139Z] GET /uploads/default.jpg","service":"eduvault-backend","timestamp":"2026-03-31 10:23:32"}
{"level":"info","message":"[2026-03-31T04:53:34.420Z] GET /api/students","service":"eduvault-backend","timestamp":"2026-03-31 10:23:34"}
{"level":"info","message":"[2026-03-31T04:53:34.425Z] GET /api/get-staff?role=Staff","service":"eduvault-backend","timestamp":"2026-03-31 10:23:34"}
{"level":"info","message":"[2026-03-31T04:53:34.428Z] GET /api/department-counts","service":"eduvault-backend","timestamp":"2026-03-31 10:23:34"}
{"level":"info","message":"[2026-03-31T04:53:34.443Z] GET /api/department-counts","service":"eduvault-backend","timestamp":"2026-03-31 10:23:34"}
{"level":"info","message":"[2026-03-31T04:53:34.450Z] GET /api/students","service":"eduvault-backend","timestamp":"2026-03-31 10:23:34"}
{"level":"info","message":"[2026-03-31T04:53:34.454Z] GET /api/get-staff?role=Staff","service":"eduvault-backend","timestamp":"2026-03-31 10:23:34"}
{"level":"info","message":"[2026-03-31T04:53:34.507Z] GET /api/biodata/3","service":"eduvault-backend","timestamp":"2026-03-31 10:23:34"}
{"level":"info","message":"[2026-03-31T04:53:34.527Z] GET /api/biodata/3","service":"eduvault-backend","timestamp":"2026-03-31 10:23:34"}
{"level":"info","message":"[2026-03-31T04:53:34.530Z] GET /api/auth/get-user/3","service":"eduvault-backend","timestamp":"2026-03-31 10:23:34"}
{"level":"info","message":"[2026-03-31T04:53:34.548Z] GET /api/approved-events/3","service":"eduvault-backend","timestamp":"2026-03-31 10:23:34"}
{"level":"info","message":"[2026-03-31T04:53:34.552Z] GET /api/auth/get-user/3","service":"eduvault-backend","timestamp":"2026-03-31 10:23:34"}
{"level":"info","message":"[2026-03-31T04:53:34.563Z] GET /api/user-courses/3","service":"eduvault-backend","timestamp":"2026-03-31 10:23:34"}
{"level":"info","message":"[2026-03-31T04:53:34.567Z] GET /api/approved-events/3","service":"eduvault-backend","timestamp":"2026-03-31 10:23:34"}
{"level":"info","message":"[2026-03-31T04:53:34.578Z] GET /api/approved-events-organized/3","service":"eduvault-backend","timestamp":"2026-03-31 10:23:34"}
{"level":"info","message":"[2026-03-31T04:53:34.582Z] GET /api/user-courses/3","service":"eduvault-backend","timestamp":"2026-03-31 10:23:34"}
{"level":"info","message":"[2026-03-31T04:53:34.594Z] GET /api/approved-internships/3","service":"eduvault-backend","timestamp":"2026-03-31 10:23:34"}
{"level":"info","message":"[2026-03-31T04:53:34.597Z] GET /api/approved-events-organized/3","service":"eduvault-backend","timestamp":"2026-03-31 10:23:34"}
{"level":"info","message":"[2026-03-31T04:53:34.610Z] GET /api/fetch-scholarships/3","service":"eduvault-backend","timestamp":"2026-03-31 10:23:34"}
{"level":"info","message":"[2026-03-31T04:53:34.612Z] GET /api/approved-internships/3","service":"eduvault-backend","timestamp":"2026-03-31 10:23:34"}
{"level":"info","message":"[2026-03-31T04:53:34.622Z] GET /api/fetch-scholarships/3","service":"eduvault-backend","timestamp":"2026-03-31 10:23:34"}
{"level":"info","message":"[2026-03-31T04:53:34.625Z] GET /api/fetch-leaves/3","service":"eduvault-backend","timestamp":"2026-03-31 10:23:34"}
{"level":"info","message":"[2026-03-31T04:53:34.634Z] GET /api/fetch-leaves/3","service":"eduvault-backend","timestamp":"2026-03-31 10:23:34"}
{"level":"info","message":"[2026-03-31T04:53:34.637Z] GET /api/certifications/my-certificates?UserId=3","service":"eduvault-backend","timestamp":"2026-03-31 10:23:34"}
{"level":"info","message":"[2026-03-31T04:53:34.646Z] GET /api/certifications/my-certificates?UserId=3","service":"eduvault-backend","timestamp":"2026-03-31 10:23:34"}
{"level":"info","message":"[2026-03-31T04:53:34.649Z] GET /api/student-hackathons?UserId=3","service":"eduvault-backend","timestamp":"2026-03-31 10:23:34"}
{"level":"info","message":"[2026-03-31T04:53:34.671Z] GET /api/student-hackathons?UserId=3","service":"eduvault-backend","timestamp":"2026-03-31 10:23:34"}
{"level":"info","message":"[2026-03-31T04:53:34.674Z] GET /api/extracurricular/my-records?UserId=3","service":"eduvault-backend","timestamp":"2026-03-31 10:23:34"}
{"level":"info","message":"[2026-03-31T04:53:34.690Z] GET /api/extracurricular/my-records?UserId=3","service":"eduvault-backend","timestamp":"2026-03-31 10:23:34"}
{"level":"info","message":"[2026-03-31T04:53:41.529Z] GET /api/student-education/pending-approvals","service":"eduvault-backend","timestamp":"2026-03-31 10:23:41"}
{"level":"info","message":"[2026-03-31T04:53:41.544Z] GET /api/student-education/pending-approvals","service":"eduvault-backend","timestamp":"2026-03-31 10:23:41"}
{"level":"info","message":"[2026-03-31T04:53:43.388Z] GET /api/skillrack/all-records","service":"eduvault-backend","timestamp":"2026-03-31 10:23:43"}
{"level":"info","message":"[2026-03-31T04:53:43.424Z] GET /api/skillrack/all-records","service":"eduvault-backend","timestamp":"2026-03-31 10:23:43"}
{"level":"info","message":"[2026-03-31T04:53:44.198Z] GET /api/staff/staff","service":"eduvault-backend","timestamp":"2026-03-31 10:23:44"}
{"level":"info","message":"[2026-03-31T04:53:44.221Z] GET /api/staff/staff","service":"eduvault-backend","timestamp":"2026-03-31 10:23:44"}
{"level":"info","message":"[2026-03-31T04:54:10.752Z] GET /api/resume-staff/staff-data/2","service":"eduvault-backend","timestamp":"2026-03-31 10:24:10"}
{"level":"info","message":"[2026-03-31T04:54:10.951Z] GET /api/resume-staff/staff-data/2","service":"eduvault-backend","timestamp":"2026-03-31 10:24:10"}
{"level":"info","message":"[2026-03-31T04:54:10.955Z] GET /api/resume-staff/profile-image/2","service":"eduvault-backend","timestamp":"2026-03-31 10:24:10"}
{"level":"info","message":"[2026-03-31T04:54:11.022Z] GET /api/resume-staff/profile-image/2","service":"eduvault-backend","timestamp":"2026-03-31 10:24:11"}
{"level":"info","message":"[2026-03-31T04:54:30.027Z] GET /api/staff/tlp","service":"eduvault-backend","timestamp":"2026-03-31 10:24:30"}
{"level":"info","message":"[2026-03-31T04:54:30.074Z] GET /api/staff/tlp","service":"eduvault-backend","timestamp":"2026-03-31 10:24:30"}
{"level":"info","message":"[2026-03-31T04:54:41.292Z] POST /api/staff/tlp/submit","service":"eduvault-backend","timestamp":"2026-03-31 10:24:41"}
{"level":"info","message":"[2026-03-31T04:54:41.340Z] GET /api/staff/tlp","service":"eduvault-backend","timestamp":"2026-03-31 10:24:41"}
{"level":"info","message":"[2026-03-31T04:54:45.930Z] GET /api/activity","service":"eduvault-backend","timestamp":"2026-03-31 10:24:45"}
{"level":"info","message":"[2026-03-31T04:54:45.959Z] GET /api/activity","service":"eduvault-backend","timestamp":"2026-03-31 10:24:45"}
{"level":"info","message":"[2026-03-31T04:55:17.309Z] POST /api/activity/submit","service":"eduvault-backend","timestamp":"2026-03-31 10:25:17"}
{"level":"info","message":"[2026-03-31T04:55:17.380Z] GET /api/activity","service":"eduvault-backend","timestamp":"2026-03-31 10:25:17"}
{"level":"info","message":"[2026-03-31T04:58:06.894Z] GET /api/pending-internships","service":"eduvault-backend","timestamp":"2026-03-31 10:28:06"}
{"level":"info","message":"[2026-03-31T04:58:06.899Z] GET /api/pending-scholarships","service":"eduvault-backend","timestamp":"2026-03-31 10:28:06"}
{"level":"info","message":"[2026-03-31T04:58:06.902Z] GET /api/event-organized/pending","service":"eduvault-backend","timestamp":"2026-03-31 10:28:06"}
{"level":"info","message":"[2026-03-31T04:58:06.905Z] GET /api/event-attended/pending","service":"eduvault-backend","timestamp":"2026-03-31 10:28:06"}
{"level":"info","message":"[2026-03-31T04:58:06.917Z] GET /api/pending-achievements","service":"eduvault-backend","timestamp":"2026-03-31 10:28:06"}
{"level":"info","message":"[2026-03-31T04:58:06.918Z] GET /api/all/pending-leaves","service":"eduvault-backend","timestamp":"2026-03-31 10:28:06"}
{"level":"info","message":"[2026-03-31T04:58:06.920Z] GET /api/online-courses/pending","service":"eduvault-backend","timestamp":"2026-03-31 10:28:06"}
{"level":"info","message":"[2026-03-31T04:58:06.925Z] GET /api/publications/pending","service":"eduvault-backend","timestamp":"2026-03-31 10:28:06"}
{"level":"info","message":"[2026-03-31T04:58:06.927Z] GET /api/competency-coding/pending","service":"eduvault-backend","timestamp":"2026-03-31 10:28:06"}
{"level":"info","message":"[2026-03-31T04:58:06.929Z] GET /api/noncgpa/pending","service":"eduvault-backend","timestamp":"2026-03-31 10:28:06"}
{"level":"info","message":"[2026-03-31T04:58:06.931Z] GET /api/projects/pending","service":"eduvault-backend","timestamp":"2026-03-31 10:28:06"}
{"level":"info","message":"[2026-03-31T04:58:06.977Z] GET /api/hackathon/pending","service":"eduvault-backend","timestamp":"2026-03-31 10:28:06"}
{"level":"info","message":"[2026-03-31T04:58:06.984Z] GET /api/extracurricular/pending","service":"eduvault-backend","timestamp":"2026-03-31 10:28:06"}
{"level":"info","message":"[2026-03-31T05:01:01.939Z] GET /api/placement/eligibility/filter-options","service":"eduvault-backend","timestamp":"2026-03-31 10:31:01"}
{"level":"info","message":"[2026-03-31T05:01:01.942Z] GET /api/placement/eligibility/eligible-students?staffId=2","service":"eduvault-backend","timestamp":"2026-03-31 10:31:01"}
{"level":"info","message":"[2026-03-31T05:01:02.018Z] GET /api/placement/eligibility/eligible-students?staffId=2","service":"eduvault-backend","timestamp":"2026-03-31 10:31:02"}
{"level":"info","message":"[2026-03-31T05:01:02.038Z] GET /api/placement/eligibility/filter-options","service":"eduvault-backend","timestamp":"2026-03-31 10:31:02"}
{"level":"info","message":"[2026-03-31T05:01:27.821Z] GET /api/resume-staff/staff-data/2","service":"eduvault-backend","timestamp":"2026-03-31 10:31:27"}
{"level":"info","message":"[2026-03-31T05:01:28.010Z] GET /api/resume-staff/staff-data/2","service":"eduvault-backend","timestamp":"2026-03-31 10:31:28"}
{"level":"info","message":"[2026-03-31T05:01:28.016Z] GET /api/resume-staff/profile-image/2","service":"eduvault-backend","timestamp":"2026-03-31 10:31:28"}
{"level":"info","message":"[2026-03-31T05:01:28.064Z] GET /api/resume-staff/profile-image/2","service":"eduvault-backend","timestamp":"2026-03-31 10:31:28"}
{"level":"info","message":"[2026-03-31T05:01:56.840Z] GET /api/scholars","service":"eduvault-backend","timestamp":"2026-03-31 10:31:56"}
{"level":"info","message":"[2026-03-31T05:01:56.848Z] GET /api/seed-money","service":"eduvault-backend","timestamp":"2026-03-31 10:31:56"}
{"level":"info","message":"[2026-03-31T05:01:56.869Z] GET /api/project-proposal","service":"eduvault-backend","timestamp":"2026-03-31 10:31:56"}
{"level":"info","message":"[2026-03-31T05:01:56.877Z] GET /api/proposals","service":"eduvault-backend","timestamp":"2026-03-31 10:31:56"}
{"level":"info","message":"[2026-03-31T05:01:56.879Z] GET /api/events","service":"eduvault-backend","timestamp":"2026-03-31 10:31:56"}
{"level":"info","message":"[2026-03-31T05:01:56.917Z] GET /api/industry","service":"eduvault-backend","timestamp":"2026-03-31 10:31:56"}
{"level":"info","message":"[2026-03-31T05:01:56.989Z] GET /api/certifications","service":"eduvault-backend","timestamp":"2026-03-31 10:31:56"}
{"level":"info","message":"[2026-03-31T05:01:56.992Z] GET /api/book-chapters","service":"eduvault-backend","timestamp":"2026-03-31 10:31:56"}
{"level":"info","message":"[2026-03-31T05:01:56.996Z] GET /api/other/events-organized","service":"eduvault-backend","timestamp":"2026-03-31 10:31:56"}
{"level":"info","message":"[2026-03-31T05:01:56.999Z] GET /api/h-index","service":"eduvault-backend","timestamp":"2026-03-31 10:31:56"}
{"level":"info","message":"[2026-03-31T05:01:57.003Z] GET /api/resource-person","service":"eduvault-backend","timestamp":"2026-03-31 10:31:57"}
{"level":"info","message":"[2026-03-31T05:01:57.013Z] GET /api/recognition","service":"eduvault-backend","timestamp":"2026-03-31 10:31:57"}
{"level":"info","message":"[2026-03-31T05:01:57.018Z] GET /api/project-mentors","service":"eduvault-backend","timestamp":"2026-03-31 10:31:57"}
{"level":"info","message":"[2026-03-31T05:01:57.030Z] GET /api/patent-product","service":"eduvault-backend","timestamp":"2026-03-31 10:31:57"}
{"level":"info","message":"[2026-03-31T05:01:57.040Z] GET /api/project-proposal","service":"eduvault-backend","timestamp":"2026-03-31 10:31:57"}
{"level":"info","message":"[2026-03-31T05:01:57.044Z] GET /api/seed-money","service":"eduvault-backend","timestamp":"2026-03-31 10:31:57"}
{"level":"info","message":"[2026-03-31T05:01:57.055Z] GET /api/scholars","service":"eduvault-backend","timestamp":"2026-03-31 10:31:57"}
{"level":"info","message":"[2026-03-31T05:01:57.057Z] GET /api/events","service":"eduvault-backend","timestamp":"2026-03-31 10:31:57"}
{"level":"info","message":"[2026-03-31T05:01:57.065Z] GET /api/proposals","service":"eduvault-backend","timestamp":"2026-03-31 10:31:57"}
{"level":"info","message":"[2026-03-31T05:01:57.076Z] GET /api/industry","service":"eduvault-backend","timestamp":"2026-03-31 10:31:57"}
{"level":"info","message":"[2026-03-31T05:01:57.079Z] GET /api/other/events-organized","service":"eduvault-backend","timestamp":"2026-03-31 10:31:57"}
{"level":"info","message":"[2026-03-31T05:01:57.090Z] GET /api/certifications","service":"eduvault-backend","timestamp":"2026-03-31 10:31:57"}
{"level":"info","message":"[2026-03-31T05:01:57.092Z] GET /api/book-chapters","service":"eduvault-backend","timestamp":"2026-03-31 10:31:57"}
{"level":"info","message":"[2026-03-31T05:01:57.098Z] GET /api/h-index","service":"eduvault-backend","timestamp":"2026-03-31 10:31:57"}
{"level":"info","message":"[2026-03-31T05:01:57.102Z] GET /api/resource-person","service":"eduvault-backend","timestamp":"2026-03-31 10:31:57"}
{"level":"info","message":"[2026-03-31T05:01:57.124Z] GET /api/recognition","service":"eduvault-backend","timestamp":"2026-03-31 10:31:57"}
{"level":"info","message":"[2026-03-31T05:01:57.129Z] GET /api/project-mentors","service":"eduvault-backend","timestamp":"2026-03-31 10:31:57"}
{"level":"info","message":"[2026-03-31T05:01:57.131Z] GET /api/patent-product","service":"eduvault-backend","timestamp":"2026-03-31 10:31:57"}
{"level":"info","message":"[2026-03-31T05:01:57.139Z] GET /api/appraisals","service":"eduvault-backend","timestamp":"2026-03-31 10:31:57"}
{"level":"info","message":"[2026-03-31T05:01:57.168Z] GET /api/appraisals","service":"eduvault-backend","timestamp":"2026-03-31 10:31:57"}
{"level":"info","message":"[2026-03-31T05:01:59.335Z] GET /api/resume-staff/staff-data/2","service":"eduvault-backend","timestamp":"2026-03-31 10:31:59"}
{"level":"info","message":"[2026-03-31T05:01:59.438Z] GET /api/resume-staff/profile-image/2","service":"eduvault-backend","timestamp":"2026-03-31 10:31:59"}
{"level":"info","message":"[2026-03-31T05:02:51.463Z] GET /api/pending-internships","service":"eduvault-backend","timestamp":"2026-03-31 10:32:51"}
{"level":"info","message":"[2026-03-31T05:02:51.467Z] GET /api/pending-scholarships","service":"eduvault-backend","timestamp":"2026-03-31 10:32:51"}
{"level":"info","message":"[2026-03-31T05:02:51.478Z] GET /api/event-organized/pending","service":"eduvault-backend","timestamp":"2026-03-31 10:32:51"}
{"level":"info","message":"[2026-03-31T05:02:51.479Z] GET /api/event-attended/pending","service":"eduvault-backend","timestamp":"2026-03-31 10:32:51"}
{"level":"info","message":"[2026-03-31T05:02:51.481Z] GET /api/all/pending-leaves","service":"eduvault-backend","timestamp":"2026-03-31 10:32:51"}
{"level":"info","message":"[2026-03-31T05:02:51.482Z] GET /api/pending-achievements","service":"eduvault-backend","timestamp":"2026-03-31 10:32:51"}
{"level":"info","message":"[2026-03-31T05:02:51.488Z] GET /api/online-courses/pending","service":"eduvault-backend","timestamp":"2026-03-31 10:32:51"}
{"level":"info","message":"[2026-03-31T05:02:51.493Z] GET /api/competency-coding/pending","service":"eduvault-backend","timestamp":"2026-03-31 10:32:51"}
{"level":"info","message":"[2026-03-31T05:02:51.495Z] GET /api/noncgpa/pending","service":"eduvault-backend","timestamp":"2026-03-31 10:32:51"}
{"level":"info","message":"[2026-03-31T05:02:51.502Z] GET /api/publications/pending","service":"eduvault-backend","timestamp":"2026-03-31 10:32:51"}
{"level":"info","message":"[2026-03-31T05:02:51.504Z] GET /api/projects/pending","service":"eduvault-backend","timestamp":"2026-03-31 10:32:51"}
{"level":"info","message":"[2026-03-31T05:02:51.538Z] GET /api/extracurricular/pending","service":"eduvault-backend","timestamp":"2026-03-31 10:32:51"}
{"level":"info","message":"[2026-03-31T05:02:51.543Z] GET /api/hackathon/pending","service":"eduvault-backend","timestamp":"2026-03-31 10:32:51"}
{"level":"info","message":"[2026-03-31T05:02:51.556Z] GET /api/pending-scholarships","service":"eduvault-backend","timestamp":"2026-03-31 10:32:51"}
{"level":"info","message":"[2026-03-31T05:02:51.563Z] GET /api/event-organized/pending","service":"eduvault-backend","timestamp":"2026-03-31 10:32:51"}
{"level":"info","message":"[2026-03-31T05:02:51.573Z] GET /api/event-attended/pending","service":"eduvault-backend","timestamp":"2026-03-31 10:32:51"}
{"level":"info","message":"[2026-03-31T05:02:51.577Z] GET /api/all/pending-leaves","service":"eduvault-backend","timestamp":"2026-03-31 10:32:51"}
{"level":"info","message":"[2026-03-31T05:02:51.582Z] GET /api/pending-achievements","service":"eduvault-backend","timestamp":"2026-03-31 10:32:51"}
{"level":"info","message":"[2026-03-31T05:02:51.593Z] GET /api/pending-internships","service":"eduvault-backend","timestamp":"2026-03-31 10:32:51"}
{"level":"info","message":"[2026-03-31T05:02:51.595Z] GET /api/online-courses/pending","service":"eduvault-backend","timestamp":"2026-03-31 10:32:51"}
{"level":"info","message":"[2026-03-31T05:02:51.597Z] GET /api/competency-coding/pending","service":"eduvault-backend","timestamp":"2026-03-31 10:32:51"}
{"level":"info","message":"[2026-03-31T05:02:51.615Z] GET /api/noncgpa/pending","service":"eduvault-backend","timestamp":"2026-03-31 10:32:51"}
{"level":"info","message":"[2026-03-31T05:02:51.619Z] GET /api/publications/pending","service":"eduvault-backend","timestamp":"2026-03-31 10:32:51"}
{"level":"info","message":"[2026-03-31T05:02:51.631Z] GET /api/projects/pending","service":"eduvault-backend","timestamp":"2026-03-31 10:32:51"}
{"level":"info","message":"[2026-03-31T05:02:51.667Z] GET /api/extracurricular/pending","service":"eduvault-backend","timestamp":"2026-03-31 10:32:51"}
{"level":"info","message":"[2026-03-31T05:02:51.671Z] GET /api/hackathon/pending","service":"eduvault-backend","timestamp":"2026-03-31 10:32:51"}
{"level":"info","message":"[2026-03-31T05:03:06.575Z] GET /api/pending-internships","service":"eduvault-backend","timestamp":"2026-03-31 10:33:06"}
{"level":"info","message":"[2026-03-31T05:03:06.578Z] GET /api/pending-scholarships","service":"eduvault-backend","timestamp":"2026-03-31 10:33:06"}
{"level":"info","message":"[2026-03-31T05:03:06.579Z] GET /api/event-organized/pending","service":"eduvault-backend","timestamp":"2026-03-31 10:33:06"}
{"level":"info","message":"[2026-03-31T05:03:06.581Z] GET /api/event-attended/pending","service":"eduvault-backend","timestamp":"2026-03-31 10:33:06"}
{"level":"info","message":"[2026-03-31T05:03:06.583Z] GET /api/all/pending-leaves","service":"eduvault-backend","timestamp":"2026-03-31 10:33:06"}
{"level":"info","message":"[2026-03-31T05:03:06.595Z] GET /api/pending-achievements","service":"eduvault-backend","timestamp":"2026-03-31 10:33:06"}
{"level":"info","message":"[2026-03-31T05:03:06.596Z] GET /api/publications/pending","service":"eduvault-backend","timestamp":"2026-03-31 10:33:06"}
{"level":"info","message":"[2026-03-31T05:03:06.598Z] GET /api/competency-coding/pending","service":"eduvault-backend","timestamp":"2026-03-31 10:33:06"}
{"level":"info","message":"[2026-03-31T05:03:06.599Z] GET /api/online-courses/pending","service":"eduvault-backend","timestamp":"2026-03-31 10:33:06"}
{"level":"info","message":"[2026-03-31T05:03:06.605Z] GET /api/noncgpa/pending","service":"eduvault-backend","timestamp":"2026-03-31 10:33:06"}
{"level":"info","message":"[2026-03-31T05:03:06.607Z] GET /api/projects/pending","service":"eduvault-backend","timestamp":"2026-03-31 10:33:06"}
{"level":"info","message":"[2026-03-31T05:03:06.617Z] GET /api/hackathon/pending","service":"eduvault-backend","timestamp":"2026-03-31 10:33:06"}
{"level":"info","message":"[2026-03-31T05:03:06.629Z] GET /api/extracurricular/pending","service":"eduvault-backend","timestamp":"2026-03-31 10:33:06"}
{"level":"info","message":"[2026-03-31T05:03:06.747Z] GET /api/students","service":"eduvault-backend","timestamp":"2026-03-31 10:33:06"}
{"level":"info","message":"[2026-03-31T05:03:06.751Z] GET /api/departments","service":"eduvault-backend","timestamp":"2026-03-31 10:33:06"}
{"level":"info","message":"[2026-03-31T05:03:06.764Z] GET /api/students","service":"eduvault-backend","timestamp":"2026-03-31 10:33:06"}
{"level":"info","message":"[2026-03-31T05:03:06.773Z] GET /api/departments","service":"eduvault-backend","timestamp":"2026-03-31 10:33:06"}
{"level":"info","message":"[2026-03-31T05:03:06.781Z] GET /uploads/default.jpg","service":"eduvault-backend","timestamp":"2026-03-31 10:33:06"}
{"level":"info","message":"[2026-03-31T05:06:16.019Z] POST /api/auth/logout","service":"eduvault-backend","timestamp":"2026-03-31 10:36:16"}
{"level":"info","message":"[2026-03-31T05:06:22.008Z] GET /api/departments","service":"eduvault-backend","timestamp":"2026-03-31 10:36:22"}
{"level":"info","message":"[2026-03-31T05:06:22.020Z] GET /api/get-staff?role=Staff","service":"eduvault-backend","timestamp":"2026-03-31 10:36:22"}
{"level":"info","message":"[2026-03-31T05:06:22.029Z] GET /api/states","service":"eduvault-backend","timestamp":"2026-03-31 10:36:22"}
{"level":"info","message":"[2026-03-31T05:06:22.034Z] GET /api/departments","service":"eduvault-backend","timestamp":"2026-03-31 10:36:22"}
{"level":"info","message":"[2026-03-31T05:06:22.072Z] GET /api/get-staff?role=Staff","service":"eduvault-backend","timestamp":"2026-03-31 10:36:22"}
{"level":"info","message":"[2026-03-31T05:06:22.078Z] GET /api/states","service":"eduvault-backend","timestamp":"2026-03-31 10:36:22"}
{"level":"info","message":"[2026-03-31T05:06:36.112Z] POST /api/auth/login","service":"eduvault-backend","timestamp":"2026-03-31 10:36:36"}
{"level":"info","message":"[2026-03-31T05:06:36.245Z] GET /api/auth/me","service":"eduvault-backend","timestamp":"2026-03-31 10:36:36"}
{"level":"info","message":"[2026-03-31T05:06:36.254Z] GET /api/get-user/5","service":"eduvault-backend","timestamp":"2026-03-31 10:36:36"}
{"level":"info","message":"[2026-03-31T05:06:36.278Z] GET /api/students","service":"eduvault-backend","timestamp":"2026-03-31 10:36:36"}
{"level":"info","message":"[2026-03-31T05:06:36.290Z] GET /api/pending-scholarships","service":"eduvault-backend","timestamp":"2026-03-31 10:36:36"}
{"level":"info","message":"[2026-03-31T05:06:36.296Z] GET /api/get-staff?role=Staff","service":"eduvault-backend","timestamp":"2026-03-31 10:36:36"}
{"level":"info","message":"[2026-03-31T05:06:36.298Z] GET /api/department-counts","service":"eduvault-backend","timestamp":"2026-03-31 10:36:36"}
{"level":"info","message":"[2026-03-31T05:06:36.301Z] GET /api/pending-internships","service":"eduvault-backend","timestamp":"2026-03-31 10:36:36"}
{"level":"info","message":"[2026-03-31T05:06:36.308Z] GET /api/event-organized/pending","service":"eduvault-backend","timestamp":"2026-03-31 10:36:36"}
{"level":"info","message":"[2026-03-31T05:06:36.318Z] GET /api/event-attended/pending","service":"eduvault-backend","timestamp":"2026-03-31 10:36:36"}
{"level":"info","message":"[2026-03-31T05:06:36.322Z] GET /api/all/pending-leaves","service":"eduvault-backend","timestamp":"2026-03-31 10:36:36"}
{"level":"info","message":"[2026-03-31T05:06:36.328Z] GET /api/online-courses/pending","service":"eduvault-backend","timestamp":"2026-03-31 10:36:36"}
{"level":"info","message":"[2026-03-31T05:06:36.332Z] GET /api/pending-achievements","service":"eduvault-backend","timestamp":"2026-03-31 10:36:36"}
{"level":"info","message":"[2026-03-31T05:06:36.338Z] GET /api/publications/pending","service":"eduvault-backend","timestamp":"2026-03-31 10:36:36"}
{"level":"info","message":"[2026-03-31T05:06:36.341Z] GET /api/competency-coding/pending","service":"eduvault-backend","timestamp":"2026-03-31 10:36:36"}
{"level":"info","message":"[2026-03-31T05:06:36.343Z] GET /api/noncgpa/pending","service":"eduvault-backend","timestamp":"2026-03-31 10:36:36"}
{"level":"info","message":"[2026-03-31T05:06:36.345Z] GET /api/projects/pending","service":"eduvault-backend","timestamp":"2026-03-31 10:36:36"}
{"level":"info","message":"[2026-03-31T05:06:36.351Z] GET /api/hackathon/pending","service":"eduvault-backend","timestamp":"2026-03-31 10:36:36"}
{"level":"info","message":"[2026-03-31T05:06:36.376Z] GET /api/extracurricular/pending","service":"eduvault-backend","timestamp":"2026-03-31 10:36:36"}
{"level":"info","message":"[2026-03-31T05:06:36.388Z] GET /api/fetch-internships?UserId=5","service":"eduvault-backend","timestamp":"2026-03-31 10:36:36"}
{"level":"info","message":"[2026-03-31T05:06:36.390Z] GET /api/pending-internships?userID=5","service":"eduvault-backend","timestamp":"2026-03-31 10:36:36"}
{"level":"info","message":"[2026-03-31T05:06:36.393Z] GET /api/event-attended/list?UserId=5","service":"eduvault-backend","timestamp":"2026-03-31 10:36:36"}
{"level":"info","message":"[2026-03-31T05:06:36.404Z] GET /api/fetch-scholarships?UserId=5","service":"eduvault-backend","timestamp":"2026-03-31 10:36:36"}
{"level":"info","message":"[2026-03-31T05:06:36.421Z] GET /api/event-organized/approved?UserId=5","service":"eduvault-backend","timestamp":"2026-03-31 10:36:36"}
{"level":"info","message":"[2026-03-31T05:06:36.432Z] GET /api/event-organized/pending?UserId=5","service":"eduvault-backend","timestamp":"2026-03-31 10:36:36"}
{"level":"info","message":"[2026-03-31T05:06:36.434Z] GET /api/pending-leaves?Userid=5","service":"eduvault-backend","timestamp":"2026-03-31 10:36:36"}
{"level":"info","message":"[2026-03-31T05:06:36.435Z] GET /api/fetch-leaves?Userid=5","service":"eduvault-backend","timestamp":"2026-03-31 10:36:36"}
{"level":"info","message":"[2026-03-31T05:06:36.440Z] GET /api/user-achievements/5","service":"eduvault-backend","timestamp":"2026-03-31 10:36:36"}
{"level":"info","message":"[2026-03-31T05:06:36.444Z] GET /api/publications/my-publications?UserId=5","service":"eduvault-backend","timestamp":"2026-03-31 10:36:36"}
{"level":"info","message":"[2026-03-31T05:06:36.456Z] GET /api/competency-coding/my-record?UserId=5","service":"eduvault-backend","timestamp":"2026-03-31 10:36:36"}
{"level":"info","message":"[2026-03-31T05:06:36.468Z] GET /api/competency-coding/skillrack/summary?UserId=5","service":"eduvault-backend","timestamp":"2026-03-31 10:36:36"}
{"level":"info","message":"[2026-03-31T05:06:36.470Z] GET /api/hackathon/my-events","service":"eduvault-backend","timestamp":"2026-03-31 10:36:36"}
{"level":"info","message":"[2026-03-31T05:06:36.479Z] GET /api/competency-coding/platform/all?UserId=5","service":"eduvault-backend","timestamp":"2026-03-31 10:36:36"}
{"level":"info","message":"[2026-03-31T05:06:36.482Z] GET /api/competency-coding/analytics?UserId=5","service":"eduvault-backend","timestamp":"2026-03-31 10:36:36"}
{"level":"info","message":"[2026-03-31T05:06:36.489Z] GET /api/projects/my-projects?UserId=5","service":"eduvault-backend","timestamp":"2026-03-31 10:36:36"}
{"level":"info","message":"[2026-03-31T05:06:36.497Z] GET /api/extracurricular/my-activities?UserId=5","service":"eduvault-backend","timestamp":"2026-03-31 10:36:36"}
{"level":"info","message":"[2026-03-31T05:06:36.499Z] GET /api/skillrack/my-record?UserId=5","service":"eduvault-backend","timestamp":"2026-03-31 10:36:36"}
{"level":"info","message":"[2026-03-31T05:06:36.507Z] GET /api/skillrack/my-stats?UserId=5","service":"eduvault-backend","timestamp":"2026-03-31 10:36:36"}
{"level":"info","message":"[2026-03-31T05:06:36.509Z] GET /api/student-certificate/list","service":"eduvault-backend","timestamp":"2026-03-31 10:36:36"}
{"level":"info","message":"[2026-03-31T05:06:36.516Z] GET /api/placement/notifications","service":"eduvault-backend","timestamp":"2026-03-31 10:36:36"}
{"level":"info","message":"[2026-03-31T05:06:36.524Z] GET /api/placement/companies","service":"eduvault-backend","timestamp":"2026-03-31 10:36:36"}
{"level":"info","message":"[2026-03-31T05:06:36.535Z] GET /api/placement/companies","service":"eduvault-backend","timestamp":"2026-03-31 10:36:36"}
{"level":"info","message":"[2026-03-31T05:06:36.538Z] GET /api/placement/notifications","service":"eduvault-backend","timestamp":"2026-03-31 10:36:36"}
{"level":"info","message":"[2026-03-31T05:06:39.769Z] GET /api/placement/hackathons?","service":"eduvault-backend","timestamp":"2026-03-31 10:36:39"}
{"level":"info","message":"[2026-03-31T05:06:39.773Z] GET /api/placement/hackathons/stats/overview","service":"eduvault-backend","timestamp":"2026-03-31 10:36:39"}
{"level":"info","message":"[2026-03-31T05:06:39.807Z] GET /api/placement/hackathons?","service":"eduvault-backend","timestamp":"2026-03-31 10:36:39"}
{"level":"info","message":"[2026-03-31T05:06:39.824Z] GET /api/placement/hackathons/stats/overview","service":"eduvault-backend","timestamp":"2026-03-31 10:36:39"}
{"level":"info","message":"[2026-03-31T05:07:16.727Z] POST /api/placement/hackathons","service":"eduvault-backend","timestamp":"2026-03-31 10:37:16"}
{"level":"info","message":"[2026-03-31T05:07:43.870Z] POST /api/placement/hackathons","service":"eduvault-backend","timestamp":"2026-03-31 10:37:43"}
{"level":"info","message":"[2026-03-31T05:07:45.627Z] GET /api/placement/hackathons?","service":"eduvault-backend","timestamp":"2026-03-31 10:37:45"}
{"level":"info","message":"[2026-03-31T05:07:45.639Z] GET /api/placement/hackathons/stats/overview","service":"eduvault-backend","timestamp":"2026-03-31 10:37:45"}
{"level":"info","message":"[2026-03-31T05:07:48.696Z] POST /api/auth/logout","service":"eduvault-backend","timestamp":"2026-03-31 10:37:48"}
{"level":"info","message":"[2026-03-31T05:07:54.512Z] GET /api/departments","service":"eduvault-backend","timestamp":"2026-03-31 10:37:54"}
{"level":"info","message":"[2026-03-31T05:07:54.520Z] GET /api/get-staff?role=Staff","service":"eduvault-backend","timestamp":"2026-03-31 10:37:54"}
{"level":"info","message":"[2026-03-31T05:07:54.526Z] GET /api/states","service":"eduvault-backend","timestamp":"2026-03-31 10:37:54"}
{"level":"info","message":"[2026-03-31T05:07:54.533Z] GET /api/departments","service":"eduvault-backend","timestamp":"2026-03-31 10:37:54"}
{"level":"info","message":"[2026-03-31T05:07:54.548Z] GET /api/states","service":"eduvault-backend","timestamp":"2026-03-31 10:37:54"}
{"level":"info","message":"[2026-03-31T05:07:54.553Z] GET /api/get-staff?role=Staff","service":"eduvault-backend","timestamp":"2026-03-31 10:37:54"}
{"level":"info","message":"[2026-03-31T05:08:10.249Z] GET /api/departments","service":"eduvault-backend","timestamp":"2026-03-31 10:38:10"}
{"level":"info","message":"[2026-03-31T05:08:10.267Z] GET /api/get-staff?role=Staff","service":"eduvault-backend","timestamp":"2026-03-31 10:38:10"}
{"level":"info","message":"[2026-03-31T05:08:10.287Z] GET /api/states","service":"eduvault-backend","timestamp":"2026-03-31 10:38:10"}
{"level":"info","message":"[2026-03-31T05:08:10.325Z] GET /api/states","service":"eduvault-backend","timestamp":"2026-03-31 10:38:10"}
{"level":"info","message":"[2026-03-31T05:08:10.331Z] GET /api/get-staff?role=Staff","service":"eduvault-backend","timestamp":"2026-03-31 10:38:10"}
{"level":"info","message":"[2026-03-31T05:08:10.339Z] GET /api/departments","service":"eduvault-backend","timestamp":"2026-03-31 10:38:10"}
{"level":"info","message":"[2026-03-31T05:08:25.979Z] POST /api/auth/login","service":"eduvault-backend","timestamp":"2026-03-31 10:38:25"}
{"level":"info","message":"[2026-03-31T05:08:26.167Z] GET /api/auth/me","service":"eduvault-backend","timestamp":"2026-03-31 10:38:26"}
{"level":"info","message":"[2026-03-31T05:08:26.183Z] GET /api/get-user/3","service":"eduvault-backend","timestamp":"2026-03-31 10:38:26"}
{"level":"info","message":"[2026-03-31T05:08:26.219Z] GET /api/departments","service":"eduvault-backend","timestamp":"2026-03-31 10:38:26"}
{"level":"info","message":"[2026-03-31T05:08:26.227Z] GET /api/students","service":"eduvault-backend","timestamp":"2026-03-31 10:38:26"}
{"level":"info","message":"[2026-03-31T05:08:26.230Z] GET /api/get-staff?role=Staff","service":"eduvault-backend","timestamp":"2026-03-31 10:38:26"}
{"level":"info","message":"[2026-03-31T05:08:26.233Z] GET /api/department-counts","service":"eduvault-backend","timestamp":"2026-03-31 10:38:26"}
{"level":"info","message":"[2026-03-31T05:08:26.236Z] GET /api/pending-internships","service":"eduvault-backend","timestamp":"2026-03-31 10:38:26"}
{"level":"info","message":"[2026-03-31T05:08:26.257Z] GET /api/pending-scholarships","service":"eduvault-backend","timestamp":"2026-03-31 10:38:26"}
{"level":"info","message":"[2026-03-31T05:08:26.262Z] GET /api/event-organized/pending","service":"eduvault-backend","timestamp":"2026-03-31 10:38:26"}
{"level":"info","message":"[2026-03-31T05:08:26.271Z] GET /api/event-attended/pending","service":"eduvault-backend","timestamp":"2026-03-31 10:38:26"}
{"level":"info","message":"[2026-03-31T05:08:26.273Z] GET /api/all/pending-leaves","service":"eduvault-backend","timestamp":"2026-03-31 10:38:26"}
{"level":"info","message":"[2026-03-31T05:08:26.276Z] GET /api/online-courses/pending","service":"eduvault-backend","timestamp":"2026-03-31 10:38:26"}
{"level":"info","message":"[2026-03-31T05:08:26.282Z] GET /api/pending-achievements","service":"eduvault-backend","timestamp":"2026-03-31 10:38:26"}
{"level":"info","message":"[2026-03-31T05:08:26.284Z] GET /api/publications/pending","service":"eduvault-backend","timestamp":"2026-03-31 10:38:26"}
{"level":"info","message":"[2026-03-31T05:08:26.286Z] GET /api/competency-coding/pending","service":"eduvault-backend","timestamp":"2026-03-31 10:38:26"}
{"level":"info","message":"[2026-03-31T05:08:26.290Z] GET /api/noncgpa/pending","service":"eduvault-backend","timestamp":"2026-03-31 10:38:26"}
{"level":"info","message":"[2026-03-31T05:08:26.298Z] GET /api/projects/pending","service":"eduvault-backend","timestamp":"2026-03-31 10:38:26"}
{"level":"info","message":"[2026-03-31T05:08:26.301Z] GET /api/hackathon/pending","service":"eduvault-backend","timestamp":"2026-03-31 10:38:26"}
{"level":"info","message":"[2026-03-31T05:08:26.321Z] GET /api/extracurricular/pending","service":"eduvault-backend","timestamp":"2026-03-31 10:38:26"}
{"level":"info","message":"[2026-03-31T05:08:26.324Z] GET /api/fetch-internships?UserId=3","service":"eduvault-backend","timestamp":"2026-03-31 10:38:26"}
{"level":"info","message":"[2026-03-31T05:08:26.326Z] GET /api/pending-internships?userID=3","service":"eduvault-backend","timestamp":"2026-03-31 10:38:26"}
{"level":"info","message":"[2026-03-31T05:08:26.332Z] GET /api/event-attended/list?UserId=3","service":"eduvault-backend","timestamp":"2026-03-31 10:38:26"}
{"level":"info","message":"[2026-03-31T05:08:26.334Z] GET /api/fetch-scholarships?UserId=3","service":"eduvault-backend","timestamp":"2026-03-31 10:38:26"}
{"level":"info","message":"[2026-03-31T05:08:26.342Z] GET /api/event-organized/approved?UserId=3","service":"eduvault-backend","timestamp":"2026-03-31 10:38:26"}
{"level":"info","message":"[2026-03-31T05:08:26.354Z] GET /api/event-organized/pending?UserId=3","service":"eduvault-backend","timestamp":"2026-03-31 10:38:26"}
{"level":"info","message":"[2026-03-31T05:08:26.356Z] GET /api/pending-leaves?Userid=3","service":"eduvault-backend","timestamp":"2026-03-31 10:38:26"}
{"level":"info","message":"[2026-03-31T05:08:26.365Z] GET /api/fetch-leaves?Userid=3","service":"eduvault-backend","timestamp":"2026-03-31 10:38:26"}
{"level":"info","message":"[2026-03-31T05:08:26.367Z] GET /api/user-achievements/3","service":"eduvault-backend","timestamp":"2026-03-31 10:38:26"}
{"level":"info","message":"[2026-03-31T05:08:26.376Z] GET /api/hackathon/my-events","service":"eduvault-backend","timestamp":"2026-03-31 10:38:26"}
{"level":"info","message":"[2026-03-31T05:08:26.378Z] GET /api/publications/my-publications?UserId=3","service":"eduvault-backend","timestamp":"2026-03-31 10:38:26"}
{"level":"info","message":"[2026-03-31T05:08:26.398Z] GET /api/competency-coding/my-record?UserId=3","service":"eduvault-backend","timestamp":"2026-03-31 10:38:26"}
{"level":"info","message":"[2026-03-31T05:08:26.420Z] GET /api/competency-coding/skillrack/summary?UserId=3","service":"eduvault-backend","timestamp":"2026-03-31 10:38:26"}
{"level":"info","message":"[2026-03-31T05:08:26.423Z] GET /api/competency-coding/platform/all?UserId=3","service":"eduvault-backend","timestamp":"2026-03-31 10:38:26"}
{"level":"info","message":"[2026-03-31T05:08:26.436Z] GET /api/competency-coding/analytics?UserId=3","service":"eduvault-backend","timestamp":"2026-03-31 10:38:26"}
{"level":"info","message":"[2026-03-31T05:08:26.441Z] GET /api/projects/my-projects?UserId=3","service":"eduvault-backend","timestamp":"2026-03-31 10:38:26"}
{"level":"info","message":"[2026-03-31T05:08:26.455Z] GET /api/extracurricular/my-activities?UserId=3","service":"eduvault-backend","timestamp":"2026-03-31 10:38:26"}
{"level":"info","message":"[2026-03-31T05:08:26.469Z] GET /api/noncgpa/dropdown/course-names","service":"eduvault-backend","timestamp":"2026-03-31 10:38:26"}
{"level":"info","message":"[2026-03-31T05:08:26.473Z] GET /api/noncgpa/dropdown/categories","service":"eduvault-backend","timestamp":"2026-03-31 10:38:26"}
{"level":"info","message":"[2026-03-31T05:08:26.483Z] GET /api/noncgpa/dropdown/course-codes","service":"eduvault-backend","timestamp":"2026-03-31 10:38:26"}
{"level":"info","message":"[2026-03-31T05:08:26.488Z] GET /api/skillrack/my-record?UserId=3","service":"eduvault-backend","timestamp":"2026-03-31 10:38:26"}
{"level":"info","message":"[2026-03-31T05:08:26.498Z] GET /api/noncgpa/my-records?UserId=3","service":"eduvault-backend","timestamp":"2026-03-31 10:38:26"}
{"level":"info","message":"[2026-03-31T05:08:26.508Z] GET /api/skillrack/my-stats?UserId=3","service":"eduvault-backend","timestamp":"2026-03-31 10:38:26"}
{"level":"info","message":"[2026-03-31T05:08:26.512Z] GET /api/student-certificate/list","service":"eduvault-backend","timestamp":"2026-03-31 10:38:26"}
{"level":"info","message":"[2026-03-31T05:08:26.524Z] GET /api/biodata/3","service":"eduvault-backend","timestamp":"2026-03-31 10:38:26"}
{"level":"info","message":"[2026-03-31T05:08:26.527Z] GET /api/user-courses/3","service":"eduvault-backend","timestamp":"2026-03-31 10:38:26"}
{"level":"info","message":"[2026-03-31T05:08:26.536Z] GET /api/approved-internships/3","service":"eduvault-backend","timestamp":"2026-03-31 10:38:26"}
{"level":"info","message":"[2026-03-31T05:08:26.549Z] GET /api/approved-events-organized/3","service":"eduvault-backend","timestamp":"2026-03-31 10:38:26"}
{"level":"info","message":"[2026-03-31T05:08:26.551Z] GET /api/approved-events/3","service":"eduvault-backend","timestamp":"2026-03-31 10:38:26"}
{"level":"info","message":"[2026-03-31T05:08:26.561Z] GET /api/fetch-scholarships/3","service":"eduvault-backend","timestamp":"2026-03-31 10:38:26"}
{"level":"info","message":"[2026-03-31T05:08:26.567Z] GET /api/fetch-leaves/3","service":"eduvault-backend","timestamp":"2026-03-31 10:38:26"}
{"level":"info","message":"[2026-03-31T05:08:26.577Z] GET /api/staffs","service":"eduvault-backend","timestamp":"2026-03-31 10:38:26"}
{"level":"info","message":"[2026-03-31T05:08:26.580Z] GET /api/students","service":"eduvault-backend","timestamp":"2026-03-31 10:38:26"}
{"level":"info","message":"[2026-03-31T05:08:26.585Z] GET /api/get-staff?role=Staff","service":"eduvault-backend","timestamp":"2026-03-31 10:38:26"}
{"level":"info","message":"[2026-03-31T05:08:26.587Z] GET /api/department-counts","service":"eduvault-backend","timestamp":"2026-03-31 10:38:26"}
{"level":"info","message":"[2026-03-31T05:08:26.597Z] GET /api/departments","service":"eduvault-backend","timestamp":"2026-03-31 10:38:26"}
{"level":"info","message":"[2026-03-31T05:08:26.613Z] GET /api/department-counts","service":"eduvault-backend","timestamp":"2026-03-31 10:38:26"}
{"level":"info","message":"[2026-03-31T05:08:26.615Z] GET /api/students","service":"eduvault-backend","timestamp":"2026-03-31 10:38:26"}
{"level":"info","message":"[2026-03-31T05:08:26.617Z] GET /api/departments","service":"eduvault-backend","timestamp":"2026-03-31 10:38:26"}
{"level":"info","message":"[2026-03-31T05:08:26.624Z] GET /api/get-staff?role=Staff","service":"eduvault-backend","timestamp":"2026-03-31 10:38:26"}
{"level":"info","message":"[2026-03-31T05:08:26.626Z] GET /api/staffs","service":"eduvault-backend","timestamp":"2026-03-31 10:38:26"}
{"level":"info","message":"[2026-03-31T05:08:26.644Z] GET /uploads/default.jpg","service":"eduvault-backend","timestamp":"2026-03-31 10:38:26"}
{"level":"info","message":"[2026-03-31T05:08:26.649Z] GET /api/staffs","service":"eduvault-backend","timestamp":"2026-03-31 10:38:26"}
{"level":"info","message":"[2026-03-31T05:08:26.660Z] GET /api/biodata/3","service":"eduvault-backend","timestamp":"2026-03-31 10:38:26"}
{"level":"info","message":"[2026-03-31T05:08:26.665Z] GET /api/user-courses/3","service":"eduvault-backend","timestamp":"2026-03-31 10:38:26"}
{"level":"info","message":"[2026-03-31T05:08:26.667Z] GET /api/approved-internships/3","service":"eduvault-backend","timestamp":"2026-03-31 10:38:26"}
{"level":"info","message":"[2026-03-31T05:08:26.668Z] GET /api/approved-events-organized/3","service":"eduvault-backend","timestamp":"2026-03-31 10:38:26"}
{"level":"info","message":"[2026-03-31T05:08:26.670Z] GET /api/approved-events/3","service":"eduvault-backend","timestamp":"2026-03-31 10:38:26"}
{"level":"info","message":"[2026-03-31T05:08:26.672Z] GET /api/fetch-scholarships/3","service":"eduvault-backend","timestamp":"2026-03-31 10:38:26"}
{"level":"info","message":"[2026-03-31T05:08:26.701Z] GET /api/fetch-leaves/3","service":"eduvault-backend","timestamp":"2026-03-31 10:38:26"}
{"level":"info","message":"[2026-03-31T05:08:26.704Z] GET /api/skillrack/my-stats?UserId=3","service":"eduvault-backend","timestamp":"2026-03-31 10:38:26"}
{"level":"info","message":"[2026-03-31T05:08:26.707Z] GET /api/noncgpa/my-records","service":"eduvault-backend","timestamp":"2026-03-31 10:38:26"}
{"level":"info","message":"[2026-03-31T05:08:26.709Z] GET /api/user-courses/3","service":"eduvault-backend","timestamp":"2026-03-31 10:38:26"}
{"level":"info","message":"[2026-03-31T05:08:26.711Z] GET /api/approved-internships/3","service":"eduvault-backend","timestamp":"2026-03-31 10:38:26"}
{"level":"info","message":"[2026-03-31T05:08:26.718Z] GET /api/fetch-scholarships/3","service":"eduvault-backend","timestamp":"2026-03-31 10:38:26"}
{"level":"info","message":"[2026-03-31T05:08:26.735Z] GET /api/approved-events-organized/3","service":"eduvault-backend","timestamp":"2026-03-31 10:38:26"}
{"level":"info","message":"[2026-03-31T05:08:26.737Z] GET /api/approved-events/3","service":"eduvault-backend","timestamp":"2026-03-31 10:38:26"}
{"level":"info","message":"[2026-03-31T05:08:26.741Z] GET /api/biodata/3","service":"eduvault-backend","timestamp":"2026-03-31 10:38:26"}
{"level":"info","message":"[2026-03-31T05:08:26.746Z] GET /api/fetch-leaves/3","service":"eduvault-backend","timestamp":"2026-03-31 10:38:26"}
{"level":"info","message":"[2026-03-31T05:08:26.748Z] GET /api/noncgpa/my-records","service":"eduvault-backend","timestamp":"2026-03-31 10:38:26"}
{"level":"info","message":"[2026-03-31T05:08:26.756Z] GET /api/skillrack/my-stats?UserId=3","service":"eduvault-backend","timestamp":"2026-03-31 10:38:26"}
{"level":"info","message":"[2026-03-31T05:08:34.045Z] GET /api/placement/student-hackathons","service":"eduvault-backend","timestamp":"2026-03-31 10:38:34"}
{"level":"info","message":"[2026-03-31T05:08:34.100Z] GET /api/placement/student-hackathons","service":"eduvault-backend","timestamp":"2026-03-31 10:38:34"}
{"level":"info","message":"[2026-03-31T05:08:38.293Z] POST /api/placement/student-hackathons/register","service":"eduvault-backend","timestamp":"2026-03-31 10:38:38"}
{"level":"info","message":"[2026-03-31T05:08:40.053Z] GET /api/placement/student-hackathons","service":"eduvault-backend","timestamp":"2026-03-31 10:38:40"}
{"level":"info","message":"[2026-03-31T05:09:42.804Z] GET /api/resume/student-data/3","service":"eduvault-backend","timestamp":"2026-03-31 10:39:42"}
{"level":"info","message":"[2026-03-31T05:09:42.863Z] GET /api/resume/student-data/3","service":"eduvault-backend","timestamp":"2026-03-31 10:39:42"}
{"level":"info","message":"[2026-03-31T05:11:16.658Z] GET /api/student/marksheets/3","service":"eduvault-backend","timestamp":"2026-03-31 10:41:16"}
{"level":"info","message":"[2026-03-31T05:11:16.692Z] GET /api/student/marksheets/3","service":"eduvault-backend","timestamp":"2026-03-31 10:41:16"}
{"level":"info","message":"[2026-03-31T05:13:26.886Z] GET /api/pending-internships","service":"eduvault-backend","timestamp":"2026-03-31 10:43:26"}
{"level":"info","message":"[2026-03-31T05:13:26.891Z] GET /api/pending-scholarships","service":"eduvault-backend","timestamp":"2026-03-31 10:43:26"}
{"level":"info","message":"[2026-03-31T05:13:26.894Z] GET /api/event-organized/pending","service":"eduvault-backend","timestamp":"2026-03-31 10:43:26"}
{"level":"info","message":"[2026-03-31T05:13:26.910Z] GET /api/pending-achievements","service":"eduvault-backend","timestamp":"2026-03-31 10:43:26"}
{"level":"info","message":"[2026-03-31T05:13:26.912Z] GET /api/event-attended/pending","service":"eduvault-backend","timestamp":"2026-03-31 10:43:26"}
{"level":"info","message":"[2026-03-31T05:13:26.914Z] GET /api/all/pending-leaves","service":"eduvault-backend","timestamp":"2026-03-31 10:43:26"}
{"level":"info","message":"[2026-03-31T05:13:26.916Z] GET /api/online-courses/pending","service":"eduvault-backend","timestamp":"2026-03-31 10:43:26"}
{"level":"info","message":"[2026-03-31T05:13:26.927Z] GET /api/publications/pending","service":"eduvault-backend","timestamp":"2026-03-31 10:43:26"}
{"level":"info","message":"[2026-03-31T05:13:26.929Z] GET /api/competency-coding/pending","service":"eduvault-backend","timestamp":"2026-03-31 10:43:26"}
{"level":"info","message":"[2026-03-31T05:13:26.931Z] GET /api/noncgpa/pending","service":"eduvault-backend","timestamp":"2026-03-31 10:43:26"}
{"level":"info","message":"[2026-03-31T05:13:26.943Z] GET /api/projects/pending","service":"eduvault-backend","timestamp":"2026-03-31 10:43:26"}
{"level":"info","message":"[2026-03-31T05:13:27.008Z] GET /api/hackathon/pending","service":"eduvault-backend","timestamp":"2026-03-31 10:43:27"}
{"level":"info","message":"[2026-03-31T05:13:27.014Z] GET /api/extracurricular/pending","service":"eduvault-backend","timestamp":"2026-03-31 10:43:27"}
{"level":"info","message":"[2026-03-31T05:18:26.893Z] GET /api/pending-internships","service":"eduvault-backend","timestamp":"2026-03-31 10:48:26"}
{"level":"info","message":"[2026-03-31T05:18:26.896Z] GET /api/pending-scholarships","service":"eduvault-backend","timestamp":"2026-03-31 10:48:26"}
{"level":"info","message":"[2026-03-31T05:18:26.898Z] GET /api/event-organized/pending","service":"eduvault-backend","timestamp":"2026-03-31 10:48:26"}
{"level":"info","message":"[2026-03-31T05:18:26.900Z] GET /api/event-attended/pending","service":"eduvault-backend","timestamp":"2026-03-31 10:48:26"}
{"level":"info","message":"[2026-03-31T05:18:26.902Z] GET /api/all/pending-leaves","service":"eduvault-backend","timestamp":"2026-03-31 10:48:26"}
{"level":"info","message":"[2026-03-31T05:18:26.910Z] GET /api/pending-achievements","service":"eduvault-backend","timestamp":"2026-03-31 10:48:26"}
{"level":"info","message":"[2026-03-31T05:18:26.913Z] GET /api/online-courses/pending","service":"eduvault-backend","timestamp":"2026-03-31 10:48:26"}
{"level":"info","message":"[2026-03-31T05:18:26.918Z] GET /api/publications/pending","service":"eduvault-backend","timestamp":"2026-03-31 10:48:26"}
{"level":"info","message":"[2026-03-31T05:18:26.919Z] GET /api/competency-coding/pending","service":"eduvault-backend","timestamp":"2026-03-31 10:48:26"}
{"level":"info","message":"[2026-03-31T05:18:26.921Z] GET /api/noncgpa/pending","service":"eduvault-backend","timestamp":"2026-03-31 10:48:26"}
{"level":"info","message":"[2026-03-31T05:18:26.923Z] GET /api/projects/pending","service":"eduvault-backend","timestamp":"2026-03-31 10:48:26"}
{"level":"info","message":"[2026-03-31T05:18:26.987Z] GET /api/hackathon/pending","service":"eduvault-backend","timestamp":"2026-03-31 10:48:26"}
{"level":"info","message":"[2026-03-31T05:18:26.989Z] GET /api/extracurricular/pending","service":"eduvault-backend","timestamp":"2026-03-31 10:48:26"}
{"level":"info","message":"[2026-03-31T05:19:51.312Z] GET /api/get-user/3","service":"eduvault-backend","timestamp":"2026-03-31 10:49:51"}
{"level":"info","message":"[2026-03-31T05:19:51.350Z] GET /api/get-user/3","service":"eduvault-backend","timestamp":"2026-03-31 10:49:51"}
{"level":"info","message":"[2026-03-31T05:19:52.844Z] GET /api/biodata/3","service":"eduvault-backend","timestamp":"2026-03-31 10:49:52"}
{"level":"info","message":"[2026-03-31T05:19:52.896Z] GET /api/biodata/3","service":"eduvault-backend","timestamp":"2026-03-31 10:49:52"}
{"level":"info","message":"[2026-03-31T05:19:52.903Z] GET /api/auth/get-user/3","service":"eduvault-backend","timestamp":"2026-03-31 10:49:52"}
{"level":"info","message":"[2026-03-31T05:19:52.918Z] GET /api/auth/get-user/3","service":"eduvault-backend","timestamp":"2026-03-31 10:49:52"}
{"level":"info","message":"[2026-03-31T05:19:52.921Z] GET /api/approved-events/3","service":"eduvault-backend","timestamp":"2026-03-31 10:49:52"}
{"level":"info","message":"[2026-03-31T05:19:52.944Z] GET /api/approved-events/3","service":"eduvault-backend","timestamp":"2026-03-31 10:49:52"}
{"level":"info","message":"[2026-03-31T05:19:52.948Z] GET /api/user-courses/3","service":"eduvault-backend","timestamp":"2026-03-31 10:49:52"}
{"level":"info","message":"[2026-03-31T05:19:52.961Z] GET /api/user-courses/3","service":"eduvault-backend","timestamp":"2026-03-31 10:49:52"}
{"level":"info","message":"[2026-03-31T05:19:52.966Z] GET /api/approved-events-organized/3","service":"eduvault-backend","timestamp":"2026-03-31 10:49:52"}
{"level":"info","message":"[2026-03-31T05:19:52.981Z] GET /api/approved-events-organized/3","service":"eduvault-backend","timestamp":"2026-03-31 10:49:52"}
{"level":"info","message":"[2026-03-31T05:19:52.984Z] GET /api/approved-internships/3","service":"eduvault-backend","timestamp":"2026-03-31 10:49:52"}
{"level":"info","message":"[2026-03-31T05:19:52.996Z] GET /api/approved-internships/3","service":"eduvault-backend","timestamp":"2026-03-31 10:49:52"}
{"level":"info","message":"[2026-03-31T05:19:52.998Z] GET /api/fetch-scholarships/3","service":"eduvault-backend","timestamp":"2026-03-31 10:49:52"}
{"level":"info","message":"[2026-03-31T05:19:53.013Z] GET /api/fetch-scholarships/3","service":"eduvault-backend","timestamp":"2026-03-31 10:49:53"}
{"level":"info","message":"[2026-03-31T05:19:53.016Z] GET /api/fetch-leaves/3","service":"eduvault-backend","timestamp":"2026-03-31 10:49:53"}
{"level":"info","message":"[2026-03-31T05:19:53.028Z] GET /api/fetch-leaves/3","service":"eduvault-backend","timestamp":"2026-03-31 10:49:53"}
{"level":"info","message":"[2026-03-31T05:19:53.032Z] GET /api/certifications/my-certificates?UserId=3","service":"eduvault-backend","timestamp":"2026-03-31 10:49:53"}
{"level":"info","message":"[2026-03-31T05:19:53.043Z] GET /api/certifications/my-certificates?UserId=3","service":"eduvault-backend","timestamp":"2026-03-31 10:49:53"}
{"level":"info","message":"[2026-03-31T05:19:53.045Z] GET /api/placement/student-hackathons?UserId=3","service":"eduvault-backend","timestamp":"2026-03-31 10:49:53"}
{"level":"info","message":"[2026-03-31T05:19:53.068Z] GET /api/placement/student-hackathons?UserId=3","service":"eduvault-backend","timestamp":"2026-03-31 10:49:53"}
{"level":"info","message":"[2026-03-31T05:19:53.071Z] GET /api/extracurricular/my-records?UserId=3","service":"eduvault-backend","timestamp":"2026-03-31 10:49:53"}
{"level":"info","message":"[2026-03-31T05:19:53.091Z] GET /api/extracurricular/my-records?UserId=3","service":"eduvault-backend","timestamp":"2026-03-31 10:49:53"}
{"level":"info","message":"[2026-03-31T05:20:00.215Z] POST /api/auth/logout","service":"eduvault-backend","timestamp":"2026-03-31 10:50:00"}
{"level":"info","message":"[2026-03-31T05:20:06.137Z] GET /api/departments","service":"eduvault-backend","timestamp":"2026-03-31 10:50:06"}
{"level":"info","message":"[2026-03-31T05:20:06.151Z] GET /api/get-staff?role=Staff","service":"eduvault-backend","timestamp":"2026-03-31 10:50:06"}
{"level":"info","message":"[2026-03-31T05:20:06.164Z] GET /api/states","service":"eduvault-backend","timestamp":"2026-03-31 10:50:06"}
{"level":"info","message":"[2026-03-31T05:20:06.186Z] GET /api/states","service":"eduvault-backend","timestamp":"2026-03-31 10:50:06"}
{"level":"info","message":"[2026-03-31T05:20:06.196Z] GET /api/get-staff?role=Staff","service":"eduvault-backend","timestamp":"2026-03-31 10:50:06"}
{"level":"info","message":"[2026-03-31T05:20:06.198Z] GET /api/departments","service":"eduvault-backend","timestamp":"2026-03-31 10:50:06"}
{"level":"info","message":"[2026-03-31T05:20:19.504Z] POST /api/auth/login","service":"eduvault-backend","timestamp":"2026-03-31 10:50:19"}
{"level":"info","message":"[2026-03-31T05:20:19.655Z] GET /api/auth/me","service":"eduvault-backend","timestamp":"2026-03-31 10:50:19"}
{"level":"info","message":"[2026-03-31T05:20:19.665Z] GET /api/get-user/2","service":"eduvault-backend","timestamp":"2026-03-31 10:50:19"}
{"level":"info","message":"[2026-03-31T05:20:19.695Z] GET /api/departments","service":"eduvault-backend","timestamp":"2026-03-31 10:50:19"}
{"level":"info","message":"[2026-03-31T05:20:19.716Z] GET /api/students","service":"eduvault-backend","timestamp":"2026-03-31 10:50:19"}
{"level":"info","message":"[2026-03-31T05:20:19.724Z] GET /api/get-staff?role=Staff","service":"eduvault-backend","timestamp":"2026-03-31 10:50:19"}
{"level":"info","message":"[2026-03-31T05:20:19.730Z] GET /api/department-counts","service":"eduvault-backend","timestamp":"2026-03-31 10:50:19"}
{"level":"info","message":"[2026-03-31T05:20:19.736Z] GET /api/pending-internships","service":"eduvault-backend","timestamp":"2026-03-31 10:50:19"}
{"level":"info","message":"[2026-03-31T05:20:19.740Z] GET /api/pending-scholarships","service":"eduvault-backend","timestamp":"2026-03-31 10:50:19"}
{"level":"info","message":"[2026-03-31T05:20:19.752Z] GET /api/event-organized/pending","service":"eduvault-backend","timestamp":"2026-03-31 10:50:19"}
{"level":"info","message":"[2026-03-31T05:20:19.764Z] GET /api/event-attended/pending","service":"eduvault-backend","timestamp":"2026-03-31 10:50:19"}
{"level":"info","message":"[2026-03-31T05:20:19.773Z] GET /api/all/pending-leaves","service":"eduvault-backend","timestamp":"2026-03-31 10:50:19"}
{"level":"info","message":"[2026-03-31T05:20:19.782Z] GET /api/online-courses/pending","service":"eduvault-backend","timestamp":"2026-03-31 10:50:19"}
{"level":"info","message":"[2026-03-31T05:20:19.785Z] GET /api/pending-achievements","service":"eduvault-backend","timestamp":"2026-03-31 10:50:19"}
{"level":"info","message":"[2026-03-31T05:20:19.786Z] GET /api/publications/pending","service":"eduvault-backend","timestamp":"2026-03-31 10:50:19"}
{"level":"info","message":"[2026-03-31T05:20:19.795Z] GET /api/competency-coding/pending","service":"eduvault-backend","timestamp":"2026-03-31 10:50:19"}
{"level":"info","message":"[2026-03-31T05:20:19.797Z] GET /api/noncgpa/pending","service":"eduvault-backend","timestamp":"2026-03-31 10:50:19"}
{"level":"info","message":"[2026-03-31T05:20:19.799Z] GET /api/projects/pending","service":"eduvault-backend","timestamp":"2026-03-31 10:50:19"}
{"level":"info","message":"[2026-03-31T05:20:19.804Z] GET /api/hackathon/pending","service":"eduvault-backend","timestamp":"2026-03-31 10:50:19"}
{"level":"info","message":"[2026-03-31T05:20:19.837Z] GET /api/extracurricular/pending","service":"eduvault-backend","timestamp":"2026-03-31 10:50:19"}
{"level":"info","message":"[2026-03-31T05:20:19.845Z] GET /api/event-organized/approved?UserId=2","service":"eduvault-backend","timestamp":"2026-03-31 10:50:19"}
{"level":"info","message":"[2026-03-31T05:20:19.849Z] GET /api/hackathon/my-events","service":"eduvault-backend","timestamp":"2026-03-31 10:50:19"}
{"level":"info","message":"[2026-03-31T05:20:19.852Z] GET /api/fetch-internships?UserId=2","service":"eduvault-backend","timestamp":"2026-03-31 10:50:19"}
{"level":"info","message":"[2026-03-31T05:20:19.853Z] GET /api/pending-internships?userID=2","service":"eduvault-backend","timestamp":"2026-03-31 10:50:19"}
{"level":"info","message":"[2026-03-31T05:20:19.864Z] GET /api/fetch-scholarships?UserId=2","service":"eduvault-backend","timestamp":"2026-03-31 10:50:19"}
{"level":"info","message":"[2026-03-31T05:20:19.899Z] GET /api/event-attended/list?UserId=2","service":"eduvault-backend","timestamp":"2026-03-31 10:50:19"}
{"level":"info","message":"[2026-03-31T05:20:19.902Z] GET /api/event-organized/pending?UserId=2","service":"eduvault-backend","timestamp":"2026-03-31 10:50:19"}
{"level":"info","message":"[2026-03-31T05:20:19.905Z] GET /api/publications/my-publications?UserId=2","service":"eduvault-backend","timestamp":"2026-03-31 10:50:19"}
{"level":"info","message":"[2026-03-31T05:20:19.909Z] GET /api/user-achievements/2","service":"eduvault-backend","timestamp":"2026-03-31 10:50:19"}
{"level":"info","message":"[2026-03-31T05:20:19.922Z] GET /api/fetch-leaves?Userid=2","service":"eduvault-backend","timestamp":"2026-03-31 10:50:19"}
{"level":"info","message":"[2026-03-31T05:20:19.933Z] GET /api/pending-leaves?Userid=2","service":"eduvault-backend","timestamp":"2026-03-31 10:50:19"}
{"level":"info","message":"[2026-03-31T05:20:19.960Z] GET /api/competency-coding/my-record?UserId=2","service":"eduvault-backend","timestamp":"2026-03-31 10:50:19"}
{"level":"info","message":"[2026-03-31T05:20:19.981Z] GET /api/competency-coding/skillrack/summary?UserId=2","service":"eduvault-backend","timestamp":"2026-03-31 10:50:19"}
{"level":"info","message":"[2026-03-31T05:20:19.983Z] GET /api/competency-coding/platform/all?UserId=2","service":"eduvault-backend","timestamp":"2026-03-31 10:50:19"}
{"level":"info","message":"[2026-03-31T05:20:19.995Z] GET /api/competency-coding/analytics?UserId=2","service":"eduvault-backend","timestamp":"2026-03-31 10:50:19"}
{"level":"info","message":"[2026-03-31T05:20:19.998Z] GET /api/projects/my-projects?UserId=2","service":"eduvault-backend","timestamp":"2026-03-31 10:50:19"}
{"level":"info","message":"[2026-03-31T05:20:20.010Z] GET /api/extracurricular/my-activities?UserId=2","service":"eduvault-backend","timestamp":"2026-03-31 10:50:20"}
{"level":"info","message":"[2026-03-31T05:20:20.021Z] GET /api/noncgpa/dropdown/categories","service":"eduvault-backend","timestamp":"2026-03-31 10:50:20"}
{"level":"info","message":"[2026-03-31T05:20:20.025Z] GET /api/noncgpa/dropdown/course-names","service":"eduvault-backend","timestamp":"2026-03-31 10:50:20"}
{"level":"info","message":"[2026-03-31T05:20:20.049Z] GET /api/noncgpa/dropdown/course-codes","service":"eduvault-backend","timestamp":"2026-03-31 10:50:20"}
{"level":"info","message":"[2026-03-31T05:20:20.053Z] GET /api/skillrack/my-record?UserId=2","service":"eduvault-backend","timestamp":"2026-03-31 10:50:20"}
{"level":"info","message":"[2026-03-31T05:20:20.068Z] GET /api/skillrack/my-stats?UserId=2","service":"eduvault-backend","timestamp":"2026-03-31 10:50:20"}
{"level":"info","message":"[2026-03-31T05:20:20.084Z] GET /api/noncgpa/my-records?UserId=2","service":"eduvault-backend","timestamp":"2026-03-31 10:50:20"}
{"level":"info","message":"[2026-03-31T05:20:20.089Z] GET /api/student-certificate/list","service":"eduvault-backend","timestamp":"2026-03-31 10:50:20"}
{"level":"info","message":"[2026-03-31T05:20:20.102Z] GET /api/staffs","service":"eduvault-backend","timestamp":"2026-03-31 10:50:20"}
{"level":"info","message":"[2026-03-31T05:20:20.105Z] GET /uploads/profile/profile-2.png","service":"eduvault-backend","timestamp":"2026-03-31 10:50:20"}
{"level":"info","message":"[2026-03-31T05:20:20.109Z] GET /api/seed-money","service":"eduvault-backend","timestamp":"2026-03-31 10:50:20"}
{"level":"info","message":"[2026-03-31T05:20:20.119Z] GET /api/scholars","service":"eduvault-backend","timestamp":"2026-03-31 10:50:20"}
{"level":"info","message":"[2026-03-31T05:20:20.136Z] GET /api/proposals","service":"eduvault-backend","timestamp":"2026-03-31 10:50:20"}
{"level":"info","message":"[2026-03-31T05:20:20.140Z] GET /api/industry","service":"eduvault-backend","timestamp":"2026-03-31 10:50:20"}
{"level":"info","message":"[2026-03-31T05:20:20.152Z] GET /api/project-proposal","service":"eduvault-backend","timestamp":"2026-03-31 10:50:20"}
{"level":"info","message":"[2026-03-31T05:20:20.165Z] GET /api/events","service":"eduvault-backend","timestamp":"2026-03-31 10:50:20"}
{"level":"info","message":"[2026-03-31T05:20:20.166Z] GET /api/certifications","service":"eduvault-backend","timestamp":"2026-03-31 10:50:20"}
{"level":"info","message":"[2026-03-31T05:20:20.179Z] GET /api/book-chapters","service":"eduvault-backend","timestamp":"2026-03-31 10:50:20"}
{"level":"info","message":"[2026-03-31T05:20:20.200Z] GET /api/other/events-organized","service":"eduvault-backend","timestamp":"2026-03-31 10:50:20"}
{"level":"info","message":"[2026-03-31T05:20:20.214Z] GET /api/h-index","service":"eduvault-backend","timestamp":"2026-03-31 10:50:20"}
{"level":"info","message":"[2026-03-31T05:20:20.216Z] GET /api/resource-person","service":"eduvault-backend","timestamp":"2026-03-31 10:50:20"}
{"level":"info","message":"[2026-03-31T05:20:20.217Z] GET /api/recognition","service":"eduvault-backend","timestamp":"2026-03-31 10:50:20"}
{"level":"info","message":"[2026-03-31T05:20:20.221Z] GET /api/patent-product","service":"eduvault-backend","timestamp":"2026-03-31 10:50:20"}
{"level":"info","message":"[2026-03-31T05:20:20.226Z] GET /api/project-mentors","service":"eduvault-backend","timestamp":"2026-03-31 10:50:20"}
{"level":"info","message":"[2026-03-31T05:20:20.234Z] GET /api/departments","service":"eduvault-backend","timestamp":"2026-03-31 10:50:20"}
{"level":"info","message":"[2026-03-31T05:20:20.250Z] GET /api/seed-money","service":"eduvault-backend","timestamp":"2026-03-31 10:50:20"}
{"level":"info","message":"[2026-03-31T05:20:20.251Z] GET /api/scholars","service":"eduvault-backend","timestamp":"2026-03-31 10:50:20"}
{"level":"info","message":"[2026-03-31T05:20:20.258Z] GET /api/proposals","service":"eduvault-backend","timestamp":"2026-03-31 10:50:20"}
{"level":"info","message":"[2026-03-31T05:20:20.261Z] GET /api/project-proposal","service":"eduvault-backend","timestamp":"2026-03-31 10:50:20"}
{"level":"info","message":"[2026-03-31T05:20:20.267Z] GET /api/industry","service":"eduvault-backend","timestamp":"2026-03-31 10:50:20"}
{"level":"info","message":"[2026-03-31T05:20:20.268Z] GET /api/events","service":"eduvault-backend","timestamp":"2026-03-31 10:50:20"}
{"level":"info","message":"[2026-03-31T05:20:20.280Z] GET /api/other/events-organized","service":"eduvault-backend","timestamp":"2026-03-31 10:50:20"}
{"level":"info","message":"[2026-03-31T05:20:20.289Z] GET /api/certifications","service":"eduvault-backend","timestamp":"2026-03-31 10:50:20"}
{"level":"info","message":"[2026-03-31T05:20:20.297Z] GET /api/book-chapters","service":"eduvault-backend","timestamp":"2026-03-31 10:50:20"}
{"level":"info","message":"[2026-03-31T05:20:20.300Z] GET /api/h-index","service":"eduvault-backend","timestamp":"2026-03-31 10:50:20"}
{"level":"info","message":"[2026-03-31T05:20:20.301Z] GET /api/resource-person","service":"eduvault-backend","timestamp":"2026-03-31 10:50:20"}
{"level":"info","message":"[2026-03-31T05:20:20.309Z] GET /api/recognition","service":"eduvault-backend","timestamp":"2026-03-31 10:50:20"}
{"level":"info","message":"[2026-03-31T05:20:20.312Z] GET /api/departments","service":"eduvault-backend","timestamp":"2026-03-31 10:50:20"}
{"level":"info","message":"[2026-03-31T05:20:20.334Z] GET /api/staffs","service":"eduvault-backend","timestamp":"2026-03-31 10:50:20"}
{"level":"info","message":"[2026-03-31T05:20:20.336Z] GET /api/patent-product","service":"eduvault-backend","timestamp":"2026-03-31 10:50:20"}
{"level":"info","message":"[2026-03-31T05:20:20.338Z] GET /api/project-mentors","service":"eduvault-backend","timestamp":"2026-03-31 10:50:20"}
{"level":"info","message":"[2026-03-31T05:20:20.345Z] GET /api/appraisals","service":"eduvault-backend","timestamp":"2026-03-31 10:50:20"}
{"level":"info","message":"[2026-03-31T05:20:20.363Z] GET /api/staffs","service":"eduvault-backend","timestamp":"2026-03-31 10:50:20"}
{"level":"info","message":"[2026-03-31T05:20:20.376Z] GET /api/appraisals","service":"eduvault-backend","timestamp":"2026-03-31 10:50:20"}
{"level":"info","message":"[2026-03-31T05:20:23.378Z] GET /api/pending-internships","service":"eduvault-backend","timestamp":"2026-03-31 10:50:23"}
{"level":"info","message":"[2026-03-31T05:20:23.381Z] GET /api/pending-scholarships","service":"eduvault-backend","timestamp":"2026-03-31 10:50:23"}
{"level":"info","message":"[2026-03-31T05:20:23.383Z] GET /api/event-organized/pending","service":"eduvault-backend","timestamp":"2026-03-31 10:50:23"}
{"level":"info","message":"[2026-03-31T05:20:23.385Z] GET /api/event-attended/pending","service":"eduvault-backend","timestamp":"2026-03-31 10:50:23"}
{"level":"info","message":"[2026-03-31T05:20:23.389Z] GET /api/all/pending-leaves","service":"eduvault-backend","timestamp":"2026-03-31 10:50:23"}
{"level":"info","message":"[2026-03-31T05:20:23.391Z] GET /api/online-courses/pending","service":"eduvault-backend","timestamp":"2026-03-31 10:50:23"}
{"level":"info","message":"[2026-03-31T05:20:23.403Z] GET /api/pending-achievements","service":"eduvault-backend","timestamp":"2026-03-31 10:50:23"}
{"level":"info","message":"[2026-03-31T05:20:23.405Z] GET /api/publications/pending","service":"eduvault-backend","timestamp":"2026-03-31 10:50:23"}
{"level":"info","message":"[2026-03-31T05:20:23.414Z] GET /api/competency-coding/pending","service":"eduvault-backend","timestamp":"2026-03-31 10:50:23"}
{"level":"info","message":"[2026-03-31T05:20:23.416Z] GET /api/noncgpa/pending","service":"eduvault-backend","timestamp":"2026-03-31 10:50:23"}
{"level":"info","message":"[2026-03-31T05:20:23.419Z] GET /api/projects/pending","service":"eduvault-backend","timestamp":"2026-03-31 10:50:23"}
{"level":"info","message":"[2026-03-31T05:20:23.429Z] GET /api/hackathon/pending","service":"eduvault-backend","timestamp":"2026-03-31 10:50:23"}
{"level":"info","message":"[2026-03-31T05:20:23.441Z] GET /api/extracurricular/pending","service":"eduvault-backend","timestamp":"2026-03-31 10:50:23"}
{"level":"info","message":"[2026-03-31T05:20:23.452Z] GET /api/pending-scholarships","service":"eduvault-backend","timestamp":"2026-03-31 10:50:23"}
{"level":"info","message":"[2026-03-31T05:20:23.454Z] GET /api/event-organized/pending","service":"eduvault-backend","timestamp":"2026-03-31 10:50:23"}
{"level":"info","message":"[2026-03-31T05:20:23.457Z] GET /api/event-attended/pending","service":"eduvault-backend","timestamp":"2026-03-31 10:50:23"}
{"level":"info","message":"[2026-03-31T05:20:23.471Z] GET /api/all/pending-leaves","service":"eduvault-backend","timestamp":"2026-03-31 10:50:23"}
{"level":"info","message":"[2026-03-31T05:20:23.474Z] GET /api/pending-achievements","service":"eduvault-backend","timestamp":"2026-03-31 10:50:23"}
{"level":"info","message":"[2026-03-31T05:20:23.477Z] GET /api/pending-internships","service":"eduvault-backend","timestamp":"2026-03-31 10:50:23"}
{"level":"info","message":"[2026-03-31T05:20:23.481Z] GET /api/online-courses/pending","service":"eduvault-backend","timestamp":"2026-03-31 10:50:23"}
{"level":"info","message":"[2026-03-31T05:20:23.485Z] GET /api/publications/pending","service":"eduvault-backend","timestamp":"2026-03-31 10:50:23"}
{"level":"info","message":"[2026-03-31T05:20:23.487Z] GET /api/competency-coding/pending","service":"eduvault-backend","timestamp":"2026-03-31 10:50:23"}
{"level":"info","message":"[2026-03-31T05:20:23.493Z] GET /api/noncgpa/pending","service":"eduvault-backend","timestamp":"2026-03-31 10:50:23"}
{"level":"info","message":"[2026-03-31T05:20:23.497Z] GET /api/projects/pending","service":"eduvault-backend","timestamp":"2026-03-31 10:50:23"}
{"level":"info","message":"[2026-03-31T05:20:23.517Z] GET /api/hackathon/pending","service":"eduvault-backend","timestamp":"2026-03-31 10:50:23"}
{"level":"info","message":"[2026-03-31T05:20:23.519Z] GET /api/extracurricular/pending","service":"eduvault-backend","timestamp":"2026-03-31 10:50:23"}
{"level":"info","message":"[2026-03-31T05:21:23.548Z] GET /api/departments","service":"eduvault-backend","timestamp":"2026-03-31 10:51:23"}
{"level":"info","message":"[2026-03-31T05:21:23.559Z] GET /api/get-staff?role=Staff","service":"eduvault-backend","timestamp":"2026-03-31 10:51:23"}
{"level":"info","message":"[2026-03-31T05:21:23.566Z] GET /api/states","service":"eduvault-backend","timestamp":"2026-03-31 10:51:23"}
{"level":"info","message":"[2026-03-31T05:21:23.585Z] GET /api/departments","service":"eduvault-backend","timestamp":"2026-03-31 10:51:23"}
{"level":"info","message":"[2026-03-31T05:21:23.590Z] GET /api/auth/me","service":"eduvault-backend","timestamp":"2026-03-31 10:51:23"}
{"level":"info","message":"[2026-03-31T05:21:23.612Z] GET /api/auth/me","service":"eduvault-backend","timestamp":"2026-03-31 10:51:23"}
{"level":"info","message":"[2026-03-31T05:21:23.627Z] GET /api/states","service":"eduvault-backend","timestamp":"2026-03-31 10:51:23"}
{"level":"info","message":"[2026-03-31T05:21:23.631Z] GET /api/get-staff?role=Staff","service":"eduvault-backend","timestamp":"2026-03-31 10:51:23"}
{"level":"info","message":"[2026-03-31T05:21:23.653Z] GET /api/get-user/2","service":"eduvault-backend","timestamp":"2026-03-31 10:51:23"}
{"level":"info","message":"[2026-03-31T05:21:23.667Z] GET /api/get-user/2","service":"eduvault-backend","timestamp":"2026-03-31 10:51:23"}
{"level":"info","message":"[2026-03-31T05:21:23.712Z] GET /uploads/profile/profile-2.png","service":"eduvault-backend","timestamp":"2026-03-31 10:51:23"}
{"level":"info","message":"[2026-03-31T05:21:23.752Z] GET /api/pending-internships","service":"eduvault-backend","timestamp":"2026-03-31 10:51:23"}
{"level":"info","message":"[2026-03-31T05:21:23.757Z] GET /api/pending-scholarships","service":"eduvault-backend","timestamp":"2026-03-31 10:51:23"}
{"level":"info","message":"[2026-03-31T05:21:23.759Z] GET /api/event-organized/pending","service":"eduvault-backend","timestamp":"2026-03-31 10:51:23"}
{"level":"info","message":"[2026-03-31T05:21:23.763Z] GET /api/event-attended/pending","service":"eduvault-backend","timestamp":"2026-03-31 10:51:23"}
{"level":"info","message":"[2026-03-31T05:21:23.772Z] GET /api/pending-achievements","service":"eduvault-backend","timestamp":"2026-03-31 10:51:23"}
{"level":"info","message":"[2026-03-31T05:21:23.774Z] GET /api/all/pending-leaves","service":"eduvault-backend","timestamp":"2026-03-31 10:51:23"}
{"level":"info","message":"[2026-03-31T05:21:23.777Z] GET /api/online-courses/pending","service":"eduvault-backend","timestamp":"2026-03-31 10:51:23"}
{"level":"info","message":"[2026-03-31T05:21:23.784Z] GET /api/publications/pending","service":"eduvault-backend","timestamp":"2026-03-31 10:51:23"}
{"level":"info","message":"[2026-03-31T05:21:23.786Z] GET /api/competency-coding/pending","service":"eduvault-backend","timestamp":"2026-03-31 10:51:23"}
{"level":"info","message":"[2026-03-31T05:21:23.794Z] GET /api/noncgpa/pending","service":"eduvault-backend","timestamp":"2026-03-31 10:51:23"}
{"level":"info","message":"[2026-03-31T05:21:23.803Z] GET /api/projects/pending","service":"eduvault-backend","timestamp":"2026-03-31 10:51:23"}
{"level":"info","message":"[2026-03-31T05:21:23.808Z] GET /api/hackathon/pending","service":"eduvault-backend","timestamp":"2026-03-31 10:51:23"}
{"level":"info","message":"[2026-03-31T05:21:23.845Z] GET /api/extracurricular/pending","service":"eduvault-backend","timestamp":"2026-03-31 10:51:23"}
{"level":"info","message":"[2026-03-31T05:21:23.846Z] GET /api/departments","service":"eduvault-backend","timestamp":"2026-03-31 10:51:23"}
{"level":"info","message":"[2026-03-31T05:21:23.849Z] GET /api/students","service":"eduvault-backend","timestamp":"2026-03-31 10:51:23"}
{"level":"info","message":"[2026-03-31T05:21:23.856Z] GET /api/get-staff?role=Staff","service":"eduvault-backend","timestamp":"2026-03-31 10:51:23"}
{"level":"info","message":"[2026-03-31T05:21:23.862Z] GET /api/department-counts","service":"eduvault-backend","timestamp":"2026-03-31 10:51:23"}
{"level":"info","message":"[2026-03-31T05:21:23.877Z] GET /api/pending-scholarships","service":"eduvault-backend","timestamp":"2026-03-31 10:51:23"}
{"level":"info","message":"[2026-03-31T05:21:23.879Z] GET /api/event-organized/pending","service":"eduvault-backend","timestamp":"2026-03-31 10:51:23"}
{"level":"info","message":"[2026-03-31T05:21:23.897Z] GET /api/event-attended/pending","service":"eduvault-backend","timestamp":"2026-03-31 10:51:23"}
{"level":"info","message":"[2026-03-31T05:21:23.899Z] GET /api/fetch-internships?UserId=2","service":"eduvault-backend","timestamp":"2026-03-31 10:51:23"}
{"level":"info","message":"[2026-03-31T05:21:23.904Z] GET /api/pending-internships?userID=2","service":"eduvault-backend","timestamp":"2026-03-31 10:51:23"}
{"level":"info","message":"[2026-03-31T05:21:23.908Z] GET /api/event-attended/list?UserId=2","service":"eduvault-backend","timestamp":"2026-03-31 10:51:23"}
{"level":"info","message":"[2026-03-31T05:21:23.922Z] GET /api/fetch-scholarships?UserId=2","service":"eduvault-backend","timestamp":"2026-03-31 10:51:23"}
{"level":"info","message":"[2026-03-31T05:21:23.924Z] GET /api/event-organized/approved?UserId=2","service":"eduvault-backend","timestamp":"2026-03-31 10:51:23"}
{"level":"info","message":"[2026-03-31T05:21:23.927Z] GET /api/event-organized/pending?UserId=2","service":"eduvault-backend","timestamp":"2026-03-31 10:51:23"}
{"level":"info","message":"[2026-03-31T05:21:23.951Z] GET /api/pending-leaves?Userid=2","service":"eduvault-backend","timestamp":"2026-03-31 10:51:23"}
{"level":"info","message":"[2026-03-31T05:21:23.954Z] GET /api/fetch-leaves?Userid=2","service":"eduvault-backend","timestamp":"2026-03-31 10:51:23"}
{"level":"info","message":"[2026-03-31T05:21:23.958Z] GET /api/user-achievements/2","service":"eduvault-backend","timestamp":"2026-03-31 10:51:23"}
{"level":"info","message":"[2026-03-31T05:21:23.968Z] GET /api/hackathon/my-events","service":"eduvault-backend","timestamp":"2026-03-31 10:51:23"}
{"level":"info","message":"[2026-03-31T05:21:23.971Z] GET /api/publications/my-publications?UserId=2","service":"eduvault-backend","timestamp":"2026-03-31 10:51:23"}
{"level":"info","message":"[2026-03-31T05:21:23.999Z] GET /api/competency-coding/my-record?UserId=2","service":"eduvault-backend","timestamp":"2026-03-31 10:51:23"}
{"level":"info","message":"[2026-03-31T05:21:24.021Z] GET /api/pending-achievements","service":"eduvault-backend","timestamp":"2026-03-31 10:51:24"}
{"level":"info","message":"[2026-03-31T05:21:24.024Z] GET /api/competency-coding/skillrack/summary?UserId=2","service":"eduvault-backend","timestamp":"2026-03-31 10:51:24"}
{"level":"info","message":"[2026-03-31T05:21:24.034Z] GET /api/all/pending-leaves","service":"eduvault-backend","timestamp":"2026-03-31 10:51:24"}
{"level":"info","message":"[2026-03-31T05:21:24.037Z] GET /api/competency-coding/platform/all?UserId=2","service":"eduvault-backend","timestamp":"2026-03-31 10:51:24"}
{"level":"info","message":"[2026-03-31T05:21:24.041Z] GET /api/competency-coding/analytics?UserId=2","service":"eduvault-backend","timestamp":"2026-03-31 10:51:24"}
{"level":"info","message":"[2026-03-31T05:21:24.049Z] GET /api/projects/my-projects?UserId=2","service":"eduvault-backend","timestamp":"2026-03-31 10:51:24"}
{"level":"info","message":"[2026-03-31T05:21:24.050Z] GET /api/extracurricular/my-activities?UserId=2","service":"eduvault-backend","timestamp":"2026-03-31 10:51:24"}
{"level":"info","message":"[2026-03-31T05:21:24.052Z] GET /api/noncgpa/dropdown/categories","service":"eduvault-backend","timestamp":"2026-03-31 10:51:24"}
{"level":"info","message":"[2026-03-31T05:21:24.070Z] GET /api/noncgpa/dropdown/course-names","service":"eduvault-backend","timestamp":"2026-03-31 10:51:24"}
{"level":"info","message":"[2026-03-31T05:21:24.072Z] GET /api/noncgpa/dropdown/course-codes","service":"eduvault-backend","timestamp":"2026-03-31 10:51:24"}
{"level":"info","message":"[2026-03-31T05:21:24.079Z] GET /api/noncgpa/my-records?UserId=2","service":"eduvault-backend","timestamp":"2026-03-31 10:51:24"}
{"level":"info","message":"[2026-03-31T05:21:24.083Z] GET /api/skillrack/my-record?UserId=2","service":"eduvault-backend","timestamp":"2026-03-31 10:51:24"}
{"level":"info","message":"[2026-03-31T05:21:24.090Z] GET /api/skillrack/my-stats?UserId=2","service":"eduvault-backend","timestamp":"2026-03-31 10:51:24"}
{"level":"info","message":"[2026-03-31T05:21:24.092Z] GET /api/student-certificate/list","service":"eduvault-backend","timestamp":"2026-03-31 10:51:24"}
{"level":"info","message":"[2026-03-31T05:21:24.102Z] GET /api/pending-internships","service":"eduvault-backend","timestamp":"2026-03-31 10:51:24"}
{"level":"info","message":"[2026-03-31T05:21:24.110Z] GET /api/online-courses/pending","service":"eduvault-backend","timestamp":"2026-03-31 10:51:24"}
{"level":"info","message":"[2026-03-31T05:21:24.112Z] GET /api/publications/pending","service":"eduvault-backend","timestamp":"2026-03-31 10:51:24"}
{"level":"info","message":"[2026-03-31T05:21:24.114Z] GET /api/competency-coding/pending","service":"eduvault-backend","timestamp":"2026-03-31 10:51:24"}
{"level":"info","message":"[2026-03-31T05:21:24.121Z] GET /api/noncgpa/pending","service":"eduvault-backend","timestamp":"2026-03-31 10:51:24"}
{"level":"info","message":"[2026-03-31T05:21:24.133Z] GET /api/projects/pending","service":"eduvault-backend","timestamp":"2026-03-31 10:51:24"}
{"level":"info","message":"[2026-03-31T05:21:24.143Z] GET /api/hackathon/pending","service":"eduvault-backend","timestamp":"2026-03-31 10:51:24"}
{"level":"info","message":"[2026-03-31T05:21:24.144Z] GET /api/staffs","service":"eduvault-backend","timestamp":"2026-03-31 10:51:24"}
{"level":"info","message":"[2026-03-31T05:21:24.149Z] GET /api/extracurricular/pending","service":"eduvault-backend","timestamp":"2026-03-31 10:51:24"}
{"level":"info","message":"[2026-03-31T05:21:24.154Z] GET /api/department-counts","service":"eduvault-backend","timestamp":"2026-03-31 10:51:24"}
{"level":"info","message":"[2026-03-31T05:21:24.162Z] GET /api/students","service":"eduvault-backend","timestamp":"2026-03-31 10:51:24"}
{"level":"info","message":"[2026-03-31T05:21:24.174Z] GET /api/get-staff?role=Staff","service":"eduvault-backend","timestamp":"2026-03-31 10:51:24"}
{"level":"info","message":"[2026-03-31T05:21:24.176Z] GET /api/pending-scholarships","service":"eduvault-backend","timestamp":"2026-03-31 10:51:24"}
{"level":"info","message":"[2026-03-31T05:21:24.184Z] GET /api/event-organized/pending","service":"eduvault-backend","timestamp":"2026-03-31 10:51:24"}
{"level":"info","message":"[2026-03-31T05:21:24.189Z] GET /api/event-attended/pending","service":"eduvault-backend","timestamp":"2026-03-31 10:51:24"}
{"level":"info","message":"[2026-03-31T05:21:24.195Z] GET /api/departments","service":"eduvault-backend","timestamp":"2026-03-31 10:51:24"}
{"level":"info","message":"[2026-03-31T05:21:24.201Z] GET /api/pending-achievements","service":"eduvault-backend","timestamp":"2026-03-31 10:51:24"}
{"level":"info","message":"[2026-03-31T05:21:24.205Z] GET /api/all/pending-leaves","service":"eduvault-backend","timestamp":"2026-03-31 10:51:24"}
{"level":"info","message":"[2026-03-31T05:21:24.209Z] GET /api/pending-internships","service":"eduvault-backend","timestamp":"2026-03-31 10:51:24"}
{"level":"info","message":"[2026-03-31T05:21:24.212Z] GET /api/online-courses/pending","service":"eduvault-backend","timestamp":"2026-03-31 10:51:24"}
{"level":"info","message":"[2026-03-31T05:21:24.214Z] GET /api/publications/pending","service":"eduvault-backend","timestamp":"2026-03-31 10:51:24"}
{"level":"info","message":"[2026-03-31T05:21:24.219Z] GET /api/competency-coding/pending","service":"eduvault-backend","timestamp":"2026-03-31 10:51:24"}
{"level":"info","message":"[2026-03-31T05:21:24.220Z] GET /api/noncgpa/pending","service":"eduvault-backend","timestamp":"2026-03-31 10:51:24"}
{"level":"info","message":"[2026-03-31T05:21:24.222Z] GET /api/projects/pending","service":"eduvault-backend","timestamp":"2026-03-31 10:51:24"}
{"level":"info","message":"[2026-03-31T05:21:24.242Z] GET /api/hackathon/pending","service":"eduvault-backend","timestamp":"2026-03-31 10:51:24"}
{"level":"info","message":"[2026-03-31T05:21:24.244Z] GET /api/extracurricular/pending","service":"eduvault-backend","timestamp":"2026-03-31 10:51:24"}
{"level":"info","message":"[2026-03-31T05:21:24.250Z] GET /api/pending-scholarships","service":"eduvault-backend","timestamp":"2026-03-31 10:51:24"}
{"level":"info","message":"[2026-03-31T05:21:24.252Z] GET /api/event-organized/pending","service":"eduvault-backend","timestamp":"2026-03-31 10:51:24"}
{"level":"info","message":"[2026-03-31T05:21:24.258Z] GET /api/event-attended/pending","service":"eduvault-backend","timestamp":"2026-03-31 10:51:24"}
{"level":"info","message":"[2026-03-31T05:21:24.260Z] GET /api/pending-achievements","service":"eduvault-backend","timestamp":"2026-03-31 10:51:24"}
{"level":"info","message":"[2026-03-31T05:21:24.266Z] GET /api/all/pending-leaves","service":"eduvault-backend","timestamp":"2026-03-31 10:51:24"}
{"level":"info","message":"[2026-03-31T05:21:24.268Z] GET /api/departments","service":"eduvault-backend","timestamp":"2026-03-31 10:51:24"}
{"level":"info","message":"[2026-03-31T05:21:24.272Z] GET /api/staffs","service":"eduvault-backend","timestamp":"2026-03-31 10:51:24"}
{"level":"info","message":"[2026-03-31T05:21:24.278Z] GET /api/pending-internships","service":"eduvault-backend","timestamp":"2026-03-31 10:51:24"}
{"level":"info","message":"[2026-03-31T05:21:24.279Z] GET /api/online-courses/pending","service":"eduvault-backend","timestamp":"2026-03-31 10:51:24"}
{"level":"info","message":"[2026-03-31T05:21:24.282Z] GET /api/publications/pending","service":"eduvault-backend","timestamp":"2026-03-31 10:51:24"}
{"level":"info","message":"[2026-03-31T05:21:24.283Z] GET /api/competency-coding/pending","service":"eduvault-backend","timestamp":"2026-03-31 10:51:24"}
{"level":"info","message":"[2026-03-31T05:21:24.290Z] GET /api/noncgpa/pending","service":"eduvault-backend","timestamp":"2026-03-31 10:51:24"}
{"level":"info","message":"[2026-03-31T05:21:24.308Z] GET /api/projects/pending","service":"eduvault-backend","timestamp":"2026-03-31 10:51:24"}
{"level":"info","message":"[2026-03-31T05:21:24.310Z] GET /api/pending-scholarships","service":"eduvault-backend","timestamp":"2026-03-31 10:51:24"}
{"level":"info","message":"[2026-03-31T05:21:24.313Z] GET /api/event-organized/pending","service":"eduvault-backend","timestamp":"2026-03-31 10:51:24"}
{"level":"info","message":"[2026-03-31T05:21:24.317Z] GET /api/hackathon/pending","service":"eduvault-backend","timestamp":"2026-03-31 10:51:24"}
{"level":"info","message":"[2026-03-31T05:21:24.319Z] GET /api/event-attended/pending","service":"eduvault-backend","timestamp":"2026-03-31 10:51:24"}
{"level":"info","message":"[2026-03-31T05:21:24.325Z] GET /api/pending-achievements","service":"eduvault-backend","timestamp":"2026-03-31 10:51:24"}
{"level":"info","message":"[2026-03-31T05:21:24.328Z] GET /api/extracurricular/pending","service":"eduvault-backend","timestamp":"2026-03-31 10:51:24"}
{"level":"info","message":"[2026-03-31T05:21:24.330Z] GET /api/all/pending-leaves","service":"eduvault-backend","timestamp":"2026-03-31 10:51:24"}
{"level":"info","message":"[2026-03-31T05:21:24.336Z] GET /api/pending-internships","service":"eduvault-backend","timestamp":"2026-03-31 10:51:24"}
{"level":"info","message":"[2026-03-31T05:21:24.338Z] GET /api/online-courses/pending","service":"eduvault-backend","timestamp":"2026-03-31 10:51:24"}
{"level":"info","message":"[2026-03-31T05:21:24.341Z] GET /api/publications/pending","service":"eduvault-backend","timestamp":"2026-03-31 10:51:24"}
{"level":"info","message":"[2026-03-31T05:21:24.347Z] GET /api/competency-coding/pending","service":"eduvault-backend","timestamp":"2026-03-31 10:51:24"}
{"level":"info","message":"[2026-03-31T05:21:24.349Z] GET /api/staffs","service":"eduvault-backend","timestamp":"2026-03-31 10:51:24"}
{"level":"info","message":"[2026-03-31T05:21:24.367Z] GET /api/noncgpa/pending","service":"eduvault-backend","timestamp":"2026-03-31 10:51:24"}
{"level":"info","message":"[2026-03-31T05:21:24.369Z] GET /api/projects/pending","service":"eduvault-backend","timestamp":"2026-03-31 10:51:24"}
{"level":"info","message":"[2026-03-31T05:21:24.371Z] GET /api/hackathon/pending","service":"eduvault-backend","timestamp":"2026-03-31 10:51:24"}
{"level":"info","message":"[2026-03-31T05:21:24.380Z] GET /api/extracurricular/pending","service":"eduvault-backend","timestamp":"2026-03-31 10:51:24"}
{"level":"info","message":"[2026-03-31T05:21:34.310Z] GET /api/students","service":"eduvault-backend","timestamp":"2026-03-31 10:51:34"}
{"level":"info","message":"[2026-03-31T05:21:34.318Z] GET /api/departments","service":"eduvault-backend","timestamp":"2026-03-31 10:51:34"}
{"level":"info","message":"[2026-03-31T05:21:34.340Z] GET /api/departments","service":"eduvault-backend","timestamp":"2026-03-31 10:51:34"}
{"level":"info","message":"[2026-03-31T05:21:34.350Z] GET /api/students","service":"eduvault-backend","timestamp":"2026-03-31 10:51:34"}
{"level":"info","message":"[2026-03-31T05:21:34.369Z] GET /uploads/default.jpg","service":"eduvault-backend","timestamp":"2026-03-31 10:51:34"}
{"level":"info","message":"[2026-03-31T05:21:35.778Z] GET /api/student-education/pending-approvals","service":"eduvault-backend","timestamp":"2026-03-31 10:51:35"}
{"level":"info","message":"[2026-03-31T05:21:35.799Z] GET /api/student-education/pending-approvals","service":"eduvault-backend","timestamp":"2026-03-31 10:51:35"}
{"level":"info","message":"[2026-03-31T05:21:37.609Z] GET /api/skillrack/all-records","service":"eduvault-backend","timestamp":"2026-03-31 10:51:37"}
{"level":"info","message":"[2026-03-31T05:21:37.668Z] GET /api/skillrack/all-records","service":"eduvault-backend","timestamp":"2026-03-31 10:51:37"}
{"level":"info","message":"[2026-03-31T05:21:41.867Z] GET /api/placement/student-hackathons","service":"eduvault-backend","timestamp":"2026-03-31 10:51:41"}
{"level":"info","message":"[2026-03-31T05:21:41.989Z] GET /api/placement/student-hackathons","service":"eduvault-backend","timestamp":"2026-03-31 10:51:41"}
{"level":"info","message":"[2026-03-31T05:21:46.489Z] GET /api/placement/drives","service":"eduvault-backend","timestamp":"2026-03-31 10:51:46"}
{"level":"info","message":"[2026-03-31T05:21:46.537Z] GET /api/placement/registrations/my","service":"eduvault-backend","timestamp":"2026-03-31 10:51:46"}
{"level":"info","message":"[2026-03-31T05:21:46.556Z] GET /api/placement/drives","service":"eduvault-backend","timestamp":"2026-03-31 10:51:46"}
{"level":"info","message":"[2026-03-31T05:21:46.575Z] GET /api/placement/registrations/my","service":"eduvault-backend","timestamp":"2026-03-31 10:51:46"}
{"level":"info","message":"[2026-03-31T05:21:48.674Z] GET /api/placement/companies","service":"eduvault-backend","timestamp":"2026-03-31 10:51:48"}
{"level":"info","message":"[2026-03-31T05:21:48.721Z] GET /api/placement/companies","service":"eduvault-backend","timestamp":"2026-03-31 10:51:48"}
{"level":"info","message":"[2026-03-31T05:21:50.454Z] GET /api/placement/drives","service":"eduvault-backend","timestamp":"2026-03-31 10:51:50"}
{"level":"info","message":"[2026-03-31T05:21:50.467Z] GET /api/placement/registrations/my","service":"eduvault-backend","timestamp":"2026-03-31 10:51:50"}
{"level":"info","message":"[2026-03-31T05:21:50.497Z] GET /api/placement/drives","service":"eduvault-backend","timestamp":"2026-03-31 10:51:50"}
{"level":"info","message":"[2026-03-31T05:21:50.506Z] GET /api/placement/registrations/my","service":"eduvault-backend","timestamp":"2026-03-31 10:51:50"}
{"level":"info","message":"[2026-03-31T05:22:25.890Z] GET /api/placement/drives","service":"eduvault-backend","timestamp":"2026-03-31 10:52:25"}
{"level":"info","message":"[2026-03-31T05:22:25.895Z] GET /api/placement/registrations/my","service":"eduvault-backend","timestamp":"2026-03-31 10:52:25"}
{"level":"info","message":"[2026-03-31T05:23:06.086Z] GET /api/placement/student-hackathons","service":"eduvault-backend","timestamp":"2026-03-31 10:53:06"}
{"level":"info","message":"[2026-03-31T05:23:06.144Z] GET /api/placement/student-hackathons","service":"eduvault-backend","timestamp":"2026-03-31 10:53:06"}
{"level":"info","message":"[2026-03-31T05:23:13.785Z] GET /api/placement/feedback?limit=10&offset=0","service":"eduvault-backend","timestamp":"2026-03-31 10:53:13"}
{"level":"info","message":"[2026-03-31T05:23:13.816Z] GET /api/placement/feedback?limit=10&offset=0","service":"eduvault-backend","timestamp":"2026-03-31 10:53:13"}
{"level":"info","message":"[2026-03-31T05:23:18.265Z] GET /api/placement/companies","service":"eduvault-backend","timestamp":"2026-03-31 10:53:18"}
{"level":"info","message":"[2026-03-31T05:23:18.312Z] GET /api/placement/companies","service":"eduvault-backend","timestamp":"2026-03-31 10:53:18"}
{"level":"info","message":"[2026-03-31T05:23:31.415Z] GET /api/pending-internships","service":"eduvault-backend","timestamp":"2026-03-31 10:53:31"}
{"level":"info","message":"[2026-03-31T05:23:31.419Z] GET /api/pending-scholarships","service":"eduvault-backend","timestamp":"2026-03-31 10:53:31"}
{"level":"info","message":"[2026-03-31T05:23:31.430Z] GET /api/event-organized/pending","service":"eduvault-backend","timestamp":"2026-03-31 10:53:31"}
{"level":"info","message":"[2026-03-31T05:23:31.435Z] GET /api/event-attended/pending","service":"eduvault-backend","timestamp":"2026-03-31 10:53:31"}
{"level":"info","message":"[2026-03-31T05:23:31.444Z] GET /api/all/pending-leaves","service":"eduvault-backend","timestamp":"2026-03-31 10:53:31"}
{"level":"info","message":"[2026-03-31T05:23:31.453Z] GET /api/online-courses/pending","service":"eduvault-backend","timestamp":"2026-03-31 10:53:31"}
{"level":"info","message":"[2026-03-31T05:23:31.463Z] GET /api/pending-achievements","service":"eduvault-backend","timestamp":"2026-03-31 10:53:31"}
{"level":"info","message":"[2026-03-31T05:23:31.469Z] GET /api/publications/pending","service":"eduvault-backend","timestamp":"2026-03-31 10:53:31"}
{"level":"info","message":"[2026-03-31T05:23:31.471Z] GET /api/competency-coding/pending","service":"eduvault-backend","timestamp":"2026-03-31 10:53:31"}
{"level":"info","message":"[2026-03-31T05:23:31.472Z] GET /api/noncgpa/pending","service":"eduvault-backend","timestamp":"2026-03-31 10:53:31"}
{"level":"info","message":"[2026-03-31T05:23:31.487Z] GET /api/projects/pending","service":"eduvault-backend","timestamp":"2026-03-31 10:53:31"}
{"level":"info","message":"[2026-03-31T05:23:31.490Z] GET /api/hackathon/pending","service":"eduvault-backend","timestamp":"2026-03-31 10:53:31"}
{"level":"info","message":"[2026-03-31T05:23:31.524Z] GET /api/extracurricular/pending","service":"eduvault-backend","timestamp":"2026-03-31 10:53:31"}
{"level":"info","message":"[2026-03-31T05:23:31.534Z] GET /api/pending-scholarships","service":"eduvault-backend","timestamp":"2026-03-31 10:53:31"}
{"level":"info","message":"[2026-03-31T05:23:31.536Z] GET /api/event-organized/pending","service":"eduvault-backend","timestamp":"2026-03-31 10:53:31"}
{"level":"info","message":"[2026-03-31T05:23:31.539Z] GET /api/event-attended/pending","service":"eduvault-backend","timestamp":"2026-03-31 10:53:31"}
{"level":"info","message":"[2026-03-31T05:23:31.543Z] GET /api/all/pending-leaves","service":"eduvault-backend","timestamp":"2026-03-31 10:53:31"}
{"level":"info","message":"[2026-03-31T05:23:31.552Z] GET /api/pending-internships","service":"eduvault-backend","timestamp":"2026-03-31 10:53:31"}
{"level":"info","message":"[2026-03-31T05:23:31.556Z] GET /api/pending-achievements","service":"eduvault-backend","timestamp":"2026-03-31 10:53:31"}
{"level":"info","message":"[2026-03-31T05:23:31.558Z] GET /api/online-courses/pending","service":"eduvault-backend","timestamp":"2026-03-31 10:53:31"}
{"level":"info","message":"[2026-03-31T05:23:31.566Z] GET /api/competency-coding/pending","service":"eduvault-backend","timestamp":"2026-03-31 10:53:31"}
{"level":"info","message":"[2026-03-31T05:23:31.568Z] GET /api/publications/pending","service":"eduvault-backend","timestamp":"2026-03-31 10:53:31"}
{"level":"info","message":"[2026-03-31T05:23:31.575Z] GET /api/noncgpa/pending","service":"eduvault-backend","timestamp":"2026-03-31 10:53:31"}
{"level":"info","message":"[2026-03-31T05:23:31.584Z] GET /api/projects/pending","service":"eduvault-backend","timestamp":"2026-03-31 10:53:31"}
{"level":"info","message":"[2026-03-31T05:23:31.600Z] GET /api/hackathon/pending","service":"eduvault-backend","timestamp":"2026-03-31 10:53:31"}
{"level":"info","message":"[2026-03-31T05:23:31.608Z] GET /api/extracurricular/pending","service":"eduvault-backend","timestamp":"2026-03-31 10:53:31"}
{"level":"info","message":"[2026-03-31T05:26:23.900Z] GET /api/pending-internships","service":"eduvault-backend","timestamp":"2026-03-31 10:56:23"}
{"level":"info","message":"[2026-03-31T05:26:23.911Z] GET /api/pending-scholarships","service":"eduvault-backend","timestamp":"2026-03-31 10:56:23"}
{"level":"info","message":"[2026-03-31T05:26:23.917Z] GET /api/event-organized/pending","service":"eduvault-backend","timestamp":"2026-03-31 10:56:23"}
{"level":"info","message":"[2026-03-31T05:26:23.922Z] GET /api/event-attended/pending","service":"eduvault-backend","timestamp":"2026-03-31 10:56:23"}
{"level":"info","message":"[2026-03-31T05:26:23.925Z] GET /api/all/pending-leaves","service":"eduvault-backend","timestamp":"2026-03-31 10:56:23"}
{"level":"info","message":"[2026-03-31T05:26:23.929Z] GET /api/online-courses/pending","service":"eduvault-backend","timestamp":"2026-03-31 10:56:23"}
{"level":"info","message":"[2026-03-31T05:26:23.936Z] GET /api/pending-achievements","service":"eduvault-backend","timestamp":"2026-03-31 10:56:23"}
{"level":"info","message":"[2026-03-31T05:26:23.940Z] GET /api/competency-coding/pending","service":"eduvault-backend","timestamp":"2026-03-31 10:56:23"}
{"level":"info","message":"[2026-03-31T05:26:23.942Z] GET /api/noncgpa/pending","service":"eduvault-backend","timestamp":"2026-03-31 10:56:23"}
{"level":"info","message":"[2026-03-31T05:26:23.944Z] GET /api/publications/pending","service":"eduvault-backend","timestamp":"2026-03-31 10:56:23"}
{"level":"info","message":"[2026-03-31T05:26:23.954Z] GET /api/projects/pending","service":"eduvault-backend","timestamp":"2026-03-31 10:56:23"}
{"level":"info","message":"[2026-03-31T05:26:23.955Z] GET /api/hackathon/pending","service":"eduvault-backend","timestamp":"2026-03-31 10:56:23"}
{"level":"info","message":"[2026-03-31T05:26:23.996Z] GET /api/extracurricular/pending","service":"eduvault-backend","timestamp":"2026-03-31 10:56:23"}
{"level":"info","message":"[2026-03-31T05:28:31.893Z] GET /api/pending-internships","service":"eduvault-backend","timestamp":"2026-03-31 10:58:31"}
{"level":"info","message":"[2026-03-31T05:28:31.896Z] GET /api/pending-scholarships","service":"eduvault-backend","timestamp":"2026-03-31 10:58:31"}
{"level":"info","message":"[2026-03-31T05:28:31.905Z] GET /api/event-organized/pending","service":"eduvault-backend","timestamp":"2026-03-31 10:58:31"}
{"level":"info","message":"[2026-03-31T05:28:31.908Z] GET /api/event-attended/pending","service":"eduvault-backend","timestamp":"2026-03-31 10:58:31"}
{"level":"info","message":"[2026-03-31T05:28:31.909Z] GET /api/all/pending-leaves","service":"eduvault-backend","timestamp":"2026-03-31 10:58:31"}
{"level":"info","message":"[2026-03-31T05:28:31.911Z] GET /api/online-courses/pending","service":"eduvault-backend","timestamp":"2026-03-31 10:58:31"}
{"level":"info","message":"[2026-03-31T05:28:31.913Z] GET /api/pending-achievements","service":"eduvault-backend","timestamp":"2026-03-31 10:58:31"}
{"level":"info","message":"[2026-03-31T05:28:31.919Z] GET /api/publications/pending","service":"eduvault-backend","timestamp":"2026-03-31 10:58:31"}
{"level":"info","message":"[2026-03-31T05:28:31.923Z] GET /api/competency-coding/pending","service":"eduvault-backend","timestamp":"2026-03-31 10:58:31"}
{"level":"info","message":"[2026-03-31T05:28:31.924Z] GET /api/noncgpa/pending","service":"eduvault-backend","timestamp":"2026-03-31 10:58:31"}
{"level":"info","message":"[2026-03-31T05:28:31.932Z] GET /api/projects/pending","service":"eduvault-backend","timestamp":"2026-03-31 10:58:31"}
{"level":"info","message":"[2026-03-31T05:28:31.953Z] GET /api/hackathon/pending","service":"eduvault-backend","timestamp":"2026-03-31 10:58:31"}
{"level":"info","message":"[2026-03-31T05:28:31.954Z] GET /api/extracurricular/pending","service":"eduvault-backend","timestamp":"2026-03-31 10:58:31"}
{"level":"info","message":"[2026-03-31T05:28:50.103Z] GET /api/all/pending-leaves","service":"eduvault-backend","timestamp":"2026-03-31 10:58:50"}
{"level":"info","message":"[2026-03-31T05:31:23.904Z] GET /api/pending-internships","service":"eduvault-backend","timestamp":"2026-03-31 11:01:23"}
{"level":"info","message":"[2026-03-31T05:31:23.907Z] GET /api/pending-scholarships","service":"eduvault-backend","timestamp":"2026-03-31 11:01:23"}
{"level":"info","message":"[2026-03-31T05:31:23.909Z] GET /api/event-organized/pending","service":"eduvault-backend","timestamp":"2026-03-31 11:01:23"}
{"level":"info","message":"[2026-03-31T05:31:23.912Z] GET /api/event-attended/pending","service":"eduvault-backend","timestamp":"2026-03-31 11:01:23"}
{"level":"info","message":"[2026-03-31T05:31:23.921Z] GET /api/pending-achievements","service":"eduvault-backend","timestamp":"2026-03-31 11:01:23"}
{"level":"info","message":"[2026-03-31T05:31:23.923Z] GET /api/all/pending-leaves","service":"eduvault-backend","timestamp":"2026-03-31 11:01:23"}
{"level":"info","message":"[2026-03-31T05:31:23.925Z] GET /api/online-courses/pending","service":"eduvault-backend","timestamp":"2026-03-31 11:01:23"}
{"level":"info","message":"[2026-03-31T05:31:23.931Z] GET /api/publications/pending","service":"eduvault-backend","timestamp":"2026-03-31 11:01:23"}
{"level":"info","message":"[2026-03-31T05:31:23.933Z] GET /api/competency-coding/pending","service":"eduvault-backend","timestamp":"2026-03-31 11:01:23"}
{"level":"info","message":"[2026-03-31T05:31:23.936Z] GET /api/noncgpa/pending","service":"eduvault-backend","timestamp":"2026-03-31 11:01:23"}
{"level":"info","message":"[2026-03-31T05:31:23.938Z] GET /api/projects/pending","service":"eduvault-backend","timestamp":"2026-03-31 11:01:23"}
{"level":"info","message":"[2026-03-31T05:31:23.983Z] GET /api/hackathon/pending","service":"eduvault-backend","timestamp":"2026-03-31 11:01:23"}
{"level":"info","message":"[2026-03-31T05:31:23.990Z] GET /api/extracurricular/pending","service":"eduvault-backend","timestamp":"2026-03-31 11:01:23"}
{"level":"info","message":"[2026-03-31T05:33:31.901Z] GET /api/pending-internships","service":"eduvault-backend","timestamp":"2026-03-31 11:03:31"}
{"level":"info","message":"[2026-03-31T05:33:31.911Z] GET /api/pending-scholarships","service":"eduvault-backend","timestamp":"2026-03-31 11:03:31"}
{"level":"info","message":"[2026-03-31T05:33:31.913Z] GET /api/event-organized/pending","service":"eduvault-backend","timestamp":"2026-03-31 11:03:31"}
{"level":"info","message":"[2026-03-31T05:33:31.917Z] GET /api/event-attended/pending","service":"eduvault-backend","timestamp":"2026-03-31 11:03:31"}
{"level":"info","message":"[2026-03-31T05:33:31.922Z] GET /api/all/pending-leaves","service":"eduvault-backend","timestamp":"2026-03-31 11:03:31"}
{"level":"info","message":"[2026-03-31T05:33:31.926Z] GET /api/online-courses/pending","service":"eduvault-backend","timestamp":"2026-03-31 11:03:31"}
{"level":"info","message":"[2026-03-31T05:33:31.928Z] GET /api/pending-achievements","service":"eduvault-backend","timestamp":"2026-03-31 11:03:31"}
{"level":"info","message":"[2026-03-31T05:33:31.930Z] GET /api/publications/pending","service":"eduvault-backend","timestamp":"2026-03-31 11:03:31"}
{"level":"info","message":"[2026-03-31T05:33:31.932Z] GET /api/competency-coding/pending","service":"eduvault-backend","timestamp":"2026-03-31 11:03:31"}
{"level":"info","message":"[2026-03-31T05:33:31.938Z] GET /api/noncgpa/pending","service":"eduvault-backend","timestamp":"2026-03-31 11:03:31"}
{"level":"info","message":"[2026-03-31T05:33:31.943Z] GET /api/projects/pending","service":"eduvault-backend","timestamp":"2026-03-31 11:03:31"}
{"level":"info","message":"[2026-03-31T05:33:31.980Z] GET /api/hackathon/pending","service":"eduvault-backend","timestamp":"2026-03-31 11:03:31"}
{"level":"info","message":"[2026-03-31T05:33:31.982Z] GET /api/extracurricular/pending","service":"eduvault-backend","timestamp":"2026-03-31 11:03:31"}
{"level":"info","message":"[2026-03-31T05:36:23.895Z] GET /api/pending-internships","service":"eduvault-backend","timestamp":"2026-03-31 11:06:23"}
{"level":"info","message":"[2026-03-31T05:36:23.899Z] GET /api/pending-scholarships","service":"eduvault-backend","timestamp":"2026-03-31 11:06:23"}
{"level":"info","message":"[2026-03-31T05:36:23.902Z] GET /api/event-organized/pending","service":"eduvault-backend","timestamp":"2026-03-31 11:06:23"}
{"level":"info","message":"[2026-03-31T05:36:23.905Z] GET /api/event-attended/pending","service":"eduvault-backend","timestamp":"2026-03-31 11:06:23"}
{"level":"info","message":"[2026-03-31T05:36:23.911Z] GET /api/all/pending-leaves","service":"eduvault-backend","timestamp":"2026-03-31 11:06:23"}
{"level":"info","message":"[2026-03-31T05:36:23.917Z] GET /api/online-courses/pending","service":"eduvault-backend","timestamp":"2026-03-31 11:06:23"}
{"level":"info","message":"[2026-03-31T05:36:23.925Z] GET /api/pending-achievements","service":"eduvault-backend","timestamp":"2026-03-31 11:06:23"}
{"level":"info","message":"[2026-03-31T05:36:23.928Z] GET /api/publications/pending","service":"eduvault-backend","timestamp":"2026-03-31 11:06:23"}
{"level":"info","message":"[2026-03-31T05:36:23.931Z] GET /api/competency-coding/pending","service":"eduvault-backend","timestamp":"2026-03-31 11:06:23"}
{"level":"info","message":"[2026-03-31T05:36:23.936Z] GET /api/noncgpa/pending","service":"eduvault-backend","timestamp":"2026-03-31 11:06:23"}
{"level":"info","message":"[2026-03-31T05:36:23.938Z] GET /api/projects/pending","service":"eduvault-backend","timestamp":"2026-03-31 11:06:23"}
{"level":"info","message":"[2026-03-31T05:36:23.939Z] GET /api/hackathon/pending","service":"eduvault-backend","timestamp":"2026-03-31 11:06:23"}
{"level":"info","message":"[2026-03-31T05:36:23.943Z] GET /api/extracurricular/pending","service":"eduvault-backend","timestamp":"2026-03-31 11:06:23"}
{"level":"info","message":"[2026-03-31T05:36:23.949Z] POST /api/auth/refresh","service":"eduvault-backend","timestamp":"2026-03-31 11:06:23"}
{"level":"info","message":"[2026-03-31T05:36:32.907Z] GET /api/departments","service":"eduvault-backend","timestamp":"2026-03-31 11:06:32"}
{"level":"info","message":"[2026-03-31T05:36:32.915Z] GET /api/get-staff?role=Staff","service":"eduvault-backend","timestamp":"2026-03-31 11:06:32"}
{"level":"info","message":"[2026-03-31T05:36:32.917Z] GET /api/states","service":"eduvault-backend","timestamp":"2026-03-31 11:06:32"}
{"level":"info","message":"[2026-03-31T05:36:32.940Z] GET /api/states","service":"eduvault-backend","timestamp":"2026-03-31 11:06:32"}
{"level":"info","message":"[2026-03-31T05:36:32.943Z] GET /api/departments","service":"eduvault-backend","timestamp":"2026-03-31 11:06:32"}
{"level":"info","message":"[2026-03-31T05:36:32.945Z] GET /api/get-staff?role=Staff","service":"eduvault-backend","timestamp":"2026-03-31 11:06:32"}
{"level":"info","message":"[2026-03-31T05:48:10.429Z] POST /api/auth/login","service":"eduvault-backend","timestamp":"2026-03-31 11:18:10"}
{"level":"info","message":"[2026-03-31T05:48:10.568Z] GET /api/auth/me","service":"eduvault-backend","timestamp":"2026-03-31 11:18:10"}
{"level":"info","message":"[2026-03-31T05:48:10.578Z] GET /api/get-user/2","service":"eduvault-backend","timestamp":"2026-03-31 11:18:10"}
{"level":"info","message":"[2026-03-31T05:48:10.605Z] GET /api/departments","service":"eduvault-backend","timestamp":"2026-03-31 11:18:10"}
{"level":"info","message":"[2026-03-31T05:48:10.619Z] GET /api/students","service":"eduvault-backend","timestamp":"2026-03-31 11:18:10"}
{"level":"info","message":"[2026-03-31T05:48:10.622Z] GET /api/get-staff?role=Staff","service":"eduvault-backend","timestamp":"2026-03-31 11:18:10"}
{"level":"info","message":"[2026-03-31T05:48:10.625Z] GET /api/department-counts","service":"eduvault-backend","timestamp":"2026-03-31 11:18:10"}
{"level":"info","message":"[2026-03-31T05:48:10.629Z] GET /api/pending-internships","service":"eduvault-backend","timestamp":"2026-03-31 11:18:10"}
{"level":"info","message":"[2026-03-31T05:48:10.663Z] GET /api/pending-scholarships","service":"eduvault-backend","timestamp":"2026-03-31 11:18:10"}
{"level":"info","message":"[2026-03-31T05:48:10.683Z] GET /api/event-organized/pending","service":"eduvault-backend","timestamp":"2026-03-31 11:18:10"}
{"level":"info","message":"[2026-03-31T05:48:10.687Z] GET /api/event-attended/pending","service":"eduvault-backend","timestamp":"2026-03-31 11:18:10"}
{"level":"info","message":"[2026-03-31T05:48:10.688Z] GET /api/all/pending-leaves","service":"eduvault-backend","timestamp":"2026-03-31 11:18:10"}
{"level":"info","message":"[2026-03-31T05:48:10.693Z] GET /api/online-courses/pending","service":"eduvault-backend","timestamp":"2026-03-31 11:18:10"}
{"level":"info","message":"[2026-03-31T05:48:10.697Z] GET /api/pending-achievements","service":"eduvault-backend","timestamp":"2026-03-31 11:18:10"}
{"level":"info","message":"[2026-03-31T05:48:10.699Z] GET /api/publications/pending","service":"eduvault-backend","timestamp":"2026-03-31 11:18:10"}
{"level":"info","message":"[2026-03-31T05:48:10.706Z] GET /api/competency-coding/pending","service":"eduvault-backend","timestamp":"2026-03-31 11:18:10"}
{"level":"info","message":"[2026-03-31T05:48:10.707Z] GET /api/noncgpa/pending","service":"eduvault-backend","timestamp":"2026-03-31 11:18:10"}
{"level":"info","message":"[2026-03-31T05:48:10.709Z] GET /api/projects/pending","service":"eduvault-backend","timestamp":"2026-03-31 11:18:10"}
{"level":"info","message":"[2026-03-31T05:48:10.714Z] GET /api/hackathon/pending","service":"eduvault-backend","timestamp":"2026-03-31 11:18:10"}
{"level":"info","message":"[2026-03-31T05:48:10.757Z] GET /api/extracurricular/pending","service":"eduvault-backend","timestamp":"2026-03-31 11:18:10"}
{"level":"info","message":"[2026-03-31T05:48:10.768Z] GET /api/fetch-internships?UserId=2","service":"eduvault-backend","timestamp":"2026-03-31 11:18:10"}
{"level":"info","message":"[2026-03-31T05:48:10.770Z] GET /api/pending-internships?userID=2","service":"eduvault-backend","timestamp":"2026-03-31 11:18:10"}
{"level":"info","message":"[2026-03-31T05:48:10.772Z] GET /api/event-attended/list?UserId=2","service":"eduvault-backend","timestamp":"2026-03-31 11:18:10"}
{"level":"info","message":"[2026-03-31T05:48:10.782Z] GET /api/fetch-scholarships?UserId=2","service":"eduvault-backend","timestamp":"2026-03-31 11:18:10"}
{"level":"info","message":"[2026-03-31T05:48:10.784Z] GET /api/event-organized/approved?UserId=2","service":"eduvault-backend","timestamp":"2026-03-31 11:18:10"}
{"level":"info","message":"[2026-03-31T05:48:10.825Z] GET /api/event-organized/pending?UserId=2","service":"eduvault-backend","timestamp":"2026-03-31 11:18:10"}
{"level":"info","message":"[2026-03-31T05:48:10.827Z] GET /api/pending-leaves?Userid=2","service":"eduvault-backend","timestamp":"2026-03-31 11:18:10"}
{"level":"info","message":"[2026-03-31T05:48:10.829Z] GET /api/fetch-leaves?Userid=2","service":"eduvault-backend","timestamp":"2026-03-31 11:18:10"}
{"level":"info","message":"[2026-03-31T05:48:10.836Z] GET /api/user-achievements/2","service":"eduvault-backend","timestamp":"2026-03-31 11:18:10"}
{"level":"info","message":"[2026-03-31T05:48:10.838Z] GET /api/hackathon/my-events","service":"eduvault-backend","timestamp":"2026-03-31 11:18:10"}
{"level":"info","message":"[2026-03-31T05:48:10.847Z] GET /api/publications/my-publications?UserId=2","service":"eduvault-backend","timestamp":"2026-03-31 11:18:10"}
{"level":"info","message":"[2026-03-31T05:48:10.849Z] GET /api/competency-coding/my-record?UserId=2","service":"eduvault-backend","timestamp":"2026-03-31 11:18:10"}
{"level":"info","message":"[2026-03-31T05:48:10.860Z] GET /api/competency-coding/analytics?UserId=2","service":"eduvault-backend","timestamp":"2026-03-31 11:18:10"}
{"level":"info","message":"[2026-03-31T05:48:10.868Z] GET /api/projects/my-projects?UserId=2","service":"eduvault-backend","timestamp":"2026-03-31 11:18:10"}
{"level":"info","message":"[2026-03-31T05:48:10.878Z] GET /api/competency-coding/skillrack/summary?UserId=2","service":"eduvault-backend","timestamp":"2026-03-31 11:18:10"}
{"level":"info","message":"[2026-03-31T05:48:10.880Z] GET /api/competency-coding/platform/all?UserId=2","service":"eduvault-backend","timestamp":"2026-03-31 11:18:10"}
{"level":"info","message":"[2026-03-31T05:48:10.885Z] GET /api/extracurricular/my-activities?UserId=2","service":"eduvault-backend","timestamp":"2026-03-31 11:18:10"}
{"level":"info","message":"[2026-03-31T05:48:10.888Z] GET /api/noncgpa/dropdown/categories","service":"eduvault-backend","timestamp":"2026-03-31 11:18:10"}
{"level":"info","message":"[2026-03-31T05:48:10.896Z] GET /api/noncgpa/dropdown/course-names","service":"eduvault-backend","timestamp":"2026-03-31 11:18:10"}
{"level":"info","message":"[2026-03-31T05:48:10.909Z] GET /api/noncgpa/dropdown/course-codes","service":"eduvault-backend","timestamp":"2026-03-31 11:18:10"}
{"level":"info","message":"[2026-03-31T05:48:10.914Z] GET /api/noncgpa/my-records?UserId=2","service":"eduvault-backend","timestamp":"2026-03-31 11:18:10"}
{"level":"info","message":"[2026-03-31T05:48:10.925Z] GET /api/skillrack/my-record?UserId=2","service":"eduvault-backend","timestamp":"2026-03-31 11:18:10"}
{"level":"info","message":"[2026-03-31T05:48:10.926Z] GET /api/skillrack/my-stats?UserId=2","service":"eduvault-backend","timestamp":"2026-03-31 11:18:10"}
{"level":"info","message":"[2026-03-31T05:48:10.937Z] GET /api/student-certificate/list","service":"eduvault-backend","timestamp":"2026-03-31 11:18:10"}
{"level":"info","message":"[2026-03-31T05:48:10.944Z] GET /api/staffs","service":"eduvault-backend","timestamp":"2026-03-31 11:18:10"}
{"level":"info","message":"[2026-03-31T05:48:10.945Z] GET /uploads/profile/profile-2.png","service":"eduvault-backend","timestamp":"2026-03-31 11:18:10"}
{"level":"info","message":"[2026-03-31T05:48:10.947Z] GET /api/certifications","service":"eduvault-backend","timestamp":"2026-03-31 11:18:10"}
{"level":"info","message":"[2026-03-31T05:48:10.952Z] GET /api/seed-money","service":"eduvault-backend","timestamp":"2026-03-31 11:18:10"}
{"level":"info","message":"[2026-03-31T05:48:10.954Z] GET /api/scholars","service":"eduvault-backend","timestamp":"2026-03-31 11:18:10"}
{"level":"info","message":"[2026-03-31T05:48:10.960Z] GET /api/project-proposal","service":"eduvault-backend","timestamp":"2026-03-31 11:18:10"}
{"level":"info","message":"[2026-03-31T05:48:10.968Z] GET /api/proposals","service":"eduvault-backend","timestamp":"2026-03-31 11:18:10"}
{"level":"info","message":"[2026-03-31T05:48:10.977Z] GET /api/industry","service":"eduvault-backend","timestamp":"2026-03-31 11:18:10"}
{"level":"info","message":"[2026-03-31T05:48:10.979Z] GET /api/events","service":"eduvault-backend","timestamp":"2026-03-31 11:18:10"}
{"level":"info","message":"[2026-03-31T05:48:10.986Z] GET /api/h-index","service":"eduvault-backend","timestamp":"2026-03-31 11:18:10"}
{"level":"info","message":"[2026-03-31T05:48:10.988Z] GET /api/other/events-organized","service":"eduvault-backend","timestamp":"2026-03-31 11:18:10"}
{"level":"info","message":"[2026-03-31T05:48:10.995Z] GET /api/book-chapters","service":"eduvault-backend","timestamp":"2026-03-31 11:18:10"}
{"level":"info","message":"[2026-03-31T05:48:10.999Z] GET /api/recognition","service":"eduvault-backend","timestamp":"2026-03-31 11:18:10"}
{"level":"info","message":"[2026-03-31T05:48:11.009Z] GET /api/resource-person","service":"eduvault-backend","timestamp":"2026-03-31 11:18:11"}
{"level":"info","message":"[2026-03-31T05:48:11.010Z] GET /api/patent-product","service":"eduvault-backend","timestamp":"2026-03-31 11:18:11"}
{"level":"info","message":"[2026-03-31T05:48:11.013Z] GET /api/project-mentors","service":"eduvault-backend","timestamp":"2026-03-31 11:18:11"}
{"level":"info","message":"[2026-03-31T05:48:11.016Z] GET /api/departments","service":"eduvault-backend","timestamp":"2026-03-31 11:18:11"}
{"level":"info","message":"[2026-03-31T05:48:11.023Z] GET /api/certifications","service":"eduvault-backend","timestamp":"2026-03-31 11:18:11"}
{"level":"info","message":"[2026-03-31T05:48:11.031Z] GET /api/seed-money","service":"eduvault-backend","timestamp":"2026-03-31 11:18:11"}
{"level":"info","message":"[2026-03-31T05:48:11.032Z] GET /api/scholars","service":"eduvault-backend","timestamp":"2026-03-31 11:18:11"}
{"level":"info","message":"[2026-03-31T05:48:11.034Z] GET /api/project-proposal","service":"eduvault-backend","timestamp":"2026-03-31 11:18:11"}
{"level":"info","message":"[2026-03-31T05:48:11.039Z] GET /api/other/events-organized","service":"eduvault-backend","timestamp":"2026-03-31 11:18:11"}
{"level":"info","message":"[2026-03-31T05:48:11.047Z] GET /api/events","service":"eduvault-backend","timestamp":"2026-03-31 11:18:11"}
{"level":"info","message":"[2026-03-31T05:48:11.053Z] GET /api/proposals","service":"eduvault-backend","timestamp":"2026-03-31 11:18:11"}
{"level":"info","message":"[2026-03-31T05:48:11.055Z] GET /api/industry","service":"eduvault-backend","timestamp":"2026-03-31 11:18:11"}
{"level":"info","message":"[2026-03-31T05:48:11.058Z] GET /api/h-index","service":"eduvault-backend","timestamp":"2026-03-31 11:18:11"}
{"level":"info","message":"[2026-03-31T05:48:11.060Z] GET /api/book-chapters","service":"eduvault-backend","timestamp":"2026-03-31 11:18:11"}
{"level":"info","message":"[2026-03-31T05:48:11.065Z] GET /api/recognition","service":"eduvault-backend","timestamp":"2026-03-31 11:18:11"}
{"level":"info","message":"[2026-03-31T05:48:11.080Z] GET /api/departments","service":"eduvault-backend","timestamp":"2026-03-31 11:18:11"}
{"level":"info","message":"[2026-03-31T05:48:11.086Z] GET /api/resource-person","service":"eduvault-backend","timestamp":"2026-03-31 11:18:11"}
{"level":"info","message":"[2026-03-31T05:48:11.090Z] GET /api/staffs","service":"eduvault-backend","timestamp":"2026-03-31 11:18:11"}
{"level":"info","message":"[2026-03-31T05:48:11.093Z] GET /api/patent-product","service":"eduvault-backend","timestamp":"2026-03-31 11:18:11"}
{"level":"info","message":"[2026-03-31T05:48:11.097Z] GET /api/project-mentors","service":"eduvault-backend","timestamp":"2026-03-31 11:18:11"}
{"level":"info","message":"[2026-03-31T05:48:11.098Z] GET /api/appraisals","service":"eduvault-backend","timestamp":"2026-03-31 11:18:11"}
{"level":"info","message":"[2026-03-31T05:48:11.115Z] GET /api/staffs","service":"eduvault-backend","timestamp":"2026-03-31 11:18:11"}
{"level":"info","message":"[2026-03-31T05:48:11.125Z] GET /api/appraisals","service":"eduvault-backend","timestamp":"2026-03-31 11:18:11"}
{"level":"info","message":"[2026-03-31T05:48:12.854Z] GET /api/pending-internships","service":"eduvault-backend","timestamp":"2026-03-31 11:18:12"}
{"level":"info","message":"[2026-03-31T05:48:12.857Z] GET /api/pending-scholarships","service":"eduvault-backend","timestamp":"2026-03-31 11:18:12"}
{"level":"info","message":"[2026-03-31T05:48:12.858Z] GET /api/event-organized/pending","service":"eduvault-backend","timestamp":"2026-03-31 11:18:12"}
{"level":"info","message":"[2026-03-31T05:48:12.860Z] GET /api/event-attended/pending","service":"eduvault-backend","timestamp":"2026-03-31 11:18:12"}
{"level":"info","message":"[2026-03-31T05:48:12.862Z] GET /api/all/pending-leaves","service":"eduvault-backend","timestamp":"2026-03-31 11:18:12"}
{"level":"info","message":"[2026-03-31T05:48:12.869Z] GET /api/online-courses/pending","service":"eduvault-backend","timestamp":"2026-03-31 11:18:12"}
{"level":"info","message":"[2026-03-31T05:48:12.877Z] GET /api/pending-achievements","service":"eduvault-backend","timestamp":"2026-03-31 11:18:12"}
{"level":"info","message":"[2026-03-31T05:48:12.881Z] GET /api/publications/pending","service":"eduvault-backend","timestamp":"2026-03-31 11:18:12"}
{"level":"info","message":"[2026-03-31T05:48:12.882Z] GET /api/competency-coding/pending","service":"eduvault-backend","timestamp":"2026-03-31 11:18:12"}
{"level":"info","message":"[2026-03-31T05:48:12.885Z] GET /api/noncgpa/pending","service":"eduvault-backend","timestamp":"2026-03-31 11:18:12"}
{"level":"info","message":"[2026-03-31T05:48:12.893Z] GET /api/projects/pending","service":"eduvault-backend","timestamp":"2026-03-31 11:18:12"}
{"level":"info","message":"[2026-03-31T05:48:12.895Z] GET /api/hackathon/pending","service":"eduvault-backend","timestamp":"2026-03-31 11:18:12"}
{"level":"info","message":"[2026-03-31T05:48:12.905Z] GET /api/extracurricular/pending","service":"eduvault-backend","timestamp":"2026-03-31 11:18:12"}
{"level":"info","message":"[2026-03-31T05:48:12.914Z] GET /api/pending-scholarships","service":"eduvault-backend","timestamp":"2026-03-31 11:18:12"}
{"level":"info","message":"[2026-03-31T05:48:12.916Z] GET /api/event-organized/pending","service":"eduvault-backend","timestamp":"2026-03-31 11:18:12"}
{"level":"info","message":"[2026-03-31T05:48:12.926Z] GET /api/event-attended/pending","service":"eduvault-backend","timestamp":"2026-03-31 11:18:12"}
{"level":"info","message":"[2026-03-31T05:48:12.928Z] GET /api/all/pending-leaves","service":"eduvault-backend","timestamp":"2026-03-31 11:18:12"}
{"level":"info","message":"[2026-03-31T05:48:12.929Z] GET /api/pending-achievements","service":"eduvault-backend","timestamp":"2026-03-31 11:18:12"}
{"level":"info","message":"[2026-03-31T05:48:12.931Z] GET /api/pending-internships","service":"eduvault-backend","timestamp":"2026-03-31 11:18:12"}
{"level":"info","message":"[2026-03-31T05:48:12.936Z] GET /api/online-courses/pending","service":"eduvault-backend","timestamp":"2026-03-31 11:18:12"}
{"level":"info","message":"[2026-03-31T05:48:12.940Z] GET /api/publications/pending","service":"eduvault-backend","timestamp":"2026-03-31 11:18:12"}
{"level":"info","message":"[2026-03-31T05:48:12.941Z] GET /api/competency-coding/pending","service":"eduvault-backend","timestamp":"2026-03-31 11:18:12"}
{"level":"info","message":"[2026-03-31T05:48:12.942Z] GET /api/noncgpa/pending","service":"eduvault-backend","timestamp":"2026-03-31 11:18:12"}
{"level":"info","message":"[2026-03-31T05:48:12.943Z] GET /api/projects/pending","service":"eduvault-backend","timestamp":"2026-03-31 11:18:12"}
{"level":"info","message":"[2026-03-31T05:48:12.960Z] GET /api/hackathon/pending","service":"eduvault-backend","timestamp":"2026-03-31 11:18:12"}
{"level":"info","message":"[2026-03-31T05:48:12.968Z] GET /api/extracurricular/pending","service":"eduvault-backend","timestamp":"2026-03-31 11:18:12"}
{"level":"info","message":"[2026-03-31T05:51:18.823Z] GET /api/students","service":"eduvault-backend","timestamp":"2026-03-31 11:21:18"}
{"level":"info","message":"[2026-03-31T05:51:18.829Z] GET /api/departments","service":"eduvault-backend","timestamp":"2026-03-31 11:21:18"}
{"level":"info","message":"[2026-03-31T05:51:18.846Z] GET /api/departments","service":"eduvault-backend","timestamp":"2026-03-31 11:21:18"}
{"level":"info","message":"[2026-03-31T05:51:18.865Z] GET /api/students","service":"eduvault-backend","timestamp":"2026-03-31 11:21:18"}
{"level":"info","message":"[2026-03-31T05:51:18.876Z] GET /uploads/default.jpg","service":"eduvault-backend","timestamp":"2026-03-31 11:21:18"}
{"level":"info","message":"[2026-03-31T05:51:22.586Z] GET /api/student-education/pending-approvals","service":"eduvault-backend","timestamp":"2026-03-31 11:21:22"}
{"level":"info","message":"[2026-03-31T05:51:22.596Z] GET /api/student-education/pending-approvals","service":"eduvault-backend","timestamp":"2026-03-31 11:21:22"}
{"level":"info","message":"[2026-03-31T05:51:23.416Z] GET /api/skillrack/all-records","service":"eduvault-backend","timestamp":"2026-03-31 11:21:23"}
{"level":"info","message":"[2026-03-31T05:51:23.430Z] GET /api/skillrack/all-records","service":"eduvault-backend","timestamp":"2026-03-31 11:21:23"}
{"level":"info","message":"[2026-03-31T05:51:27.141Z] GET /api/resume-staff/staff-data/2","service":"eduvault-backend","timestamp":"2026-03-31 11:21:27"}
{"level":"info","message":"[2026-03-31T05:51:27.291Z] GET /api/resume-staff/staff-data/2","service":"eduvault-backend","timestamp":"2026-03-31 11:21:27"}
{"level":"info","message":"[2026-03-31T05:51:27.296Z] GET /api/resume-staff/profile-image/2","service":"eduvault-backend","timestamp":"2026-03-31 11:21:27"}
{"level":"info","message":"[2026-03-31T05:51:27.329Z] GET /api/resume-staff/profile-image/2","service":"eduvault-backend","timestamp":"2026-03-31 11:21:27"}
{"level":"info","message":"[2026-03-31T05:51:31.411Z] GET /api/staff/tlp","service":"eduvault-backend","timestamp":"2026-03-31 11:21:31"}
{"level":"info","message":"[2026-03-31T05:51:31.427Z] GET /api/staff/tlp","service":"eduvault-backend","timestamp":"2026-03-31 11:21:31"}
{"level":"info","message":"[2026-03-31T05:51:32.225Z] GET /api/activity","service":"eduvault-backend","timestamp":"2026-03-31 11:21:32"}
{"level":"info","message":"[2026-03-31T05:51:32.243Z] GET /api/activity","service":"eduvault-backend","timestamp":"2026-03-31 11:21:32"}
{"level":"info","message":"[2026-03-31T05:51:33.382Z] GET /api/staff/tlp","service":"eduvault-backend","timestamp":"2026-03-31 11:21:33"}
{"level":"info","message":"[2026-03-31T05:51:33.398Z] GET /api/staff/tlp","service":"eduvault-backend","timestamp":"2026-03-31 11:21:33"}
{"level":"info","message":"[2026-03-31T05:51:36.759Z] GET /api/activity","service":"eduvault-backend","timestamp":"2026-03-31 11:21:36"}
{"level":"info","message":"[2026-03-31T05:51:36.775Z] GET /api/activity","service":"eduvault-backend","timestamp":"2026-03-31 11:21:36"}
{"level":"info","message":"[2026-03-31T05:51:48.203Z] GET /api/resume-staff/staff-data/2","service":"eduvault-backend","timestamp":"2026-03-31 11:21:48"}
{"level":"info","message":"[2026-03-31T05:51:48.292Z] GET /api/resume-staff/staff-data/2","service":"eduvault-backend","timestamp":"2026-03-31 11:21:48"}
{"level":"info","message":"[2026-03-31T05:51:48.298Z] GET /api/resume-staff/profile-image/2","service":"eduvault-backend","timestamp":"2026-03-31 11:21:48"}
{"level":"info","message":"[2026-03-31T05:51:48.328Z] GET /api/resume-staff/profile-image/2","service":"eduvault-backend","timestamp":"2026-03-31 11:21:48"}
{"level":"info","message":"[2026-03-31T05:52:06.063Z] GET /api/seed-money","service":"eduvault-backend","timestamp":"2026-03-31 11:22:06"}
{"level":"info","message":"[2026-03-31T05:52:06.066Z] GET /api/scholars","service":"eduvault-backend","timestamp":"2026-03-31 11:22:06"}
{"level":"info","message":"[2026-03-31T05:52:06.075Z] GET /api/proposals","service":"eduvault-backend","timestamp":"2026-03-31 11:22:06"}
{"level":"info","message":"[2026-03-31T05:52:06.087Z] GET /api/project-proposal","service":"eduvault-backend","timestamp":"2026-03-31 11:22:06"}
{"level":"info","message":"[2026-03-31T05:52:06.111Z] GET /api/events","service":"eduvault-backend","timestamp":"2026-03-31 11:22:06"}
{"level":"info","message":"[2026-03-31T05:52:06.113Z] GET /api/industry","service":"eduvault-backend","timestamp":"2026-03-31 11:22:06"}
{"level":"info","message":"[2026-03-31T05:52:06.137Z] GET /api/certifications","service":"eduvault-backend","timestamp":"2026-03-31 11:22:06"}
{"level":"info","message":"[2026-03-31T05:52:06.142Z] GET /api/book-chapters","service":"eduvault-backend","timestamp":"2026-03-31 11:22:06"}
{"level":"info","message":"[2026-03-31T05:52:06.158Z] GET /api/other/events-organized","service":"eduvault-backend","timestamp":"2026-03-31 11:22:06"}
{"level":"info","message":"[2026-03-31T05:52:06.160Z] GET /api/h-index","service":"eduvault-backend","timestamp":"2026-03-31 11:22:06"}
{"level":"info","message":"[2026-03-31T05:52:06.167Z] GET /api/resource-person","service":"eduvault-backend","timestamp":"2026-03-31 11:22:06"}
{"level":"info","message":"[2026-03-31T05:52:06.175Z] GET /api/recognition","service":"eduvault-backend","timestamp":"2026-03-31 11:22:06"}
{"level":"info","message":"[2026-03-31T05:52:06.183Z] GET /api/patent-product","service":"eduvault-backend","timestamp":"2026-03-31 11:22:06"}
{"level":"info","message":"[2026-03-31T05:52:06.186Z] GET /api/project-mentors","service":"eduvault-backend","timestamp":"2026-03-31 11:22:06"}
{"level":"info","message":"[2026-03-31T05:52:06.195Z] GET /api/seed-money","service":"eduvault-backend","timestamp":"2026-03-31 11:22:06"}
{"level":"info","message":"[2026-03-31T05:52:06.205Z] GET /api/scholars","service":"eduvault-backend","timestamp":"2026-03-31 11:22:06"}
{"level":"info","message":"[2026-03-31T05:52:06.208Z] GET /api/project-proposal","service":"eduvault-backend","timestamp":"2026-03-31 11:22:06"}
{"level":"info","message":"[2026-03-31T05:52:06.220Z] GET /api/proposals","service":"eduvault-backend","timestamp":"2026-03-31 11:22:06"}
{"level":"info","message":"[2026-03-31T05:52:06.231Z] GET /api/events","service":"eduvault-backend","timestamp":"2026-03-31 11:22:06"}
{"level":"info","message":"[2026-03-31T05:52:06.235Z] GET /api/other/events-organized","service":"eduvault-backend","timestamp":"2026-03-31 11:22:06"}
{"level":"info","message":"[2026-03-31T05:52:06.267Z] GET /api/industry","service":"eduvault-backend","timestamp":"2026-03-31 11:22:06"}
{"level":"info","message":"[2026-03-31T05:52:06.271Z] GET /api/certifications","service":"eduvault-backend","timestamp":"2026-03-31 11:22:06"}
{"level":"info","message":"[2026-03-31T05:52:06.279Z] GET /api/book-chapters","service":"eduvault-backend","timestamp":"2026-03-31 11:22:06"}
{"level":"info","message":"[2026-03-31T05:52:06.286Z] GET /api/h-index","service":"eduvault-backend","timestamp":"2026-03-31 11:22:06"}
{"level":"info","message":"[2026-03-31T05:52:06.297Z] GET /api/resource-person","service":"eduvault-backend","timestamp":"2026-03-31 11:22:06"}
{"level":"info","message":"[2026-03-31T05:52:06.311Z] GET /api/recognition","service":"eduvault-backend","timestamp":"2026-03-31 11:22:06"}
{"level":"info","message":"[2026-03-31T05:52:06.321Z] GET /api/patent-product","service":"eduvault-backend","timestamp":"2026-03-31 11:22:06"}
{"level":"info","message":"[2026-03-31T05:52:06.323Z] GET /api/project-mentors","service":"eduvault-backend","timestamp":"2026-03-31 11:22:06"}
{"level":"info","message":"[2026-03-31T05:52:06.325Z] GET /api/appraisals","service":"eduvault-backend","timestamp":"2026-03-31 11:22:06"}
{"level":"info","message":"[2026-03-31T05:52:06.348Z] GET /api/appraisals","service":"eduvault-backend","timestamp":"2026-03-31 11:22:06"}
{"level":"info","message":"[2026-03-31T05:53:10.902Z] GET /api/pending-internships","service":"eduvault-backend","timestamp":"2026-03-31 11:23:10"}
{"level":"info","message":"[2026-03-31T05:53:10.910Z] GET /api/pending-scholarships","service":"eduvault-backend","timestamp":"2026-03-31 11:23:10"}
{"level":"info","message":"[2026-03-31T05:53:10.928Z] GET /api/event-organized/pending","service":"eduvault-backend","timestamp":"2026-03-31 11:23:10"}
{"level":"info","message":"[2026-03-31T05:53:10.930Z] GET /api/event-attended/pending","service":"eduvault-backend","timestamp":"2026-03-31 11:23:10"}
{"level":"info","message":"[2026-03-31T05:53:10.937Z] GET /api/all/pending-leaves","service":"eduvault-backend","timestamp":"2026-03-31 11:23:10"}
{"level":"info","message":"[2026-03-31T05:53:10.940Z] GET /api/online-courses/pending","service":"eduvault-backend","timestamp":"2026-03-31 11:23:10"}
{"level":"info","message":"[2026-03-31T05:53:10.956Z] GET /api/pending-achievements","service":"eduvault-backend","timestamp":"2026-03-31 11:23:10"}
{"level":"info","message":"[2026-03-31T05:53:10.961Z] GET /api/publications/pending","service":"eduvault-backend","timestamp":"2026-03-31 11:23:10"}
{"level":"info","message":"[2026-03-31T05:53:10.964Z] GET /api/competency-coding/pending","service":"eduvault-backend","timestamp":"2026-03-31 11:23:10"}
{"level":"info","message":"[2026-03-31T05:53:10.965Z] GET /api/noncgpa/pending","service":"eduvault-backend","timestamp":"2026-03-31 11:23:10"}
{"level":"info","message":"[2026-03-31T05:53:10.967Z] GET /api/projects/pending","service":"eduvault-backend","timestamp":"2026-03-31 11:23:10"}
{"level":"info","message":"[2026-03-31T05:53:10.975Z] GET /api/hackathon/pending","service":"eduvault-backend","timestamp":"2026-03-31 11:23:10"}
{"level":"info","message":"[2026-03-31T05:53:10.981Z] GET /api/extracurricular/pending","service":"eduvault-backend","timestamp":"2026-03-31 11:23:10"}
{"level":"info","message":"[2026-03-31T05:53:31.199Z] GET /api/pending-internships","service":"eduvault-backend","timestamp":"2026-03-31 11:23:31"}
{"level":"info","message":"[2026-03-31T05:53:31.208Z] GET /api/event-organized/pending","service":"eduvault-backend","timestamp":"2026-03-31 11:23:31"}
{"level":"info","message":"[2026-03-31T05:53:31.212Z] GET /api/pending-scholarships","service":"eduvault-backend","timestamp":"2026-03-31 11:23:31"}
{"level":"info","message":"[2026-03-31T05:53:31.219Z] GET /api/event-attended/pending","service":"eduvault-backend","timestamp":"2026-03-31 11:23:31"}
{"level":"info","message":"[2026-03-31T05:53:31.224Z] GET /api/all/pending-leaves","service":"eduvault-backend","timestamp":"2026-03-31 11:23:31"}
{"level":"info","message":"[2026-03-31T05:53:31.226Z] GET /api/online-courses/pending","service":"eduvault-backend","timestamp":"2026-03-31 11:23:31"}
{"level":"info","message":"[2026-03-31T05:53:31.233Z] GET /api/pending-achievements","service":"eduvault-backend","timestamp":"2026-03-31 11:23:31"}
{"level":"info","message":"[2026-03-31T05:53:31.235Z] GET /api/publications/pending","service":"eduvault-backend","timestamp":"2026-03-31 11:23:31"}
{"level":"info","message":"[2026-03-31T05:53:31.238Z] GET /api/competency-coding/pending","service":"eduvault-backend","timestamp":"2026-03-31 11:23:31"}
{"level":"info","message":"[2026-03-31T05:53:31.245Z] GET /api/noncgpa/pending","service":"eduvault-backend","timestamp":"2026-03-31 11:23:31"}
{"level":"info","message":"[2026-03-31T05:53:31.248Z] GET /api/projects/pending","service":"eduvault-backend","timestamp":"2026-03-31 11:23:31"}
{"level":"info","message":"[2026-03-31T05:53:31.280Z] GET /api/hackathon/pending","service":"eduvault-backend","timestamp":"2026-03-31 11:23:31"}
{"level":"info","message":"[2026-03-31T05:53:31.287Z] GET /api/extracurricular/pending","service":"eduvault-backend","timestamp":"2026-03-31 11:23:31"}
{"level":"info","message":"[2026-03-31T05:53:31.293Z] GET /api/event-organized/pending","service":"eduvault-backend","timestamp":"2026-03-31 11:23:31"}
{"level":"info","message":"[2026-03-31T05:53:31.303Z] GET /api/pending-scholarships","service":"eduvault-backend","timestamp":"2026-03-31 11:23:31"}
{"level":"info","message":"[2026-03-31T05:53:31.306Z] GET /api/event-attended/pending","service":"eduvault-backend","timestamp":"2026-03-31 11:23:31"}
{"level":"info","message":"[2026-03-31T05:53:31.308Z] GET /api/all/pending-leaves","service":"eduvault-backend","timestamp":"2026-03-31 11:23:31"}
{"level":"info","message":"[2026-03-31T05:53:31.311Z] GET /api/pending-achievements","service":"eduvault-backend","timestamp":"2026-03-31 11:23:31"}
{"level":"info","message":"[2026-03-31T05:53:31.313Z] GET /api/pending-internships","service":"eduvault-backend","timestamp":"2026-03-31 11:23:31"}
{"level":"info","message":"[2026-03-31T05:53:31.315Z] GET /api/online-courses/pending","service":"eduvault-backend","timestamp":"2026-03-31 11:23:31"}
{"level":"info","message":"[2026-03-31T05:53:31.320Z] GET /api/publications/pending","service":"eduvault-backend","timestamp":"2026-03-31 11:23:31"}
{"level":"info","message":"[2026-03-31T05:53:31.321Z] GET /api/competency-coding/pending","service":"eduvault-backend","timestamp":"2026-03-31 11:23:31"}
{"level":"info","message":"[2026-03-31T05:53:31.323Z] GET /api/projects/pending","service":"eduvault-backend","timestamp":"2026-03-31 11:23:31"}
{"level":"info","message":"[2026-03-31T05:53:31.341Z] GET /api/noncgpa/pending","service":"eduvault-backend","timestamp":"2026-03-31 11:23:31"}
{"level":"info","message":"[2026-03-31T05:53:31.360Z] GET /api/hackathon/pending","service":"eduvault-backend","timestamp":"2026-03-31 11:23:31"}
{"level":"info","message":"[2026-03-31T05:53:31.369Z] GET /api/extracurricular/pending","service":"eduvault-backend","timestamp":"2026-03-31 11:23:31"}
{"level":"info","message":"[2026-03-31T05:53:32.551Z] GET /api/students","service":"eduvault-backend","timestamp":"2026-03-31 11:23:32"}
{"level":"info","message":"[2026-03-31T05:53:32.555Z] GET /api/departments","service":"eduvault-backend","timestamp":"2026-03-31 11:23:32"}
{"level":"info","message":"[2026-03-31T05:53:32.580Z] GET /api/students","service":"eduvault-backend","timestamp":"2026-03-31 11:23:32"}
{"level":"info","message":"[2026-03-31T05:53:32.587Z] GET /api/departments","service":"eduvault-backend","timestamp":"2026-03-31 11:23:32"}
{"level":"info","message":"[2026-03-31T05:53:32.597Z] GET /uploads/default.jpg","service":"eduvault-backend","timestamp":"2026-03-31 11:23:32"}
{"level":"info","message":"[2026-03-31T05:53:33.510Z] GET /api/student-education/pending-approvals","service":"eduvault-backend","timestamp":"2026-03-31 11:23:33"}
{"level":"info","message":"[2026-03-31T05:53:33.523Z] GET /api/student-education/pending-approvals","service":"eduvault-backend","timestamp":"2026-03-31 11:23:33"}
{"level":"info","message":"[2026-03-31T05:53:34.405Z] GET /api/pending-internships","service":"eduvault-backend","timestamp":"2026-03-31 11:23:34"}
{"level":"info","message":"[2026-03-31T05:53:34.409Z] GET /api/pending-scholarships","service":"eduvault-backend","timestamp":"2026-03-31 11:23:34"}
{"level":"info","message":"[2026-03-31T05:53:34.411Z] GET /api/event-organized/pending","service":"eduvault-backend","timestamp":"2026-03-31 11:23:34"}
{"level":"info","message":"[2026-03-31T05:53:34.412Z] GET /api/event-attended/pending","service":"eduvault-backend","timestamp":"2026-03-31 11:23:34"}
{"level":"info","message":"[2026-03-31T05:53:34.414Z] GET /api/all/pending-leaves","service":"eduvault-backend","timestamp":"2026-03-31 11:23:34"}
{"level":"info","message":"[2026-03-31T05:53:34.416Z] GET /api/online-courses/pending","service":"eduvault-backend","timestamp":"2026-03-31 11:23:34"}
{"level":"info","message":"[2026-03-31T05:53:34.426Z] GET /api/pending-achievements","service":"eduvault-backend","timestamp":"2026-03-31 11:23:34"}
{"level":"info","message":"[2026-03-31T05:53:34.427Z] GET /api/publications/pending","service":"eduvault-backend","timestamp":"2026-03-31 11:23:34"}
{"level":"info","message":"[2026-03-31T05:53:34.428Z] GET /api/competency-coding/pending","service":"eduvault-backend","timestamp":"2026-03-31 11:23:34"}
{"level":"info","message":"[2026-03-31T05:53:34.429Z] GET /api/noncgpa/pending","service":"eduvault-backend","timestamp":"2026-03-31 11:23:34"}
{"level":"info","message":"[2026-03-31T05:53:34.439Z] GET /api/projects/pending","service":"eduvault-backend","timestamp":"2026-03-31 11:23:34"}
{"level":"info","message":"[2026-03-31T05:53:34.449Z] GET /api/hackathon/pending","service":"eduvault-backend","timestamp":"2026-03-31 11:23:34"}
{"level":"info","message":"[2026-03-31T05:53:34.459Z] GET /api/extracurricular/pending","service":"eduvault-backend","timestamp":"2026-03-31 11:23:34"}
{"level":"info","message":"[2026-03-31T05:53:34.462Z] GET /api/pending-scholarships","service":"eduvault-backend","timestamp":"2026-03-31 11:23:34"}
{"level":"info","message":"[2026-03-31T05:53:34.464Z] GET /api/event-organized/pending","service":"eduvault-backend","timestamp":"2026-03-31 11:23:34"}
{"level":"info","message":"[2026-03-31T05:53:34.476Z] GET /api/event-attended/pending","service":"eduvault-backend","timestamp":"2026-03-31 11:23:34"}
{"level":"info","message":"[2026-03-31T05:53:34.480Z] GET /api/all/pending-leaves","service":"eduvault-backend","timestamp":"2026-03-31 11:23:34"}
{"level":"info","message":"[2026-03-31T05:53:34.483Z] GET /api/pending-achievements","service":"eduvault-backend","timestamp":"2026-03-31 11:23:34"}
{"level":"info","message":"[2026-03-31T05:53:34.486Z] GET /api/pending-internships","service":"eduvault-backend","timestamp":"2026-03-31 11:23:34"}
{"level":"info","message":"[2026-03-31T05:53:34.494Z] GET /api/online-courses/pending","service":"eduvault-backend","timestamp":"2026-03-31 11:23:34"}
{"level":"info","message":"[2026-03-31T05:53:34.499Z] GET /api/competency-coding/pending","service":"eduvault-backend","timestamp":"2026-03-31 11:23:34"}
{"level":"info","message":"[2026-03-31T05:53:34.500Z] GET /api/publications/pending","service":"eduvault-backend","timestamp":"2026-03-31 11:23:34"}
{"level":"info","message":"[2026-03-31T05:53:34.501Z] GET /api/noncgpa/pending","service":"eduvault-backend","timestamp":"2026-03-31 11:23:34"}
{"level":"info","message":"[2026-03-31T05:53:34.503Z] GET /api/projects/pending","service":"eduvault-backend","timestamp":"2026-03-31 11:23:34"}
{"level":"info","message":"[2026-03-31T05:53:34.523Z] GET /api/hackathon/pending","service":"eduvault-backend","timestamp":"2026-03-31 11:23:34"}
{"level":"info","message":"[2026-03-31T05:53:34.529Z] GET /api/extracurricular/pending","service":"eduvault-backend","timestamp":"2026-03-31 11:23:34"}
{"level":"info","message":"[2026-03-31T05:53:50.438Z] GET /api/resume-staff/staff-data/2","service":"eduvault-backend","timestamp":"2026-03-31 11:23:50"}
{"level":"info","message":"[2026-03-31T05:53:50.740Z] GET /api/resume-staff/staff-data/2","service":"eduvault-backend","timestamp":"2026-03-31 11:23:50"}
{"level":"info","message":"[2026-03-31T05:53:50.747Z] GET /api/resume-staff/profile-image/2","service":"eduvault-backend","timestamp":"2026-03-31 11:23:50"}
{"level":"info","message":"[2026-03-31T05:53:50.819Z] GET /api/resume-staff/profile-image/2","service":"eduvault-backend","timestamp":"2026-03-31 11:23:50"}
{"level":"info","message":"[2026-03-31T05:53:53.968Z] GET /api/activity","service":"eduvault-backend","timestamp":"2026-03-31 11:23:53"}
{"level":"info","message":"[2026-03-31T05:53:53.987Z] GET /api/activity","service":"eduvault-backend","timestamp":"2026-03-31 11:23:53"}
{"level":"info","message":"[2026-03-31T05:56:03.117Z] GET /api/departments","service":"eduvault-backend","timestamp":"2026-03-31 11:26:03"}
{"level":"info","message":"[2026-03-31T05:56:03.126Z] GET /api/get-staff?role=Staff","service":"eduvault-backend","timestamp":"2026-03-31 11:26:03"}
{"level":"info","message":"[2026-03-31T05:56:03.129Z] GET /api/states","service":"eduvault-backend","timestamp":"2026-03-31 11:26:03"}
{"level":"info","message":"[2026-03-31T05:56:03.132Z] GET /api/auth/me","service":"eduvault-backend","timestamp":"2026-03-31 11:26:03"}
{"level":"info","message":"[2026-03-31T05:56:03.166Z] GET /api/departments","service":"eduvault-backend","timestamp":"2026-03-31 11:26:03"}
{"level":"info","message":"[2026-03-31T05:56:03.186Z] GET /api/auth/me","service":"eduvault-backend","timestamp":"2026-03-31 11:26:03"}
{"level":"info","message":"[2026-03-31T05:56:03.188Z] GET /api/get-user/2","service":"eduvault-backend","timestamp":"2026-03-31 11:26:03"}
{"level":"info","message":"[2026-03-31T05:56:03.195Z] GET /api/states","service":"eduvault-backend","timestamp":"2026-03-31 11:26:03"}
{"level":"info","message":"[2026-03-31T05:56:03.200Z] GET /api/get-staff?role=Staff","service":"eduvault-backend","timestamp":"2026-03-31 11:26:03"}
{"level":"info","message":"[2026-03-31T05:56:03.227Z] GET /api/get-user/2","service":"eduvault-backend","timestamp":"2026-03-31 11:26:03"}
{"level":"info","message":"[2026-03-31T05:56:03.237Z] GET /uploads/profile/profile-2.png","service":"eduvault-backend","timestamp":"2026-03-31 11:26:03"}
{"level":"info","message":"[2026-03-31T05:56:03.275Z] GET /api/departments","service":"eduvault-backend","timestamp":"2026-03-31 11:26:03"}
{"level":"info","message":"[2026-03-31T05:56:03.284Z] GET /api/get-staff?role=Staff","service":"eduvault-backend","timestamp":"2026-03-31 11:26:03"}
{"level":"info","message":"[2026-03-31T05:56:03.296Z] GET /api/activity","service":"eduvault-backend","timestamp":"2026-03-31 11:26:03"}
{"level":"info","message":"[2026-03-31T05:56:03.298Z] GET /api/students","service":"eduvault-backend","timestamp":"2026-03-31 11:26:03"}
{"level":"info","message":"[2026-03-31T05:56:03.301Z] GET /api/event-organized/pending","service":"eduvault-backend","timestamp":"2026-03-31 11:26:03"}
{"level":"info","message":"[2026-03-31T05:56:03.303Z] GET /api/department-counts","service":"eduvault-backend","timestamp":"2026-03-31 11:26:03"}
{"level":"info","message":"[2026-03-31T05:56:03.314Z] GET /api/pending-scholarships","service":"eduvault-backend","timestamp":"2026-03-31 11:26:03"}
{"level":"info","message":"[2026-03-31T05:56:03.348Z] GET /api/online-courses/pending","service":"eduvault-backend","timestamp":"2026-03-31 11:26:03"}
{"level":"info","message":"[2026-03-31T05:56:03.357Z] GET /api/pending-internships","service":"eduvault-backend","timestamp":"2026-03-31 11:26:03"}
{"level":"info","message":"[2026-03-31T05:56:03.373Z] GET /api/all/pending-leaves","service":"eduvault-backend","timestamp":"2026-03-31 11:26:03"}
{"level":"info","message":"[2026-03-31T05:56:03.382Z] GET /api/event-attended/pending","service":"eduvault-backend","timestamp":"2026-03-31 11:26:03"}
{"level":"info","message":"[2026-03-31T05:56:03.397Z] GET /api/pending-achievements","service":"eduvault-backend","timestamp":"2026-03-31 11:26:03"}
{"level":"info","message":"[2026-03-31T05:56:03.424Z] GET /api/competency-coding/pending","service":"eduvault-backend","timestamp":"2026-03-31 11:26:03"}
{"level":"info","message":"[2026-03-31T05:56:03.434Z] GET /api/publications/pending","service":"eduvault-backend","timestamp":"2026-03-31 11:26:03"}
{"level":"info","message":"[2026-03-31T05:56:03.436Z] GET /api/noncgpa/pending","service":"eduvault-backend","timestamp":"2026-03-31 11:26:03"}
{"level":"info","message":"[2026-03-31T05:56:03.442Z] GET /api/projects/pending","service":"eduvault-backend","timestamp":"2026-03-31 11:26:03"}
{"level":"info","message":"[2026-03-31T05:56:03.456Z] GET /api/hackathon/pending","service":"eduvault-backend","timestamp":"2026-03-31 11:26:03"}
{"level":"info","message":"[2026-03-31T05:56:03.468Z] GET /api/extracurricular/pending","service":"eduvault-backend","timestamp":"2026-03-31 11:26:03"}
{"level":"info","message":"[2026-03-31T05:56:03.475Z] GET /api/fetch-internships?UserId=2","service":"eduvault-backend","timestamp":"2026-03-31 11:26:03"}
{"level":"info","message":"[2026-03-31T05:56:03.482Z] GET /api/pending-internships?userID=2","service":"eduvault-backend","timestamp":"2026-03-31 11:26:03"}
{"level":"info","message":"[2026-03-31T05:56:03.484Z] GET /api/fetch-scholarships?UserId=2","service":"eduvault-backend","timestamp":"2026-03-31 11:26:03"}
{"level":"info","message":"[2026-03-31T05:56:03.492Z] GET /api/event-organized/approved?UserId=2","service":"eduvault-backend","timestamp":"2026-03-31 11:26:03"}
{"level":"info","message":"[2026-03-31T05:56:03.506Z] GET /api/event-organized/pending?UserId=2","service":"eduvault-backend","timestamp":"2026-03-31 11:26:03"}
{"level":"info","message":"[2026-03-31T05:56:03.508Z] GET /api/fetch-leaves?Userid=2","service":"eduvault-backend","timestamp":"2026-03-31 11:26:03"}
{"level":"info","message":"[2026-03-31T05:56:03.522Z] GET /api/user-achievements/2","service":"eduvault-backend","timestamp":"2026-03-31 11:26:03"}
{"level":"info","message":"[2026-03-31T05:56:03.524Z] GET /api/event-attended/list?UserId=2","service":"eduvault-backend","timestamp":"2026-03-31 11:26:03"}
{"level":"info","message":"[2026-03-31T05:56:03.539Z] GET /api/pending-leaves?Userid=2","service":"eduvault-backend","timestamp":"2026-03-31 11:26:03"}
{"level":"info","message":"[2026-03-31T05:56:03.562Z] GET /api/hackathon/my-events","service":"eduvault-backend","timestamp":"2026-03-31 11:26:03"}
{"level":"info","message":"[2026-03-31T05:56:03.565Z] GET /api/publications/my-publications?UserId=2","service":"eduvault-backend","timestamp":"2026-03-31 11:26:03"}
{"level":"info","message":"[2026-03-31T05:56:03.586Z] GET /api/competency-coding/my-record?UserId=2","service":"eduvault-backend","timestamp":"2026-03-31 11:26:03"}
{"level":"info","message":"[2026-03-31T05:56:03.599Z] GET /api/projects/my-projects?UserId=2","service":"eduvault-backend","timestamp":"2026-03-31 11:26:03"}
{"level":"info","message":"[2026-03-31T05:56:03.602Z] GET /api/competency-coding/skillrack/summary?UserId=2","service":"eduvault-backend","timestamp":"2026-03-31 11:26:03"}
{"level":"info","message":"[2026-03-31T05:56:03.616Z] GET /api/extracurricular/my-activities?UserId=2","service":"eduvault-backend","timestamp":"2026-03-31 11:26:03"}
{"level":"info","message":"[2026-03-31T05:56:03.619Z] GET /api/competency-coding/platform/all?UserId=2","service":"eduvault-backend","timestamp":"2026-03-31 11:26:03"}
{"level":"info","message":"[2026-03-31T05:56:03.630Z] GET /api/competency-coding/analytics?UserId=2","service":"eduvault-backend","timestamp":"2026-03-31 11:26:03"}
{"level":"info","message":"[2026-03-31T05:56:03.639Z] GET /api/noncgpa/dropdown/categories","service":"eduvault-backend","timestamp":"2026-03-31 11:26:03"}
{"level":"info","message":"[2026-03-31T05:56:03.640Z] GET /api/noncgpa/dropdown/course-names","service":"eduvault-backend","timestamp":"2026-03-31 11:26:03"}
{"level":"info","message":"[2026-03-31T05:56:03.648Z] GET /api/noncgpa/my-records?UserId=2","service":"eduvault-backend","timestamp":"2026-03-31 11:26:03"}
{"level":"info","message":"[2026-03-31T05:56:03.650Z] GET /api/noncgpa/dropdown/course-codes","service":"eduvault-backend","timestamp":"2026-03-31 11:26:03"}
{"level":"info","message":"[2026-03-31T05:56:03.657Z] GET /api/skillrack/my-record?UserId=2","service":"eduvault-backend","timestamp":"2026-03-31 11:26:03"}
{"level":"info","message":"[2026-03-31T05:56:03.665Z] GET /api/skillrack/my-stats?UserId=2","service":"eduvault-backend","timestamp":"2026-03-31 11:26:03"}
{"level":"info","message":"[2026-03-31T05:56:03.668Z] GET /api/student-certificate/list","service":"eduvault-backend","timestamp":"2026-03-31 11:26:03"}
{"level":"info","message":"[2026-03-31T05:56:03.676Z] GET /api/staffs","service":"eduvault-backend","timestamp":"2026-03-31 11:26:03"}
{"level":"info","message":"[2026-03-31T05:56:03.678Z] GET /api/department-counts","service":"eduvault-backend","timestamp":"2026-03-31 11:26:03"}
{"level":"info","message":"[2026-03-31T05:56:03.685Z] GET /api/get-staff?role=Staff","service":"eduvault-backend","timestamp":"2026-03-31 11:26:03"}
{"level":"info","message":"[2026-03-31T05:56:03.687Z] GET /api/students","service":"eduvault-backend","timestamp":"2026-03-31 11:26:03"}
{"level":"info","message":"[2026-03-31T05:56:03.688Z] GET /api/activity","service":"eduvault-backend","timestamp":"2026-03-31 11:26:03"}
{"level":"info","message":"[2026-03-31T05:56:03.704Z] GET /api/departments","service":"eduvault-backend","timestamp":"2026-03-31 11:26:03"}
{"level":"info","message":"[2026-03-31T05:56:03.715Z] GET /api/activity","service":"eduvault-backend","timestamp":"2026-03-31 11:26:03"}
{"level":"info","message":"[2026-03-31T05:56:03.720Z] GET /api/departments","service":"eduvault-backend","timestamp":"2026-03-31 11:26:03"}
{"level":"info","message":"[2026-03-31T05:56:03.724Z] GET /api/staffs","service":"eduvault-backend","timestamp":"2026-03-31 11:26:03"}
{"level":"info","message":"[2026-03-31T05:56:03.731Z] GET /api/activity","service":"eduvault-backend","timestamp":"2026-03-31 11:26:03"}
{"level":"info","message":"[2026-03-31T05:56:03.741Z] GET /api/staffs","service":"eduvault-backend","timestamp":"2026-03-31 11:26:03"}
{"level":"info","message":"[2026-03-31T05:56:08.048Z] GET /api/staff/tlp","service":"eduvault-backend","timestamp":"2026-03-31 11:26:08"}
{"level":"info","message":"[2026-03-31T05:56:08.068Z] GET /api/staff/tlp","service":"eduvault-backend","timestamp":"2026-03-31 11:26:08"}
{"level":"info","message":"[2026-03-31T05:56:09.177Z] GET /api/activity","service":"eduvault-backend","timestamp":"2026-03-31 11:26:09"}
{"level":"info","message":"[2026-03-31T05:56:09.189Z] GET /api/activity","service":"eduvault-backend","timestamp":"2026-03-31 11:26:09"}
{"level":"info","message":"[2026-03-31T05:56:13.298Z] GET /api/resume-staff/staff-data/2","service":"eduvault-backend","timestamp":"2026-03-31 11:26:13"}
{"level":"info","message":"[2026-03-31T05:56:13.400Z] GET /api/resume-staff/staff-data/2","service":"eduvault-backend","timestamp":"2026-03-31 11:26:13"}
{"level":"info","message":"[2026-03-31T05:56:13.411Z] GET /api/resume-staff/profile-image/2","service":"eduvault-backend","timestamp":"2026-03-31 11:26:13"}
{"level":"info","message":"[2026-03-31T05:56:13.450Z] GET /api/resume-staff/profile-image/2","service":"eduvault-backend","timestamp":"2026-03-31 11:26:13"}
{"level":"info","message":"[2026-03-31T05:56:19.453Z] GET /api/staff/staff","service":"eduvault-backend","timestamp":"2026-03-31 11:26:19"}
{"level":"info","message":"[2026-03-31T05:56:19.512Z] GET /api/staff/staff","service":"eduvault-backend","timestamp":"2026-03-31 11:26:19"}
{"level":"info","message":"[2026-03-31T05:56:20.937Z] GET /api/education","service":"eduvault-backend","timestamp":"2026-03-31 11:26:20"}
{"level":"info","message":"[2026-03-31T05:56:20.970Z] GET /api/education","service":"eduvault-backend","timestamp":"2026-03-31 11:26:20"}
{"level":"info","message":"[2026-03-31T05:56:23.008Z] GET /api/seed-money","service":"eduvault-backend","timestamp":"2026-03-31 11:26:23"}
{"level":"info","message":"[2026-03-31T05:56:23.018Z] GET /api/proposals","service":"eduvault-backend","timestamp":"2026-03-31 11:26:23"}
{"level":"info","message":"[2026-03-31T05:56:23.023Z] GET /api/project-proposal","service":"eduvault-backend","timestamp":"2026-03-31 11:26:23"}
{"level":"info","message":"[2026-03-31T05:56:23.026Z] GET /api/certifications","service":"eduvault-backend","timestamp":"2026-03-31 11:26:23"}
{"level":"info","message":"[2026-03-31T05:56:23.030Z] GET /api/events","service":"eduvault-backend","timestamp":"2026-03-31 11:26:23"}
{"level":"info","message":"[2026-03-31T05:56:23.032Z] GET /api/industry","service":"eduvault-backend","timestamp":"2026-03-31 11:26:23"}
{"level":"info","message":"[2026-03-31T05:56:23.071Z] GET /api/scholars","service":"eduvault-backend","timestamp":"2026-03-31 11:26:23"}
{"level":"info","message":"[2026-03-31T05:56:23.091Z] GET /api/book-chapters","service":"eduvault-backend","timestamp":"2026-03-31 11:26:23"}
{"level":"info","message":"[2026-03-31T05:56:23.107Z] GET /api/other/events-organized","service":"eduvault-backend","timestamp":"2026-03-31 11:26:23"}
{"level":"info","message":"[2026-03-31T05:56:23.110Z] GET /api/recognition","service":"eduvault-backend","timestamp":"2026-03-31 11:26:23"}
{"level":"info","message":"[2026-03-31T05:56:23.141Z] GET /api/resource-person","service":"eduvault-backend","timestamp":"2026-03-31 11:26:23"}
{"level":"info","message":"[2026-03-31T05:56:23.144Z] GET /api/h-index","service":"eduvault-backend","timestamp":"2026-03-31 11:26:23"}
{"level":"info","message":"[2026-03-31T05:56:23.148Z] GET /api/patent-product","service":"eduvault-backend","timestamp":"2026-03-31 11:26:23"}
{"level":"info","message":"[2026-03-31T05:56:23.153Z] GET /api/project-mentors","service":"eduvault-backend","timestamp":"2026-03-31 11:26:23"}
{"level":"info","message":"[2026-03-31T05:56:23.156Z] GET /api/seed-money","service":"eduvault-backend","timestamp":"2026-03-31 11:26:23"}
{"level":"info","message":"[2026-03-31T05:56:23.163Z] GET /api/project-proposal","service":"eduvault-backend","timestamp":"2026-03-31 11:26:23"}
{"level":"info","message":"[2026-03-31T05:56:23.175Z] GET /api/certifications","service":"eduvault-backend","timestamp":"2026-03-31 11:26:23"}
{"level":"info","message":"[2026-03-31T05:56:23.182Z] GET /api/proposals","service":"eduvault-backend","timestamp":"2026-03-31 11:26:23"}
{"level":"info","message":"[2026-03-31T05:56:23.183Z] GET /api/other/events-organized","service":"eduvault-backend","timestamp":"2026-03-31 11:26:23"}
{"level":"info","message":"[2026-03-31T05:56:23.184Z] GET /api/events","service":"eduvault-backend","timestamp":"2026-03-31 11:26:23"}
{"level":"info","message":"[2026-03-31T05:56:23.193Z] GET /api/scholars","service":"eduvault-backend","timestamp":"2026-03-31 11:26:23"}
{"level":"info","message":"[2026-03-31T05:56:23.199Z] GET /api/book-chapters","service":"eduvault-backend","timestamp":"2026-03-31 11:26:23"}
{"level":"info","message":"[2026-03-31T05:56:23.203Z] GET /api/industry","service":"eduvault-backend","timestamp":"2026-03-31 11:26:23"}
{"level":"info","message":"[2026-03-31T05:56:23.212Z] GET /api/recognition","service":"eduvault-backend","timestamp":"2026-03-31 11:26:23"}
{"level":"info","message":"[2026-03-31T05:56:23.221Z] GET /api/resource-person","service":"eduvault-backend","timestamp":"2026-03-31 11:26:23"}
{"level":"info","message":"[2026-03-31T05:56:23.223Z] GET /api/h-index","service":"eduvault-backend","timestamp":"2026-03-31 11:26:23"}
{"level":"info","message":"[2026-03-31T05:56:23.233Z] GET /api/patent-product","service":"eduvault-backend","timestamp":"2026-03-31 11:26:23"}
{"level":"info","message":"[2026-03-31T05:56:23.234Z] GET /api/project-mentors","service":"eduvault-backend","timestamp":"2026-03-31 11:26:23"}
{"level":"info","message":"[2026-03-31T05:56:23.250Z] GET /api/appraisals","service":"eduvault-backend","timestamp":"2026-03-31 11:26:23"}
{"level":"info","message":"[2026-03-31T05:56:23.268Z] GET /api/appraisals","service":"eduvault-backend","timestamp":"2026-03-31 11:26:23"}
{"level":"info","message":"[2026-03-31T05:56:46.715Z] GET /api/pending-internships","service":"eduvault-backend","timestamp":"2026-03-31 11:26:46"}
{"level":"info","message":"[2026-03-31T05:56:46.730Z] GET /api/pending-scholarships","service":"eduvault-backend","timestamp":"2026-03-31 11:26:46"}
{"level":"info","message":"[2026-03-31T05:56:46.732Z] GET /api/event-organized/pending","service":"eduvault-backend","timestamp":"2026-03-31 11:26:46"}
{"level":"info","message":"[2026-03-31T05:56:46.734Z] GET /api/event-attended/pending","service":"eduvault-backend","timestamp":"2026-03-31 11:26:46"}
{"level":"info","message":"[2026-03-31T05:56:46.736Z] GET /api/all/pending-leaves","service":"eduvault-backend","timestamp":"2026-03-31 11:26:46"}
{"level":"info","message":"[2026-03-31T05:56:46.752Z] GET /api/online-courses/pending","service":"eduvault-backend","timestamp":"2026-03-31 11:26:46"}
{"level":"info","message":"[2026-03-31T05:56:46.785Z] GET /api/pending-achievements","service":"eduvault-backend","timestamp":"2026-03-31 11:26:46"}
{"level":"info","message":"[2026-03-31T05:56:46.796Z] GET /api/publications/pending","service":"eduvault-backend","timestamp":"2026-03-31 11:26:46"}
{"level":"info","message":"[2026-03-31T05:56:46.798Z] GET /api/competency-coding/pending","service":"eduvault-backend","timestamp":"2026-03-31 11:26:46"}
{"level":"info","message":"[2026-03-31T05:56:46.802Z] GET /api/noncgpa/pending","service":"eduvault-backend","timestamp":"2026-03-31 11:26:46"}
{"level":"info","message":"[2026-03-31T05:56:46.805Z] GET /api/projects/pending","service":"eduvault-backend","timestamp":"2026-03-31 11:26:46"}
{"level":"info","message":"[2026-03-31T05:56:46.808Z] GET /api/hackathon/pending","service":"eduvault-backend","timestamp":"2026-03-31 11:26:46"}
{"level":"info","message":"[2026-03-31T05:56:46.830Z] GET /api/extracurricular/pending","service":"eduvault-backend","timestamp":"2026-03-31 11:26:46"}
{"level":"info","message":"[2026-03-31T05:56:46.832Z] GET /api/pending-internships","service":"eduvault-backend","timestamp":"2026-03-31 11:26:46"}
{"level":"info","message":"[2026-03-31T05:56:46.842Z] GET /api/pending-scholarships","service":"eduvault-backend","timestamp":"2026-03-31 11:26:46"}
{"level":"info","message":"[2026-03-31T05:56:46.845Z] GET /api/event-organized/pending","service":"eduvault-backend","timestamp":"2026-03-31 11:26:46"}
{"level":"info","message":"[2026-03-31T05:56:46.852Z] GET /api/online-courses/pending","service":"eduvault-backend","timestamp":"2026-03-31 11:26:46"}
{"level":"info","message":"[2026-03-31T05:56:46.857Z] GET /api/event-attended/pending","service":"eduvault-backend","timestamp":"2026-03-31 11:26:46"}
{"level":"info","message":"[2026-03-31T05:56:46.878Z] GET /api/all/pending-leaves","service":"eduvault-backend","timestamp":"2026-03-31 11:26:46"}
{"level":"info","message":"[2026-03-31T05:56:46.895Z] GET /api/pending-achievements","service":"eduvault-backend","timestamp":"2026-03-31 11:26:46"}
{"level":"info","message":"[2026-03-31T05:56:46.898Z] GET /api/publications/pending","service":"eduvault-backend","timestamp":"2026-03-31 11:26:46"}
{"level":"info","message":"[2026-03-31T05:56:46.912Z] GET /api/competency-coding/pending","service":"eduvault-backend","timestamp":"2026-03-31 11:26:46"}
{"level":"info","message":"[2026-03-31T05:56:46.915Z] GET /api/noncgpa/pending","service":"eduvault-backend","timestamp":"2026-03-31 11:26:46"}
{"level":"info","message":"[2026-03-31T05:56:46.927Z] GET /api/projects/pending","service":"eduvault-backend","timestamp":"2026-03-31 11:26:46"}
{"level":"info","message":"[2026-03-31T05:56:46.942Z] GET /api/hackathon/pending","service":"eduvault-backend","timestamp":"2026-03-31 11:26:46"}
{"level":"info","message":"[2026-03-31T05:56:46.944Z] GET /api/extracurricular/pending","service":"eduvault-backend","timestamp":"2026-03-31 11:26:46"}
{"level":"info","message":"[2026-03-31T05:56:47.787Z] GET /api/students","service":"eduvault-backend","timestamp":"2026-03-31 11:26:47"}
{"level":"info","message":"[2026-03-31T05:56:47.791Z] GET /api/departments","service":"eduvault-backend","timestamp":"2026-03-31 11:26:47"}
{"level":"info","message":"[2026-03-31T05:56:47.802Z] GET /api/departments","service":"eduvault-backend","timestamp":"2026-03-31 11:26:47"}
{"level":"info","message":"[2026-03-31T05:56:47.807Z] GET /api/students","service":"eduvault-backend","timestamp":"2026-03-31 11:26:47"}
{"level":"info","message":"[2026-03-31T05:56:47.816Z] GET /uploads/default.jpg","service":"eduvault-backend","timestamp":"2026-03-31 11:26:47"}
{"level":"info","message":"[2026-03-31T05:56:48.769Z] GET /api/student-education/pending-approvals","service":"eduvault-backend","timestamp":"2026-03-31 11:26:48"}
{"level":"info","message":"[2026-03-31T05:56:48.781Z] GET /api/student-education/pending-approvals","service":"eduvault-backend","timestamp":"2026-03-31 11:26:48"}
{"level":"info","message":"[2026-03-31T05:56:49.836Z] GET /api/skillrack/all-records","service":"eduvault-backend","timestamp":"2026-03-31 11:26:49"}
{"level":"info","message":"[2026-03-31T05:56:49.849Z] GET /api/skillrack/all-records","service":"eduvault-backend","timestamp":"2026-03-31 11:26:49"}
{"level":"info","message":"[2026-03-31T05:56:51.249Z] GET /api/pending-internships","service":"eduvault-backend","timestamp":"2026-03-31 11:26:51"}
{"level":"info","message":"[2026-03-31T05:56:51.253Z] GET /api/pending-scholarships","service":"eduvault-backend","timestamp":"2026-03-31 11:26:51"}
{"level":"info","message":"[2026-03-31T05:56:51.257Z] GET /api/event-organized/pending","service":"eduvault-backend","timestamp":"2026-03-31 11:26:51"}
{"level":"info","message":"[2026-03-31T05:56:51.261Z] GET /api/event-attended/pending","service":"eduvault-backend","timestamp":"2026-03-31 11:26:51"}
{"level":"info","message":"[2026-03-31T05:56:51.263Z] GET /api/all/pending-leaves","service":"eduvault-backend","timestamp":"2026-03-31 11:26:51"}
{"level":"info","message":"[2026-03-31T05:56:51.265Z] GET /api/online-courses/pending","service":"eduvault-backend","timestamp":"2026-03-31 11:26:51"}
{"level":"info","message":"[2026-03-31T05:56:51.300Z] GET /api/pending-achievements","service":"eduvault-backend","timestamp":"2026-03-31 11:26:51"}
{"level":"info","message":"[2026-03-31T05:56:51.302Z] GET /api/publications/pending","service":"eduvault-backend","timestamp":"2026-03-31 11:26:51"}
{"level":"info","message":"[2026-03-31T05:56:51.305Z] GET /api/competency-coding/pending","service":"eduvault-backend","timestamp":"2026-03-31 11:26:51"}
{"level":"info","message":"[2026-03-31T05:56:51.309Z] GET /api/noncgpa/pending","service":"eduvault-backend","timestamp":"2026-03-31 11:26:51"}
{"level":"info","message":"[2026-03-31T05:56:51.310Z] GET /api/projects/pending","service":"eduvault-backend","timestamp":"2026-03-31 11:26:51"}
{"level":"info","message":"[2026-03-31T05:56:51.312Z] GET /api/hackathon/pending","service":"eduvault-backend","timestamp":"2026-03-31 11:26:51"}
{"level":"info","message":"[2026-03-31T05:56:51.334Z] GET /api/extracurricular/pending","service":"eduvault-backend","timestamp":"2026-03-31 11:26:51"}
{"level":"info","message":"[2026-03-31T05:56:51.337Z] GET /api/pending-internships","service":"eduvault-backend","timestamp":"2026-03-31 11:26:51"}
{"level":"info","message":"[2026-03-31T05:56:51.345Z] GET /api/pending-scholarships","service":"eduvault-backend","timestamp":"2026-03-31 11:26:51"}
{"level":"info","message":"[2026-03-31T05:56:51.346Z] GET /api/event-organized/pending","service":"eduvault-backend","timestamp":"2026-03-31 11:26:51"}
{"level":"info","message":"[2026-03-31T05:56:51.353Z] GET /api/event-attended/pending","service":"eduvault-backend","timestamp":"2026-03-31 11:26:51"}
{"level":"info","message":"[2026-03-31T05:56:51.355Z] GET /api/all/pending-leaves","service":"eduvault-backend","timestamp":"2026-03-31 11:26:51"}
{"level":"info","message":"[2026-03-31T05:56:51.375Z] GET /api/online-courses/pending","service":"eduvault-backend","timestamp":"2026-03-31 11:26:51"}
{"level":"info","message":"[2026-03-31T05:56:51.377Z] GET /api/pending-achievements","service":"eduvault-backend","timestamp":"2026-03-31 11:26:51"}
{"level":"info","message":"[2026-03-31T05:56:51.381Z] GET /api/publications/pending","service":"eduvault-backend","timestamp":"2026-03-31 11:26:51"}
{"level":"info","message":"[2026-03-31T05:56:51.384Z] GET /api/competency-coding/pending","service":"eduvault-backend","timestamp":"2026-03-31 11:26:51"}
{"level":"info","message":"[2026-03-31T05:56:51.392Z] GET /api/noncgpa/pending","service":"eduvault-backend","timestamp":"2026-03-31 11:26:51"}
{"level":"info","message":"[2026-03-31T05:56:51.393Z] GET /api/projects/pending","service":"eduvault-backend","timestamp":"2026-03-31 11:26:51"}
{"level":"info","message":"[2026-03-31T05:56:51.407Z] GET /api/hackathon/pending","service":"eduvault-backend","timestamp":"2026-03-31 11:26:51"}
{"level":"info","message":"[2026-03-31T05:56:51.417Z] GET /api/extracurricular/pending","service":"eduvault-backend","timestamp":"2026-03-31 11:26:51"}
{"level":"info","message":"[2026-03-31T05:57:24.594Z] GET /api/resume-staff/staff-data/2","service":"eduvault-backend","timestamp":"2026-03-31 11:27:24"}
{"level":"info","message":"[2026-03-31T05:57:24.707Z] GET /api/resume-staff/staff-data/2","service":"eduvault-backend","timestamp":"2026-03-31 11:27:24"}
{"level":"info","message":"[2026-03-31T05:57:24.712Z] GET /api/resume-staff/profile-image/2","service":"eduvault-backend","timestamp":"2026-03-31 11:27:24"}
{"level":"info","message":"[2026-03-31T05:57:24.746Z] GET /api/resume-staff/profile-image/2","service":"eduvault-backend","timestamp":"2026-03-31 11:27:24"}
{"level":"info","message":"[2026-03-31T05:58:00.674Z] GET /api/mou","service":"eduvault-backend","timestamp":"2026-03-31 11:28:00"}
{"level":"info","message":"[2026-03-31T05:58:00.705Z] GET /api/mou","service":"eduvault-backend","timestamp":"2026-03-31 11:28:00"}
{"level":"info","message":"[2026-03-31T05:58:04.264Z] GET /api/seed-money","service":"eduvault-backend","timestamp":"2026-03-31 11:28:04"}
{"level":"info","message":"[2026-03-31T05:58:04.272Z] GET /api/scholars","service":"eduvault-backend","timestamp":"2026-03-31 11:28:04"}
{"level":"info","message":"[2026-03-31T05:58:04.277Z] GET /api/proposals","service":"eduvault-backend","timestamp":"2026-03-31 11:28:04"}
{"level":"info","message":"[2026-03-31T05:58:04.279Z] GET /api/project-proposal","service":"eduvault-backend","timestamp":"2026-03-31 11:28:04"}
{"level":"info","message":"[2026-03-31T05:58:04.281Z] GET /api/events","service":"eduvault-backend","timestamp":"2026-03-31 11:28:04"}
{"level":"info","message":"[2026-03-31T05:58:04.287Z] GET /api/industry","service":"eduvault-backend","timestamp":"2026-03-31 11:28:04"}
{"level":"info","message":"[2026-03-31T05:58:04.299Z] GET /api/certifications","service":"eduvault-backend","timestamp":"2026-03-31 11:28:04"}
{"level":"info","message":"[2026-03-31T05:58:04.329Z] GET /api/book-chapters","service":"eduvault-backend","timestamp":"2026-03-31 11:28:04"}
{"level":"info","message":"[2026-03-31T05:58:04.362Z] GET /api/other/events-organized","service":"eduvault-backend","timestamp":"2026-03-31 11:28:04"}
{"level":"info","message":"[2026-03-31T05:58:04.386Z] GET /api/h-index","service":"eduvault-backend","timestamp":"2026-03-31 11:28:04"}
{"level":"info","message":"[2026-03-31T05:58:04.394Z] GET /api/resource-person","service":"eduvault-backend","timestamp":"2026-03-31 11:28:04"}
{"level":"info","message":"[2026-03-31T05:58:04.397Z] GET /api/recognition","service":"eduvault-backend","timestamp":"2026-03-31 11:28:04"}
{"level":"info","message":"[2026-03-31T05:58:04.400Z] GET /api/patent-product","service":"eduvault-backend","timestamp":"2026-03-31 11:28:04"}
{"level":"info","message":"[2026-03-31T05:58:04.401Z] GET /api/project-mentors","service":"eduvault-backend","timestamp":"2026-03-31 11:28:04"}
{"level":"info","message":"[2026-03-31T05:58:04.411Z] GET /api/seed-money","service":"eduvault-backend","timestamp":"2026-03-31 11:28:04"}
{"level":"info","message":"[2026-03-31T05:58:04.419Z] GET /api/scholars","service":"eduvault-backend","timestamp":"2026-03-31 11:28:04"}
{"level":"info","message":"[2026-03-31T05:58:04.429Z] GET /api/project-proposal","service":"eduvault-backend","timestamp":"2026-03-31 11:28:04"}
{"level":"info","message":"[2026-03-31T05:58:04.430Z] GET /api/events","service":"eduvault-backend","timestamp":"2026-03-31 11:28:04"}
{"level":"info","message":"[2026-03-31T05:58:04.432Z] GET /api/proposals","service":"eduvault-backend","timestamp":"2026-03-31 11:28:04"}
{"level":"info","message":"[2026-03-31T05:58:04.439Z] GET /api/other/events-organized","service":"eduvault-backend","timestamp":"2026-03-31 11:28:04"}
{"level":"info","message":"[2026-03-31T05:58:04.449Z] GET /api/book-chapters","service":"eduvault-backend","timestamp":"2026-03-31 11:28:04"}
{"level":"info","message":"[2026-03-31T05:58:04.456Z] GET /api/certifications","service":"eduvault-backend","timestamp":"2026-03-31 11:28:04"}
{"level":"info","message":"[2026-03-31T05:58:04.459Z] GET /api/industry","service":"eduvault-backend","timestamp":"2026-03-31 11:28:04"}
{"level":"info","message":"[2026-03-31T05:58:04.460Z] GET /api/h-index","service":"eduvault-backend","timestamp":"2026-03-31 11:28:04"}
{"level":"info","message":"[2026-03-31T05:58:04.461Z] GET /api/resource-person","service":"eduvault-backend","timestamp":"2026-03-31 11:28:04"}
{"level":"info","message":"[2026-03-31T05:58:04.475Z] GET /api/recognition","service":"eduvault-backend","timestamp":"2026-03-31 11:28:04"}
{"level":"info","message":"[2026-03-31T05:58:04.484Z] GET /api/patent-product","service":"eduvault-backend","timestamp":"2026-03-31 11:28:04"}
{"level":"info","message":"[2026-03-31T05:58:04.487Z] GET /api/project-mentors","service":"eduvault-backend","timestamp":"2026-03-31 11:28:04"}
{"level":"info","message":"[2026-03-31T05:58:04.493Z] GET /api/appraisals","service":"eduvault-backend","timestamp":"2026-03-31 11:28:04"}
{"level":"info","message":"[2026-03-31T05:58:04.518Z] GET /api/appraisals","service":"eduvault-backend","timestamp":"2026-03-31 11:28:04"}
{"level":"info","message":"[2026-03-31T06:01:03.899Z] GET /api/pending-internships","service":"eduvault-backend","timestamp":"2026-03-31 11:31:03"}
{"level":"info","message":"[2026-03-31T06:01:03.902Z] GET /api/pending-scholarships","service":"eduvault-backend","timestamp":"2026-03-31 11:31:03"}
{"level":"info","message":"[2026-03-31T06:01:03.903Z] GET /api/event-organized/pending","service":"eduvault-backend","timestamp":"2026-03-31 11:31:03"}
{"level":"info","message":"[2026-03-31T06:01:03.905Z] GET /api/event-attended/pending","service":"eduvault-backend","timestamp":"2026-03-31 11:31:03"}
{"level":"info","message":"[2026-03-31T06:01:03.907Z] GET /api/all/pending-leaves","service":"eduvault-backend","timestamp":"2026-03-31 11:31:03"}
{"level":"info","message":"[2026-03-31T06:01:03.921Z] GET /api/online-courses/pending","service":"eduvault-backend","timestamp":"2026-03-31 11:31:03"}
{"level":"info","message":"[2026-03-31T06:01:03.948Z] GET /api/pending-achievements","service":"eduvault-backend","timestamp":"2026-03-31 11:31:03"}
{"level":"info","message":"[2026-03-31T06:01:03.952Z] GET /api/publications/pending","service":"eduvault-backend","timestamp":"2026-03-31 11:31:03"}
{"level":"info","message":"[2026-03-31T06:01:03.953Z] GET /api/competency-coding/pending","service":"eduvault-backend","timestamp":"2026-03-31 11:31:03"}
{"level":"info","message":"[2026-03-31T06:01:03.974Z] GET /api/noncgpa/pending","service":"eduvault-backend","timestamp":"2026-03-31 11:31:03"}
{"level":"info","message":"[2026-03-31T06:01:03.976Z] GET /api/projects/pending","service":"eduvault-backend","timestamp":"2026-03-31 11:31:03"}
{"level":"info","message":"[2026-03-31T06:01:03.977Z] GET /api/hackathon/pending","service":"eduvault-backend","timestamp":"2026-03-31 11:31:03"}
{"level":"info","message":"[2026-03-31T06:01:03.978Z] GET /api/extracurricular/pending","service":"eduvault-backend","timestamp":"2026-03-31 11:31:03"}
{"level":"info","message":"[2026-03-31T06:03:46.901Z] GET /api/project-mentors","service":"eduvault-backend","timestamp":"2026-03-31 11:33:46"}
{"level":"info","message":"[2026-03-31T06:03:46.917Z] GET /api/project-mentors","service":"eduvault-backend","timestamp":"2026-03-31 11:33:46"}
{"level":"info","message":"[2026-03-31T06:03:46.953Z] POST /api/auth/refresh","service":"eduvault-backend","timestamp":"2026-03-31 11:33:46"}
{"level":"info","message":"[2026-03-31T06:03:54.904Z] GET /api/departments","service":"eduvault-backend","timestamp":"2026-03-31 11:33:54"}
{"level":"info","message":"[2026-03-31T06:03:54.908Z] GET /api/get-staff?role=Staff","service":"eduvault-backend","timestamp":"2026-03-31 11:33:54"}
{"level":"info","message":"[2026-03-31T06:03:54.953Z] GET /api/states","service":"eduvault-backend","timestamp":"2026-03-31 11:33:54"}
{"level":"info","message":"[2026-03-31T06:03:54.973Z] GET /api/states","service":"eduvault-backend","timestamp":"2026-03-31 11:33:54"}
{"level":"info","message":"[2026-03-31T06:03:54.977Z] GET /api/get-staff?role=Staff","service":"eduvault-backend","timestamp":"2026-03-31 11:33:54"}
{"level":"info","message":"[2026-03-31T06:03:54.980Z] GET /api/departments","service":"eduvault-backend","timestamp":"2026-03-31 11:33:54"}
{"level":"info","message":"[2026-03-31T06:06:12.550Z] POST /api/auth/login","service":"eduvault-backend","timestamp":"2026-03-31 11:36:12"}
{"level":"info","message":"[2026-03-31T06:06:12.739Z] GET /api/auth/me","service":"eduvault-backend","timestamp":"2026-03-31 11:36:12"}
{"level":"info","message":"[2026-03-31T06:06:12.748Z] GET /api/get-user/2","service":"eduvault-backend","timestamp":"2026-03-31 11:36:12"}
{"level":"info","message":"[2026-03-31T06:06:12.780Z] GET /api/departments","service":"eduvault-backend","timestamp":"2026-03-31 11:36:12"}
{"level":"info","message":"[2026-03-31T06:06:12.799Z] GET /api/students","service":"eduvault-backend","timestamp":"2026-03-31 11:36:12"}
{"level":"info","message":"[2026-03-31T06:06:12.806Z] GET /api/get-staff?role=Staff","service":"eduvault-backend","timestamp":"2026-03-31 11:36:12"}
{"level":"info","message":"[2026-03-31T06:06:12.810Z] GET /api/department-counts","service":"eduvault-backend","timestamp":"2026-03-31 11:36:12"}
{"level":"info","message":"[2026-03-31T06:06:12.813Z] GET /api/pending-internships","service":"eduvault-backend","timestamp":"2026-03-31 11:36:12"}
{"level":"info","message":"[2026-03-31T06:06:12.815Z] GET /api/pending-scholarships","service":"eduvault-backend","timestamp":"2026-03-31 11:36:12"}
{"level":"info","message":"[2026-03-31T06:06:12.816Z] GET /api/event-organized/pending","service":"eduvault-backend","timestamp":"2026-03-31 11:36:12"}
{"level":"info","message":"[2026-03-31T06:06:12.861Z] GET /api/event-attended/pending","service":"eduvault-backend","timestamp":"2026-03-31 11:36:12"}
{"level":"info","message":"[2026-03-31T06:06:12.873Z] GET /api/all/pending-leaves","service":"eduvault-backend","timestamp":"2026-03-31 11:36:12"}
{"level":"info","message":"[2026-03-31T06:06:12.893Z] GET /api/online-courses/pending","service":"eduvault-backend","timestamp":"2026-03-31 11:36:12"}
{"level":"info","message":"[2026-03-31T06:06:12.896Z] GET /api/pending-achievements","service":"eduvault-backend","timestamp":"2026-03-31 11:36:12"}
{"level":"info","message":"[2026-03-31T06:06:12.898Z] GET /api/publications/pending","service":"eduvault-backend","timestamp":"2026-03-31 11:36:12"}
{"level":"info","message":"[2026-03-31T06:06:12.900Z] GET /api/competency-coding/pending","service":"eduvault-backend","timestamp":"2026-03-31 11:36:12"}
{"level":"info","message":"[2026-03-31T06:06:12.932Z] GET /api/noncgpa/pending","service":"eduvault-backend","timestamp":"2026-03-31 11:36:12"}
{"level":"info","message":"[2026-03-31T06:06:12.941Z] GET /api/projects/pending","service":"eduvault-backend","timestamp":"2026-03-31 11:36:12"}
{"level":"info","message":"[2026-03-31T06:06:12.943Z] GET /api/hackathon/pending","service":"eduvault-backend","timestamp":"2026-03-31 11:36:12"}
{"level":"info","message":"[2026-03-31T06:06:12.948Z] GET /api/extracurricular/pending","service":"eduvault-backend","timestamp":"2026-03-31 11:36:12"}
{"level":"info","message":"[2026-03-31T06:06:12.949Z] GET /api/fetch-internships?UserId=2","service":"eduvault-backend","timestamp":"2026-03-31 11:36:12"}
{"level":"info","message":"[2026-03-31T06:06:12.951Z] GET /api/pending-internships?userID=2","service":"eduvault-backend","timestamp":"2026-03-31 11:36:12"}
{"level":"info","message":"[2026-03-31T06:06:12.968Z] GET /api/event-attended/list?UserId=2","service":"eduvault-backend","timestamp":"2026-03-31 11:36:12"}
{"level":"info","message":"[2026-03-31T06:06:12.973Z] GET /api/fetch-scholarships?UserId=2","service":"eduvault-backend","timestamp":"2026-03-31 11:36:12"}
{"level":"info","message":"[2026-03-31T06:06:12.982Z] GET /api/event-organized/approved?UserId=2","service":"eduvault-backend","timestamp":"2026-03-31 11:36:12"}
{"level":"info","message":"[2026-03-31T06:06:12.985Z] GET /api/event-organized/pending?UserId=2","service":"eduvault-backend","timestamp":"2026-03-31 11:36:12"}
{"level":"info","message":"[2026-03-31T06:06:12.997Z] GET /api/pending-leaves?Userid=2","service":"eduvault-backend","timestamp":"2026-03-31 11:36:12"}
{"level":"info","message":"[2026-03-31T06:06:12.999Z] GET /api/fetch-leaves?Userid=2","service":"eduvault-backend","timestamp":"2026-03-31 11:36:12"}
{"level":"info","message":"[2026-03-31T06:06:13.012Z] GET /api/user-achievements/2","service":"eduvault-backend","timestamp":"2026-03-31 11:36:13"}
{"level":"info","message":"[2026-03-31T06:06:13.029Z] GET /api/hackathon/my-events","service":"eduvault-backend","timestamp":"2026-03-31 11:36:13"}
{"level":"info","message":"[2026-03-31T06:06:13.032Z] GET /api/publications/my-publications?UserId=2","service":"eduvault-backend","timestamp":"2026-03-31 11:36:13"}
{"level":"info","message":"[2026-03-31T06:06:13.042Z] GET /api/competency-coding/my-record?UserId=2","service":"eduvault-backend","timestamp":"2026-03-31 11:36:13"}
{"level":"info","message":"[2026-03-31T06:06:13.044Z] GET /api/competency-coding/skillrack/summary?UserId=2","service":"eduvault-backend","timestamp":"2026-03-31 11:36:13"}
{"level":"info","message":"[2026-03-31T06:06:13.051Z] GET /api/competency-coding/platform/all?UserId=2","service":"eduvault-backend","timestamp":"2026-03-31 11:36:13"}
{"level":"info","message":"[2026-03-31T06:06:13.060Z] GET /api/competency-coding/analytics?UserId=2","service":"eduvault-backend","timestamp":"2026-03-31 11:36:13"}
{"level":"info","message":"[2026-03-31T06:06:13.062Z] GET /api/projects/my-projects?UserId=2","service":"eduvault-backend","timestamp":"2026-03-31 11:36:13"}
{"level":"info","message":"[2026-03-31T06:06:13.074Z] GET /api/extracurricular/my-activities?UserId=2","service":"eduvault-backend","timestamp":"2026-03-31 11:36:13"}
{"level":"info","message":"[2026-03-31T06:06:13.092Z] GET /api/noncgpa/dropdown/categories","service":"eduvault-backend","timestamp":"2026-03-31 11:36:13"}
{"level":"info","message":"[2026-03-31T06:06:13.094Z] GET /api/noncgpa/dropdown/course-names","service":"eduvault-backend","timestamp":"2026-03-31 11:36:13"}
{"level":"info","message":"[2026-03-31T06:06:13.104Z] GET /api/noncgpa/dropdown/course-codes","service":"eduvault-backend","timestamp":"2026-03-31 11:36:13"}
{"level":"info","message":"[2026-03-31T06:06:13.106Z] GET /api/noncgpa/my-records?UserId=2","service":"eduvault-backend","timestamp":"2026-03-31 11:36:13"}
{"level":"info","message":"[2026-03-31T06:06:13.113Z] GET /api/skillrack/my-record?UserId=2","service":"eduvault-backend","timestamp":"2026-03-31 11:36:13"}
{"level":"info","message":"[2026-03-31T06:06:13.122Z] GET /api/skillrack/my-stats?UserId=2","service":"eduvault-backend","timestamp":"2026-03-31 11:36:13"}
{"level":"info","message":"[2026-03-31T06:06:13.129Z] GET /api/student-certificate/list","service":"eduvault-backend","timestamp":"2026-03-31 11:36:13"}
{"level":"info","message":"[2026-03-31T06:06:13.131Z] GET /api/staffs","service":"eduvault-backend","timestamp":"2026-03-31 11:36:13"}
{"level":"info","message":"[2026-03-31T06:06:13.133Z] GET /uploads/profile/profile-2.png","service":"eduvault-backend","timestamp":"2026-03-31 11:36:13"}
{"level":"info","message":"[2026-03-31T06:06:13.137Z] GET /api/seed-money","service":"eduvault-backend","timestamp":"2026-03-31 11:36:13"}
{"level":"info","message":"[2026-03-31T06:06:13.140Z] GET /api/scholars","service":"eduvault-backend","timestamp":"2026-03-31 11:36:13"}
{"level":"info","message":"[2026-03-31T06:06:13.147Z] GET /api/proposals","service":"eduvault-backend","timestamp":"2026-03-31 11:36:13"}
{"level":"info","message":"[2026-03-31T06:06:13.148Z] GET /api/project-proposal","service":"eduvault-backend","timestamp":"2026-03-31 11:36:13"}
{"level":"info","message":"[2026-03-31T06:06:13.158Z] GET /api/events","service":"eduvault-backend","timestamp":"2026-03-31 11:36:13"}
{"level":"info","message":"[2026-03-31T06:06:13.169Z] GET /api/industry","service":"eduvault-backend","timestamp":"2026-03-31 11:36:13"}
{"level":"info","message":"[2026-03-31T06:06:13.178Z] GET /api/certifications","service":"eduvault-backend","timestamp":"2026-03-31 11:36:13"}
{"level":"info","message":"[2026-03-31T06:06:13.180Z] GET /api/book-chapters","service":"eduvault-backend","timestamp":"2026-03-31 11:36:13"}
{"level":"info","message":"[2026-03-31T06:06:13.186Z] GET /api/other/events-organized","service":"eduvault-backend","timestamp":"2026-03-31 11:36:13"}
{"level":"info","message":"[2026-03-31T06:06:13.190Z] GET /api/h-index","service":"eduvault-backend","timestamp":"2026-03-31 11:36:13"}
{"level":"info","message":"[2026-03-31T06:06:13.197Z] GET /api/resource-person","service":"eduvault-backend","timestamp":"2026-03-31 11:36:13"}
{"level":"info","message":"[2026-03-31T06:06:13.201Z] GET /api/recognition","service":"eduvault-backend","timestamp":"2026-03-31 11:36:13"}
{"level":"info","message":"[2026-03-31T06:06:13.207Z] GET /api/patent-product","service":"eduvault-backend","timestamp":"2026-03-31 11:36:13"}
{"level":"info","message":"[2026-03-31T06:06:13.212Z] GET /api/project-mentors","service":"eduvault-backend","timestamp":"2026-03-31 11:36:13"}
{"level":"info","message":"[2026-03-31T06:06:13.214Z] GET /api/departments","service":"eduvault-backend","timestamp":"2026-03-31 11:36:13"}
{"level":"info","message":"[2026-03-31T06:06:13.221Z] GET /api/seed-money","service":"eduvault-backend","timestamp":"2026-03-31 11:36:13"}
{"level":"info","message":"[2026-03-31T06:06:13.231Z] GET /api/scholars","service":"eduvault-backend","timestamp":"2026-03-31 11:36:13"}
{"level":"info","message":"[2026-03-31T06:06:13.233Z] GET /api/project-proposal","service":"eduvault-backend","timestamp":"2026-03-31 11:36:13"}
{"level":"info","message":"[2026-03-31T06:06:13.234Z] GET /api/proposals","service":"eduvault-backend","timestamp":"2026-03-31 11:36:13"}
{"level":"info","message":"[2026-03-31T06:06:13.242Z] GET /api/events","service":"eduvault-backend","timestamp":"2026-03-31 11:36:13"}
{"level":"info","message":"[2026-03-31T06:06:13.248Z] GET /api/other/events-organized","service":"eduvault-backend","timestamp":"2026-03-31 11:36:13"}
{"level":"info","message":"[2026-03-31T06:06:13.259Z] GET /api/certifications","service":"eduvault-backend","timestamp":"2026-03-31 11:36:13"}
{"level":"info","message":"[2026-03-31T06:06:13.261Z] GET /api/book-chapters","service":"eduvault-backend","timestamp":"2026-03-31 11:36:13"}
{"level":"info","message":"[2026-03-31T06:06:13.262Z] GET /api/industry","service":"eduvault-backend","timestamp":"2026-03-31 11:36:13"}
{"level":"info","message":"[2026-03-31T06:06:13.266Z] GET /api/h-index","service":"eduvault-backend","timestamp":"2026-03-31 11:36:13"}
{"level":"info","message":"[2026-03-31T06:06:13.277Z] GET /api/resource-person","service":"eduvault-backend","timestamp":"2026-03-31 11:36:13"}
{"level":"info","message":"[2026-03-31T06:06:13.278Z] GET /api/departments","service":"eduvault-backend","timestamp":"2026-03-31 11:36:13"}
{"level":"info","message":"[2026-03-31T06:06:13.289Z] GET /api/recognition","service":"eduvault-backend","timestamp":"2026-03-31 11:36:13"}
{"level":"info","message":"[2026-03-31T06:06:13.292Z] GET /api/staffs","service":"eduvault-backend","timestamp":"2026-03-31 11:36:13"}
{"level":"info","message":"[2026-03-31T06:06:13.300Z] GET /api/patent-product","service":"eduvault-backend","timestamp":"2026-03-31 11:36:13"}
{"level":"info","message":"[2026-03-31T06:06:13.307Z] GET /api/project-mentors","service":"eduvault-backend","timestamp":"2026-03-31 11:36:13"}
{"level":"info","message":"[2026-03-31T06:06:13.309Z] GET /api/appraisals","service":"eduvault-backend","timestamp":"2026-03-31 11:36:13"}
{"level":"info","message":"[2026-03-31T06:06:13.329Z] GET /api/staffs","service":"eduvault-backend","timestamp":"2026-03-31 11:36:13"}
{"level":"info","message":"[2026-03-31T06:06:13.340Z] GET /api/appraisals","service":"eduvault-backend","timestamp":"2026-03-31 11:36:13"}
{"level":"info","message":"[2026-03-31T06:10:15.538Z] GET /api/resume-staff/staff-data/2","service":"eduvault-backend","timestamp":"2026-03-31 11:40:15"}
{"level":"info","message":"[2026-03-31T06:10:15.702Z] GET /api/resume-staff/profile-image/2","service":"eduvault-backend","timestamp":"2026-03-31 11:40:15"}
{"level":"info","message":"[2026-03-31T06:10:26.156Z] GET /api/pending-internships","service":"eduvault-backend","timestamp":"2026-03-31 11:40:26"}
{"level":"info","message":"[2026-03-31T06:10:26.169Z] GET /api/pending-scholarships","service":"eduvault-backend","timestamp":"2026-03-31 11:40:26"}
{"level":"info","message":"[2026-03-31T06:10:26.175Z] GET /api/event-organized/pending","service":"eduvault-backend","timestamp":"2026-03-31 11:40:26"}
{"level":"info","message":"[2026-03-31T06:10:26.182Z] GET /api/event-attended/pending","service":"eduvault-backend","timestamp":"2026-03-31 11:40:26"}
{"level":"info","message":"[2026-03-31T06:10:26.198Z] GET /api/all/pending-leaves","service":"eduvault-backend","timestamp":"2026-03-31 11:40:26"}
{"level":"info","message":"[2026-03-31T06:10:26.202Z] GET /api/online-courses/pending","service":"eduvault-backend","timestamp":"2026-03-31 11:40:26"}
{"level":"info","message":"[2026-03-31T06:10:26.228Z] GET /api/publications/pending","service":"eduvault-backend","timestamp":"2026-03-31 11:40:26"}
{"level":"info","message":"[2026-03-31T06:10:26.241Z] GET /api/pending-achievements","service":"eduvault-backend","timestamp":"2026-03-31 11:40:26"}
{"level":"info","message":"[2026-03-31T06:10:26.248Z] GET /api/competency-coding/pending","service":"eduvault-backend","timestamp":"2026-03-31 11:40:26"}
{"level":"info","message":"[2026-03-31T06:10:26.251Z] GET /api/noncgpa/pending","service":"eduvault-backend","timestamp":"2026-03-31 11:40:26"}
{"level":"info","message":"[2026-03-31T06:10:26.253Z] GET /api/projects/pending","service":"eduvault-backend","timestamp":"2026-03-31 11:40:26"}
{"level":"info","message":"[2026-03-31T06:10:26.264Z] GET /api/hackathon/pending","service":"eduvault-backend","timestamp":"2026-03-31 11:40:26"}
{"level":"info","message":"[2026-03-31T06:10:26.274Z] GET /api/extracurricular/pending","service":"eduvault-backend","timestamp":"2026-03-31 11:40:26"}
{"level":"info","message":"[2026-03-31T06:10:26.286Z] GET /api/pending-internships","service":"eduvault-backend","timestamp":"2026-03-31 11:40:26"}
{"level":"info","message":"[2026-03-31T06:10:26.288Z] GET /api/event-organized/pending","service":"eduvault-backend","timestamp":"2026-03-31 11:40:26"}
{"level":"info","message":"[2026-03-31T06:10:26.296Z] GET /api/pending-scholarships","service":"eduvault-backend","timestamp":"2026-03-31 11:40:26"}
{"level":"info","message":"[2026-03-31T06:10:26.300Z] GET /api/event-attended/pending","service":"eduvault-backend","timestamp":"2026-03-31 11:40:26"}
{"level":"info","message":"[2026-03-31T06:10:26.308Z] GET /api/all/pending-leaves","service":"eduvault-backend","timestamp":"2026-03-31 11:40:26"}
{"level":"info","message":"[2026-03-31T06:10:26.327Z] GET /api/online-courses/pending","service":"eduvault-backend","timestamp":"2026-03-31 11:40:26"}
{"level":"info","message":"[2026-03-31T06:10:26.333Z] GET /api/publications/pending","service":"eduvault-backend","timestamp":"2026-03-31 11:40:26"}
{"level":"info","message":"[2026-03-31T06:10:26.335Z] GET /api/pending-achievements","service":"eduvault-backend","timestamp":"2026-03-31 11:40:26"}
{"level":"info","message":"[2026-03-31T06:10:26.338Z] GET /api/competency-coding/pending","service":"eduvault-backend","timestamp":"2026-03-31 11:40:26"}
{"level":"info","message":"[2026-03-31T06:10:26.349Z] GET /api/noncgpa/pending","service":"eduvault-backend","timestamp":"2026-03-31 11:40:26"}
{"level":"info","message":"[2026-03-31T06:10:26.365Z] GET /api/projects/pending","service":"eduvault-backend","timestamp":"2026-03-31 11:40:26"}
{"level":"info","message":"[2026-03-31T06:10:26.376Z] GET /api/hackathon/pending","service":"eduvault-backend","timestamp":"2026-03-31 11:40:26"}
{"level":"info","message":"[2026-03-31T06:10:26.380Z] GET /api/extracurricular/pending","service":"eduvault-backend","timestamp":"2026-03-31 11:40:26"}
{"level":"info","message":"[2026-03-31T06:10:26.990Z] GET /api/departments","service":"eduvault-backend","timestamp":"2026-03-31 11:40:26"}
{"level":"info","message":"[2026-03-31T06:10:26.995Z] GET /api/students","service":"eduvault-backend","timestamp":"2026-03-31 11:40:26"}
{"level":"info","message":"[2026-03-31T06:10:27.009Z] GET /api/students","service":"eduvault-backend","timestamp":"2026-03-31 11:40:27"}
{"level":"info","message":"[2026-03-31T06:10:27.013Z] GET /api/departments","service":"eduvault-backend","timestamp":"2026-03-31 11:40:27"}
{"level":"info","message":"[2026-03-31T06:10:27.018Z] GET /uploads/default.jpg","service":"eduvault-backend","timestamp":"2026-03-31 11:40:27"}
{"level":"info","message":"[2026-03-31T06:10:28.172Z] GET /api/student-education/pending-approvals","service":"eduvault-backend","timestamp":"2026-03-31 11:40:28"}
{"level":"info","message":"[2026-03-31T06:10:28.184Z] GET /api/student-education/pending-approvals","service":"eduvault-backend","timestamp":"2026-03-31 11:40:28"}
{"level":"info","message":"[2026-03-31T06:10:29.745Z] GET /api/skillrack/all-records","service":"eduvault-backend","timestamp":"2026-03-31 11:40:29"}
{"level":"info","message":"[2026-03-31T06:10:29.761Z] GET /api/skillrack/all-records","service":"eduvault-backend","timestamp":"2026-03-31 11:40:29"}
{"level":"info","message":"[2026-03-31T06:10:30.554Z] GET /api/staff/staff","service":"eduvault-backend","timestamp":"2026-03-31 11:40:30"}
{"level":"info","message":"[2026-03-31T06:10:30.595Z] GET /api/staff/staff","service":"eduvault-backend","timestamp":"2026-03-31 11:40:30"}
{"level":"info","message":"[2026-03-31T06:11:10.068Z] GET /api/departments","service":"eduvault-backend","timestamp":"2026-03-31 11:41:10"}
{"level":"info","message":"[2026-03-31T06:11:10.078Z] GET /api/get-staff?role=Staff","service":"eduvault-backend","timestamp":"2026-03-31 11:41:10"}
{"level":"info","message":"[2026-03-31T06:11:10.080Z] GET /api/states","service":"eduvault-backend","timestamp":"2026-03-31 11:41:10"}
{"level":"info","message":"[2026-03-31T06:11:10.094Z] GET /api/departments","service":"eduvault-backend","timestamp":"2026-03-31 11:41:10"}
{"level":"info","message":"[2026-03-31T06:11:10.101Z] GET /api/students","service":"eduvault-backend","timestamp":"2026-03-31 11:41:10"}
{"level":"info","message":"[2026-03-31T06:11:10.112Z] GET /api/pending-internships","service":"eduvault-backend","timestamp":"2026-03-31 11:41:10"}
{"level":"info","message":"[2026-03-31T06:11:10.116Z] GET /api/pending-scholarships","service":"eduvault-backend","timestamp":"2026-03-31 11:41:10"}
{"level":"info","message":"[2026-03-31T06:11:10.134Z] GET /api/department-counts","service":"eduvault-backend","timestamp":"2026-03-31 11:41:10"}
{"level":"info","message":"[2026-03-31T06:11:10.203Z] GET /api/event-organized/pending","service":"eduvault-backend","timestamp":"2026-03-31 11:41:10"}
{"level":"info","message":"[2026-03-31T06:11:10.208Z] GET /api/event-attended/pending","service":"eduvault-backend","timestamp":"2026-03-31 11:41:10"}
{"level":"info","message":"[2026-03-31T06:11:10.212Z] GET /api/all/pending-leaves","service":"eduvault-backend","timestamp":"2026-03-31 11:41:10"}
{"level":"info","message":"[2026-03-31T06:11:10.225Z] GET /api/online-courses/pending","service":"eduvault-backend","timestamp":"2026-03-31 11:41:10"}
{"level":"info","message":"[2026-03-31T06:11:10.243Z] GET /api/pending-achievements","service":"eduvault-backend","timestamp":"2026-03-31 11:41:10"}
{"level":"info","message":"[2026-03-31T06:11:10.247Z] GET /api/publications/pending","service":"eduvault-backend","timestamp":"2026-03-31 11:41:10"}
{"level":"info","message":"[2026-03-31T06:11:10.290Z] GET /api/competency-coding/pending","service":"eduvault-backend","timestamp":"2026-03-31 11:41:10"}
{"level":"info","message":"[2026-03-31T06:11:10.294Z] GET /api/noncgpa/pending","service":"eduvault-backend","timestamp":"2026-03-31 11:41:10"}
{"level":"info","message":"[2026-03-31T06:11:10.307Z] GET /api/projects/pending","service":"eduvault-backend","timestamp":"2026-03-31 11:41:10"}
{"level":"info","message":"[2026-03-31T06:11:10.309Z] GET /api/hackathon/pending","service":"eduvault-backend","timestamp":"2026-03-31 11:41:10"}
{"level":"info","message":"[2026-03-31T06:11:10.321Z] GET /api/extracurricular/pending","service":"eduvault-backend","timestamp":"2026-03-31 11:41:10"}
{"level":"info","message":"[2026-03-31T06:11:10.324Z] GET /api/fetch-internships?UserId=2","service":"eduvault-backend","timestamp":"2026-03-31 11:41:10"}
{"level":"info","message":"[2026-03-31T06:11:10.340Z] GET /api/pending-internships?userID=2","service":"eduvault-backend","timestamp":"2026-03-31 11:41:10"}
{"level":"info","message":"[2026-03-31T06:11:10.356Z] GET /api/event-attended/list?UserId=2","service":"eduvault-backend","timestamp":"2026-03-31 11:41:10"}
{"level":"info","message":"[2026-03-31T06:11:10.368Z] GET /api/fetch-scholarships?UserId=2","service":"eduvault-backend","timestamp":"2026-03-31 11:41:10"}
{"level":"info","message":"[2026-03-31T06:11:10.371Z] GET /api/event-organized/approved?UserId=2","service":"eduvault-backend","timestamp":"2026-03-31 11:41:10"}
{"level":"info","message":"[2026-03-31T06:11:10.375Z] GET /api/event-organized/pending?UserId=2","service":"eduvault-backend","timestamp":"2026-03-31 11:41:10"}
{"level":"info","message":"[2026-03-31T06:11:10.390Z] GET /api/pending-leaves?Userid=2","service":"eduvault-backend","timestamp":"2026-03-31 11:41:10"}
{"level":"info","message":"[2026-03-31T06:11:10.403Z] GET /api/fetch-leaves?Userid=2","service":"eduvault-backend","timestamp":"2026-03-31 11:41:10"}
{"level":"info","message":"[2026-03-31T06:11:10.448Z] GET /api/user-achievements/2","service":"eduvault-backend","timestamp":"2026-03-31 11:41:10"}
{"level":"info","message":"[2026-03-31T06:11:10.458Z] GET /api/hackathon/my-events","service":"eduvault-backend","timestamp":"2026-03-31 11:41:10"}
{"level":"info","message":"[2026-03-31T06:11:10.461Z] GET /api/publications/my-publications?UserId=2","service":"eduvault-backend","timestamp":"2026-03-31 11:41:10"}
{"level":"info","message":"[2026-03-31T06:11:10.465Z] GET /api/competency-coding/my-record?UserId=2","service":"eduvault-backend","timestamp":"2026-03-31 11:41:10"}
{"level":"info","message":"[2026-03-31T06:11:10.478Z] GET /api/get-staff?role=Staff","service":"eduvault-backend","timestamp":"2026-03-31 11:41:10"}
{"level":"info","message":"[2026-03-31T06:11:10.490Z] GET /api/competency-coding/skillrack/summary?UserId=2","service":"eduvault-backend","timestamp":"2026-03-31 11:41:10"}
{"level":"info","message":"[2026-03-31T06:11:10.501Z] GET /api/states","service":"eduvault-backend","timestamp":"2026-03-31 11:41:10"}
{"level":"info","message":"[2026-03-31T06:11:10.504Z] GET /api/competency-coding/platform/all?UserId=2","service":"eduvault-backend","timestamp":"2026-03-31 11:41:10"}
{"level":"info","message":"[2026-03-31T06:11:10.506Z] GET /api/projects/my-projects?UserId=2","service":"eduvault-backend","timestamp":"2026-03-31 11:41:10"}
{"level":"info","message":"[2026-03-31T06:11:10.515Z] GET /api/competency-coding/analytics?UserId=2","service":"eduvault-backend","timestamp":"2026-03-31 11:41:10"}
{"level":"info","message":"[2026-03-31T06:11:10.527Z] GET /api/extracurricular/my-activities?UserId=2","service":"eduvault-backend","timestamp":"2026-03-31 11:41:10"}
{"level":"info","message":"[2026-03-31T06:11:10.530Z] GET /api/students","service":"eduvault-backend","timestamp":"2026-03-31 11:41:10"}
{"level":"info","message":"[2026-03-31T06:11:10.545Z] GET /api/department-counts","service":"eduvault-backend","timestamp":"2026-03-31 11:41:10"}
{"level":"info","message":"[2026-03-31T06:11:10.547Z] GET /api/pending-internships","service":"eduvault-backend","timestamp":"2026-03-31 11:41:10"}
{"level":"info","message":"[2026-03-31T06:11:10.560Z] GET /api/pending-scholarships","service":"eduvault-backend","timestamp":"2026-03-31 11:41:10"}
{"level":"info","message":"[2026-03-31T06:11:10.571Z] GET /api/event-organized/pending","service":"eduvault-backend","timestamp":"2026-03-31 11:41:10"}
{"level":"info","message":"[2026-03-31T06:11:10.573Z] GET /api/event-attended/pending","service":"eduvault-backend","timestamp":"2026-03-31 11:41:10"}
{"level":"info","message":"[2026-03-31T06:11:10.580Z] GET /api/all/pending-leaves","service":"eduvault-backend","timestamp":"2026-03-31 11:41:10"}
{"level":"info","message":"[2026-03-31T06:11:10.584Z] GET /api/online-courses/pending","service":"eduvault-backend","timestamp":"2026-03-31 11:41:10"}
{"level":"info","message":"[2026-03-31T06:11:10.593Z] GET /api/publications/pending","service":"eduvault-backend","timestamp":"2026-03-31 11:41:10"}
{"level":"info","message":"[2026-03-31T06:11:10.605Z] GET /api/pending-achievements","service":"eduvault-backend","timestamp":"2026-03-31 11:41:10"}
{"level":"info","message":"[2026-03-31T06:11:10.608Z] GET /api/competency-coding/pending","service":"eduvault-backend","timestamp":"2026-03-31 11:41:10"}
{"level":"info","message":"[2026-03-31T06:11:10.622Z] GET /api/noncgpa/pending","service":"eduvault-backend","timestamp":"2026-03-31 11:41:10"}
{"level":"info","message":"[2026-03-31T06:11:10.625Z] GET /api/projects/pending","service":"eduvault-backend","timestamp":"2026-03-31 11:41:10"}
{"level":"info","message":"[2026-03-31T06:11:10.638Z] GET /api/hackathon/pending","service":"eduvault-backend","timestamp":"2026-03-31 11:41:10"}
{"level":"info","message":"[2026-03-31T06:11:10.649Z] GET /api/extracurricular/pending","service":"eduvault-backend","timestamp":"2026-03-31 11:41:10"}
{"level":"info","message":"[2026-03-31T06:11:10.652Z] GET /api/fetch-internships?UserId=2","service":"eduvault-backend","timestamp":"2026-03-31 11:41:10"}
{"level":"info","message":"[2026-03-31T06:11:10.659Z] GET /api/pending-internships?userID=2","service":"eduvault-backend","timestamp":"2026-03-31 11:41:10"}
{"level":"info","message":"[2026-03-31T06:11:10.661Z] GET /api/event-attended/list?UserId=2","service":"eduvault-backend","timestamp":"2026-03-31 11:41:10"}
{"level":"info","message":"[2026-03-31T06:11:10.669Z] GET /api/event-organized/approved?UserId=2","service":"eduvault-backend","timestamp":"2026-03-31 11:41:10"}
{"level":"info","message":"[2026-03-31T06:11:10.681Z] GET /api/fetch-scholarships?UserId=2","service":"eduvault-backend","timestamp":"2026-03-31 11:41:10"}
{"level":"info","message":"[2026-03-31T06:11:10.684Z] GET /api/event-organized/pending?UserId=2","service":"eduvault-backend","timestamp":"2026-03-31 11:41:10"}
{"level":"info","message":"[2026-03-31T06:11:10.696Z] GET /api/pending-leaves?Userid=2","service":"eduvault-backend","timestamp":"2026-03-31 11:41:10"}
{"level":"info","message":"[2026-03-31T06:11:10.700Z] GET /api/fetch-leaves?Userid=2","service":"eduvault-backend","timestamp":"2026-03-31 11:41:10"}
{"level":"info","message":"[2026-03-31T06:11:10.711Z] GET /api/user-achievements/2","service":"eduvault-backend","timestamp":"2026-03-31 11:41:10"}
{"level":"info","message":"[2026-03-31T06:11:10.727Z] GET /api/hackathon/my-events","service":"eduvault-backend","timestamp":"2026-03-31 11:41:10"}
{"level":"info","message":"[2026-03-31T06:11:10.730Z] GET /api/publications/my-publications?UserId=2","service":"eduvault-backend","timestamp":"2026-03-31 11:41:10"}
{"level":"info","message":"[2026-03-31T06:11:10.742Z] GET /api/competency-coding/my-record?UserId=2","service":"eduvault-backend","timestamp":"2026-03-31 11:41:10"}
{"level":"info","message":"[2026-03-31T06:11:10.744Z] GET /api/get-staff?role=Staff","service":"eduvault-backend","timestamp":"2026-03-31 11:41:10"}
{"level":"info","message":"[2026-03-31T06:11:10.753Z] GET /api/competency-coding/skillrack/summary?UserId=2","service":"eduvault-backend","timestamp":"2026-03-31 11:41:10"}
{"level":"info","message":"[2026-03-31T06:11:10.762Z] GET /api/competency-coding/platform/all?UserId=2","service":"eduvault-backend","timestamp":"2026-03-31 11:41:10"}
{"level":"info","message":"[2026-03-31T06:11:10.764Z] GET /api/projects/my-projects?UserId=2","service":"eduvault-backend","timestamp":"2026-03-31 11:41:10"}
{"level":"info","message":"[2026-03-31T06:11:10.773Z] GET /api/competency-coding/analytics?UserId=2","service":"eduvault-backend","timestamp":"2026-03-31 11:41:10"}
{"level":"info","message":"[2026-03-31T06:11:10.775Z] GET /api/extracurricular/my-activities?UserId=2","service":"eduvault-backend","timestamp":"2026-03-31 11:41:10"}
{"level":"info","message":"[2026-03-31T06:11:10.784Z] GET /api/get-staff?role=Staff","service":"eduvault-backend","timestamp":"2026-03-31 11:41:10"}
{"level":"info","message":"[2026-03-31T06:11:10.833Z] GET /api/staff/staff","service":"eduvault-backend","timestamp":"2026-03-31 11:41:10"}
{"level":"info","message":"[2026-03-31T06:11:10.836Z] GET /api/departments","service":"eduvault-backend","timestamp":"2026-03-31 11:41:10"}
{"level":"info","message":"[2026-03-31T06:11:10.845Z] GET /api/departments","service":"eduvault-backend","timestamp":"2026-03-31 11:41:10"}
{"level":"info","message":"[2026-03-31T06:11:10.856Z] GET /api/staff/staff","service":"eduvault-backend","timestamp":"2026-03-31 11:41:10"}
{"level":"info","message":"[2026-03-31T06:11:10.859Z] GET /api/staffs","service":"eduvault-backend","timestamp":"2026-03-31 11:41:10"}
{"level":"info","message":"[2026-03-31T06:11:10.874Z] GET /api/staffs","service":"eduvault-backend","timestamp":"2026-03-31 11:41:10"}
{"level":"info","message":"[2026-03-31T06:13:59.084Z] GET /api/seed-money","service":"eduvault-backend","timestamp":"2026-03-31 11:43:59"}
{"level":"info","message":"[2026-03-31T06:13:59.110Z] GET /api/scholars","service":"eduvault-backend","timestamp":"2026-03-31 11:43:59"}
{"level":"info","message":"[2026-03-31T06:13:59.115Z] GET /api/proposals","service":"eduvault-backend","timestamp":"2026-03-31 11:43:59"}
{"level":"info","message":"[2026-03-31T06:13:59.121Z] GET /api/project-proposal","service":"eduvault-backend","timestamp":"2026-03-31 11:43:59"}
{"level":"info","message":"[2026-03-31T06:13:59.124Z] GET /api/certifications","service":"eduvault-backend","timestamp":"2026-03-31 11:43:59"}
{"level":"info","message":"[2026-03-31T06:13:59.127Z] GET /api/book-chapters","service":"eduvault-backend","timestamp":"2026-03-31 11:43:59"}
{"level":"info","message":"[2026-03-31T06:13:59.271Z] GET /api/events","service":"eduvault-backend","timestamp":"2026-03-31 11:43:59"}
{"level":"info","message":"[2026-03-31T06:13:59.281Z] GET /api/industry","service":"eduvault-backend","timestamp":"2026-03-31 11:43:59"}
{"level":"info","message":"[2026-03-31T06:13:59.285Z] GET /api/other/events-organized","service":"eduvault-backend","timestamp":"2026-03-31 11:43:59"}
{"level":"info","message":"[2026-03-31T06:13:59.287Z] GET /api/h-index","service":"eduvault-backend","timestamp":"2026-03-31 11:43:59"}
{"level":"info","message":"[2026-03-31T06:13:59.305Z] GET /api/resource-person","service":"eduvault-backend","timestamp":"2026-03-31 11:43:59"}
{"level":"info","message":"[2026-03-31T06:13:59.309Z] GET /api/recognition","service":"eduvault-backend","timestamp":"2026-03-31 11:43:59"}
{"level":"info","message":"[2026-03-31T06:13:59.320Z] GET /api/patent-product","service":"eduvault-backend","timestamp":"2026-03-31 11:43:59"}
{"level":"info","message":"[2026-03-31T06:13:59.374Z] GET /api/project-mentors","service":"eduvault-backend","timestamp":"2026-03-31 11:43:59"}
{"level":"info","message":"[2026-03-31T06:13:59.380Z] GET /api/seed-money","service":"eduvault-backend","timestamp":"2026-03-31 11:43:59"}
{"level":"info","message":"[2026-03-31T06:13:59.382Z] GET /api/certifications","service":"eduvault-backend","timestamp":"2026-03-31 11:43:59"}
{"level":"info","message":"[2026-03-31T06:13:59.388Z] GET /api/scholars","service":"eduvault-backend","timestamp":"2026-03-31 11:43:59"}
{"level":"info","message":"[2026-03-31T06:13:59.399Z] GET /api/project-proposal","service":"eduvault-backend","timestamp":"2026-03-31 11:43:59"}
{"level":"info","message":"[2026-03-31T06:13:59.416Z] GET /api/proposals","service":"eduvault-backend","timestamp":"2026-03-31 11:43:59"}
{"level":"info","message":"[2026-03-31T06:13:59.441Z] GET /api/book-chapters","service":"eduvault-backend","timestamp":"2026-03-31 11:43:59"}
{"level":"info","message":"[2026-03-31T06:13:59.446Z] GET /api/other/events-organized","service":"eduvault-backend","timestamp":"2026-03-31 11:43:59"}
{"level":"info","message":"[2026-03-31T06:13:59.462Z] GET /api/events","service":"eduvault-backend","timestamp":"2026-03-31 11:43:59"}
{"level":"info","message":"[2026-03-31T06:13:59.467Z] GET /api/h-index","service":"eduvault-backend","timestamp":"2026-03-31 11:43:59"}
{"level":"info","message":"[2026-03-31T06:13:59.475Z] GET /api/resource-person","service":"eduvault-backend","timestamp":"2026-03-31 11:43:59"}
{"level":"info","message":"[2026-03-31T06:13:59.483Z] GET /api/recognition","service":"eduvault-backend","timestamp":"2026-03-31 11:43:59"}
{"level":"info","message":"[2026-03-31T06:13:59.496Z] GET /api/industry","service":"eduvault-backend","timestamp":"2026-03-31 11:43:59"}
{"level":"info","message":"[2026-03-31T06:13:59.513Z] GET /api/patent-product","service":"eduvault-backend","timestamp":"2026-03-31 11:43:59"}
{"level":"info","message":"[2026-03-31T06:13:59.519Z] GET /api/project-mentors","service":"eduvault-backend","timestamp":"2026-03-31 11:43:59"}
{"level":"info","message":"[2026-03-31T06:13:59.531Z] GET /api/appraisals","service":"eduvault-backend","timestamp":"2026-03-31 11:43:59"}
{"level":"info","message":"[2026-03-31T06:13:59.553Z] GET /api/staff-dashboard/tutor-ward-stats","service":"eduvault-backend","timestamp":"2026-03-31 11:43:59"}
{"level":"info","message":"[2026-03-31T06:13:59.568Z] GET /api/appraisals","service":"eduvault-backend","timestamp":"2026-03-31 11:43:59"}
{"level":"info","message":"[2026-03-31T06:13:59.607Z] GET /api/staff-dashboard/tutor-ward-stats","service":"eduvault-backend","timestamp":"2026-03-31 11:43:59"}
{"level":"info","message":"[2026-03-31T06:14:07.169Z] GET /api/resume-staff/staff-data/2","service":"eduvault-backend","timestamp":"2026-03-31 11:44:07"}
{"level":"info","message":"[2026-03-31T06:14:07.246Z] GET /api/resume-staff/profile-image/2","service":"eduvault-backend","timestamp":"2026-03-31 11:44:07"}
{"level":"info","message":"[2026-03-31T06:16:10.089Z] GET /api/pending-internships","service":"eduvault-backend","timestamp":"2026-03-31 11:46:10"}
{"level":"info","message":"[2026-03-31T06:16:10.097Z] GET /api/pending-scholarships","service":"eduvault-backend","timestamp":"2026-03-31 11:46:10"}
{"level":"info","message":"[2026-03-31T06:16:10.100Z] GET /api/event-organized/pending","service":"eduvault-backend","timestamp":"2026-03-31 11:46:10"}
{"level":"info","message":"[2026-03-31T06:16:10.104Z] GET /api/event-attended/pending","service":"eduvault-backend","timestamp":"2026-03-31 11:46:10"}
{"level":"info","message":"[2026-03-31T06:16:10.138Z] GET /api/pending-achievements","service":"eduvault-backend","timestamp":"2026-03-31 11:46:10"}
{"level":"info","message":"[2026-03-31T06:16:10.140Z] GET /api/all/pending-leaves","service":"eduvault-backend","timestamp":"2026-03-31 11:46:10"}
{"level":"info","message":"[2026-03-31T06:16:10.202Z] GET /api/online-courses/pending","service":"eduvault-backend","timestamp":"2026-03-31 11:46:10"}
{"level":"info","message":"[2026-03-31T06:16:10.205Z] GET /api/publications/pending","service":"eduvault-backend","timestamp":"2026-03-31 11:46:10"}
{"level":"info","message":"[2026-03-31T06:16:10.209Z] GET /api/competency-coding/pending","service":"eduvault-backend","timestamp":"2026-03-31 11:46:10"}
{"level":"info","message":"[2026-03-31T06:16:10.213Z] GET /api/noncgpa/pending","service":"eduvault-backend","timestamp":"2026-03-31 11:46:10"}
{"level":"info","message":"[2026-03-31T06:16:10.215Z] GET /api/projects/pending","service":"eduvault-backend","timestamp":"2026-03-31 11:46:10"}
{"level":"info","message":"[2026-03-31T06:16:10.217Z] GET /api/hackathon/pending","service":"eduvault-backend","timestamp":"2026-03-31 11:46:10"}
{"level":"info","message":"[2026-03-31T06:16:10.248Z] GET /api/extracurricular/pending","service":"eduvault-backend","timestamp":"2026-03-31 11:46:10"}
{"level":"info","message":"[2026-03-31T06:17:51.139Z] GET /api/departments","service":"eduvault-backend","timestamp":"2026-03-31 11:47:51"}
{"level":"info","message":"[2026-03-31T06:17:51.155Z] GET /api/get-staff?role=Staff","service":"eduvault-backend","timestamp":"2026-03-31 11:47:51"}
{"level":"info","message":"[2026-03-31T06:17:51.159Z] GET /api/states","service":"eduvault-backend","timestamp":"2026-03-31 11:47:51"}
{"level":"info","message":"[2026-03-31T06:17:51.180Z] GET /api/auth/me","service":"eduvault-backend","timestamp":"2026-03-31 11:47:51"}
{"level":"info","message":"[2026-03-31T06:17:51.189Z] GET /api/auth/me","service":"eduvault-backend","timestamp":"2026-03-31 11:47:51"}
{"level":"info","message":"[2026-03-31T06:17:51.201Z] GET /api/get-user/2","service":"eduvault-backend","timestamp":"2026-03-31 11:47:51"}
{"level":"info","message":"[2026-03-31T06:17:51.209Z] GET /api/states","service":"eduvault-backend","timestamp":"2026-03-31 11:47:51"}
{"level":"info","message":"[2026-03-31T06:17:51.216Z] GET /api/get-staff?role=Staff","service":"eduvault-backend","timestamp":"2026-03-31 11:47:51"}
{"level":"info","message":"[2026-03-31T06:17:51.218Z] GET /api/departments","service":"eduvault-backend","timestamp":"2026-03-31 11:47:51"}
{"level":"info","message":"[2026-03-31T06:17:51.234Z] GET /api/get-user/2","service":"eduvault-backend","timestamp":"2026-03-31 11:47:51"}
{"level":"info","message":"[2026-03-31T06:17:51.269Z] GET /uploads/profile/profile-2.png","service":"eduvault-backend","timestamp":"2026-03-31 11:47:51"}
{"level":"info","message":"[2026-03-31T06:17:51.364Z] GET /api/scholars","service":"eduvault-backend","timestamp":"2026-03-31 11:47:51"}
{"level":"info","message":"[2026-03-31T06:17:51.379Z] GET /api/proposals","service":"eduvault-backend","timestamp":"2026-03-31 11:47:51"}
{"level":"info","message":"[2026-03-31T06:17:51.385Z] GET /api/seed-money","service":"eduvault-backend","timestamp":"2026-03-31 11:47:51"}
{"level":"info","message":"[2026-03-31T06:17:51.388Z] GET /api/project-proposal","service":"eduvault-backend","timestamp":"2026-03-31 11:47:51"}
{"level":"info","message":"[2026-03-31T06:17:51.392Z] GET /api/events","service":"eduvault-backend","timestamp":"2026-03-31 11:47:51"}
{"level":"info","message":"[2026-03-31T06:17:51.397Z] GET /api/industry","service":"eduvault-backend","timestamp":"2026-03-31 11:47:51"}
{"level":"info","message":"[2026-03-31T06:17:51.441Z] GET /api/book-chapters","service":"eduvault-backend","timestamp":"2026-03-31 11:47:51"}
{"level":"info","message":"[2026-03-31T06:17:51.444Z] GET /api/certifications","service":"eduvault-backend","timestamp":"2026-03-31 11:47:51"}
{"level":"info","message":"[2026-03-31T06:17:51.446Z] GET /api/other/events-organized","service":"eduvault-backend","timestamp":"2026-03-31 11:47:51"}
{"level":"info","message":"[2026-03-31T06:17:51.448Z] GET /api/h-index","service":"eduvault-backend","timestamp":"2026-03-31 11:47:51"}
{"level":"info","message":"[2026-03-31T06:17:51.464Z] GET /api/resource-person","service":"eduvault-backend","timestamp":"2026-03-31 11:47:51"}
{"level":"info","message":"[2026-03-31T06:17:51.467Z] GET /api/recognition","service":"eduvault-backend","timestamp":"2026-03-31 11:47:51"}
{"level":"info","message":"[2026-03-31T06:17:51.481Z] GET /api/patent-product","service":"eduvault-backend","timestamp":"2026-03-31 11:47:51"}
{"level":"info","message":"[2026-03-31T06:17:51.497Z] GET /api/project-mentors","service":"eduvault-backend","timestamp":"2026-03-31 11:47:51"}
{"level":"info","message":"[2026-03-31T06:17:51.500Z] GET /api/departments","service":"eduvault-backend","timestamp":"2026-03-31 11:47:51"}
{"level":"info","message":"[2026-03-31T06:17:51.510Z] GET /api/students","service":"eduvault-backend","timestamp":"2026-03-31 11:47:51"}
{"level":"info","message":"[2026-03-31T06:17:51.518Z] GET /api/get-staff?role=Staff","service":"eduvault-backend","timestamp":"2026-03-31 11:47:51"}
{"level":"info","message":"[2026-03-31T06:17:51.522Z] GET /api/department-counts","service":"eduvault-backend","timestamp":"2026-03-31 11:47:51"}
{"level":"info","message":"[2026-03-31T06:17:51.529Z] GET /api/pending-internships","service":"eduvault-backend","timestamp":"2026-03-31 11:47:51"}
{"level":"info","message":"[2026-03-31T06:17:51.533Z] GET /api/event-organized/pending","service":"eduvault-backend","timestamp":"2026-03-31 11:47:51"}
{"level":"info","message":"[2026-03-31T06:17:51.545Z] GET /api/pending-scholarships","service":"eduvault-backend","timestamp":"2026-03-31 11:47:51"}
{"level":"info","message":"[2026-03-31T06:17:51.553Z] GET /api/all/pending-leaves","service":"eduvault-backend","timestamp":"2026-03-31 11:47:51"}
{"level":"info","message":"[2026-03-31T06:17:51.555Z] GET /api/event-attended/pending","service":"eduvault-backend","timestamp":"2026-03-31 11:47:51"}
{"level":"info","message":"[2026-03-31T06:17:51.557Z] GET /api/online-courses/pending","service":"eduvault-backend","timestamp":"2026-03-31 11:47:51"}
{"level":"info","message":"[2026-03-31T06:17:51.570Z] GET /api/pending-achievements","service":"eduvault-backend","timestamp":"2026-03-31 11:47:51"}
{"level":"info","message":"[2026-03-31T06:17:51.585Z] GET /api/publications/pending","service":"eduvault-backend","timestamp":"2026-03-31 11:47:51"}
{"level":"info","message":"[2026-03-31T06:17:51.602Z] GET /api/noncgpa/pending","service":"eduvault-backend","timestamp":"2026-03-31 11:47:51"}
{"level":"info","message":"[2026-03-31T06:17:51.604Z] GET /api/competency-coding/pending","service":"eduvault-backend","timestamp":"2026-03-31 11:47:51"}
{"level":"info","message":"[2026-03-31T06:17:51.612Z] GET /api/projects/pending","service":"eduvault-backend","timestamp":"2026-03-31 11:47:51"}
{"level":"info","message":"[2026-03-31T06:17:51.622Z] GET /api/hackathon/pending","service":"eduvault-backend","timestamp":"2026-03-31 11:47:51"}
{"level":"info","message":"[2026-03-31T06:17:51.640Z] GET /api/extracurricular/pending","service":"eduvault-backend","timestamp":"2026-03-31 11:47:51"}
{"level":"info","message":"[2026-03-31T06:17:51.664Z] GET /api/fetch-internships?UserId=2","service":"eduvault-backend","timestamp":"2026-03-31 11:47:51"}
{"level":"info","message":"[2026-03-31T06:17:51.666Z] GET /api/pending-internships?userID=2","service":"eduvault-backend","timestamp":"2026-03-31 11:47:51"}
{"level":"info","message":"[2026-03-31T06:17:51.668Z] GET /api/event-attended/list?UserId=2","service":"eduvault-backend","timestamp":"2026-03-31 11:47:51"}
{"level":"info","message":"[2026-03-31T06:17:51.674Z] GET /api/fetch-scholarships?UserId=2","service":"eduvault-backend","timestamp":"2026-03-31 11:47:51"}
{"level":"info","message":"[2026-03-31T06:17:51.689Z] GET /api/event-organized/pending?UserId=2","service":"eduvault-backend","timestamp":"2026-03-31 11:47:51"}
{"level":"info","message":"[2026-03-31T06:17:51.701Z] GET /api/pending-leaves?Userid=2","service":"eduvault-backend","timestamp":"2026-03-31 11:47:51"}
{"level":"info","message":"[2026-03-31T06:17:51.703Z] GET /api/event-organized/approved?UserId=2","service":"eduvault-backend","timestamp":"2026-03-31 11:47:51"}
{"level":"info","message":"[2026-03-31T06:17:51.705Z] GET /api/fetch-leaves?Userid=2","service":"eduvault-backend","timestamp":"2026-03-31 11:47:51"}
{"level":"info","message":"[2026-03-31T06:17:51.712Z] GET /api/user-achievements/2","service":"eduvault-backend","timestamp":"2026-03-31 11:47:51"}
{"level":"info","message":"[2026-03-31T06:17:51.724Z] GET /api/hackathon/my-events","service":"eduvault-backend","timestamp":"2026-03-31 11:47:51"}
{"level":"info","message":"[2026-03-31T06:17:51.736Z] GET /api/publications/my-publications?UserId=2","service":"eduvault-backend","timestamp":"2026-03-31 11:47:51"}
{"level":"info","message":"[2026-03-31T06:17:51.739Z] GET /api/competency-coding/my-record?UserId=2","service":"eduvault-backend","timestamp":"2026-03-31 11:47:51"}
{"level":"info","message":"[2026-03-31T06:17:51.740Z] GET /api/competency-coding/skillrack/summary?UserId=2","service":"eduvault-backend","timestamp":"2026-03-31 11:47:51"}
{"level":"info","message":"[2026-03-31T06:17:51.749Z] GET /api/competency-coding/platform/all?UserId=2","service":"eduvault-backend","timestamp":"2026-03-31 11:47:51"}
{"level":"info","message":"[2026-03-31T06:17:51.755Z] GET /api/competency-coding/analytics?UserId=2","service":"eduvault-backend","timestamp":"2026-03-31 11:47:51"}
{"level":"info","message":"[2026-03-31T06:17:51.765Z] GET /api/projects/my-projects?UserId=2","service":"eduvault-backend","timestamp":"2026-03-31 11:47:51"}
{"level":"info","message":"[2026-03-31T06:17:51.767Z] GET /api/extracurricular/my-activities?UserId=2","service":"eduvault-backend","timestamp":"2026-03-31 11:47:51"}
{"level":"info","message":"[2026-03-31T06:17:51.773Z] GET /api/noncgpa/dropdown/categories","service":"eduvault-backend","timestamp":"2026-03-31 11:47:51"}
{"level":"info","message":"[2026-03-31T06:17:51.783Z] GET /api/noncgpa/dropdown/course-names","service":"eduvault-backend","timestamp":"2026-03-31 11:47:51"}
{"level":"info","message":"[2026-03-31T06:17:51.785Z] GET /api/noncgpa/my-records?UserId=2","service":"eduvault-backend","timestamp":"2026-03-31 11:47:51"}
{"level":"info","message":"[2026-03-31T06:17:51.793Z] GET /api/noncgpa/dropdown/course-codes","service":"eduvault-backend","timestamp":"2026-03-31 11:47:51"}
{"level":"info","message":"[2026-03-31T06:17:51.797Z] GET /api/skillrack/my-record?UserId=2","service":"eduvault-backend","timestamp":"2026-03-31 11:47:51"}
{"level":"info","message":"[2026-03-31T06:17:51.806Z] GET /api/skillrack/my-stats?UserId=2","service":"eduvault-backend","timestamp":"2026-03-31 11:47:51"}
{"level":"info","message":"[2026-03-31T06:17:51.818Z] GET /api/student-certificate/list","service":"eduvault-backend","timestamp":"2026-03-31 11:47:51"}
{"level":"info","message":"[2026-03-31T06:17:51.822Z] GET /api/scholars","service":"eduvault-backend","timestamp":"2026-03-31 11:47:51"}
{"level":"info","message":"[2026-03-31T06:17:51.830Z] GET /api/seed-money","service":"eduvault-backend","timestamp":"2026-03-31 11:47:51"}
{"level":"info","message":"[2026-03-31T06:17:51.832Z] GET /api/project-proposal","service":"eduvault-backend","timestamp":"2026-03-31 11:47:51"}
{"level":"info","message":"[2026-03-31T06:17:51.833Z] GET /api/events","service":"eduvault-backend","timestamp":"2026-03-31 11:47:51"}
{"level":"info","message":"[2026-03-31T06:17:51.841Z] GET /api/proposals","service":"eduvault-backend","timestamp":"2026-03-31 11:47:51"}
{"level":"info","message":"[2026-03-31T06:17:51.852Z] GET /api/industry","service":"eduvault-backend","timestamp":"2026-03-31 11:47:51"}
{"level":"info","message":"[2026-03-31T06:17:51.861Z] GET /api/other/events-organized","service":"eduvault-backend","timestamp":"2026-03-31 11:47:51"}
{"level":"info","message":"[2026-03-31T06:17:51.863Z] GET /api/book-chapters","service":"eduvault-backend","timestamp":"2026-03-31 11:47:51"}
{"level":"info","message":"[2026-03-31T06:17:51.865Z] GET /api/certifications","service":"eduvault-backend","timestamp":"2026-03-31 11:47:51"}
{"level":"info","message":"[2026-03-31T06:17:51.873Z] GET /api/h-index","service":"eduvault-backend","timestamp":"2026-03-31 11:47:51"}
{"level":"info","message":"[2026-03-31T06:17:51.874Z] GET /api/resource-person","service":"eduvault-backend","timestamp":"2026-03-31 11:47:51"}
{"level":"info","message":"[2026-03-31T06:17:51.890Z] GET /api/recognition","service":"eduvault-backend","timestamp":"2026-03-31 11:47:51"}
{"level":"info","message":"[2026-03-31T06:17:51.892Z] GET /api/staffs","service":"eduvault-backend","timestamp":"2026-03-31 11:47:51"}
{"level":"info","message":"[2026-03-31T06:17:51.898Z] GET /api/patent-product","service":"eduvault-backend","timestamp":"2026-03-31 11:47:51"}
{"level":"info","message":"[2026-03-31T06:17:51.900Z] GET /api/project-mentors","service":"eduvault-backend","timestamp":"2026-03-31 11:47:51"}
{"level":"info","message":"[2026-03-31T06:17:51.906Z] GET /api/staff-dashboard/tutor-ward-stats","service":"eduvault-backend","timestamp":"2026-03-31 11:47:51"}
{"level":"info","message":"[2026-03-31T06:17:51.907Z] GET /api/department-counts","service":"eduvault-backend","timestamp":"2026-03-31 11:47:51"}
{"level":"info","message":"[2026-03-31T06:17:51.919Z] GET /api/students","service":"eduvault-backend","timestamp":"2026-03-31 11:47:51"}
{"level":"info","message":"[2026-03-31T06:17:51.932Z] GET /api/get-staff?role=Staff","service":"eduvault-backend","timestamp":"2026-03-31 11:47:51"}
{"level":"info","message":"[2026-03-31T06:17:51.940Z] GET /api/departments","service":"eduvault-backend","timestamp":"2026-03-31 11:47:51"}
{"level":"info","message":"[2026-03-31T06:17:51.942Z] GET /api/scholars","service":"eduvault-backend","timestamp":"2026-03-31 11:47:51"}
{"level":"info","message":"[2026-03-31T06:17:51.944Z] GET /api/seed-money","service":"eduvault-backend","timestamp":"2026-03-31 11:47:51"}
{"level":"info","message":"[2026-03-31T06:17:51.959Z] GET /api/project-proposal","service":"eduvault-backend","timestamp":"2026-03-31 11:47:51"}
{"level":"info","message":"[2026-03-31T06:17:51.963Z] GET /api/events","service":"eduvault-backend","timestamp":"2026-03-31 11:47:51"}
{"level":"info","message":"[2026-03-31T06:17:51.969Z] GET /api/other/events-organized","service":"eduvault-backend","timestamp":"2026-03-31 11:47:51"}
{"level":"info","message":"[2026-03-31T06:17:51.976Z] GET /api/proposals","service":"eduvault-backend","timestamp":"2026-03-31 11:47:51"}
{"level":"info","message":"[2026-03-31T06:17:51.978Z] GET /api/book-chapters","service":"eduvault-backend","timestamp":"2026-03-31 11:47:51"}
{"level":"info","message":"[2026-03-31T06:17:51.986Z] GET /api/certifications","service":"eduvault-backend","timestamp":"2026-03-31 11:47:51"}
{"level":"info","message":"[2026-03-31T06:17:51.988Z] GET /api/industry","service":"eduvault-backend","timestamp":"2026-03-31 11:47:51"}
{"level":"info","message":"[2026-03-31T06:17:51.990Z] GET /api/h-index","service":"eduvault-backend","timestamp":"2026-03-31 11:47:51"}
{"level":"info","message":"[2026-03-31T06:17:51.998Z] GET /api/resource-person","service":"eduvault-backend","timestamp":"2026-03-31 11:47:51"}
{"level":"info","message":"[2026-03-31T06:17:52.015Z] GET /api/recognition","service":"eduvault-backend","timestamp":"2026-03-31 11:47:52"}
{"level":"info","message":"[2026-03-31T06:17:52.017Z] GET /api/patent-product","service":"eduvault-backend","timestamp":"2026-03-31 11:47:52"}
{"level":"info","message":"[2026-03-31T06:17:52.022Z] GET /api/project-mentors","service":"eduvault-backend","timestamp":"2026-03-31 11:47:52"}
{"level":"info","message":"[2026-03-31T06:17:52.024Z] GET /api/departments","service":"eduvault-backend","timestamp":"2026-03-31 11:47:52"}
{"level":"info","message":"[2026-03-31T06:17:52.032Z] GET /api/staffs","service":"eduvault-backend","timestamp":"2026-03-31 11:47:52"}
{"level":"info","message":"[2026-03-31T06:17:52.033Z] GET /api/scholars","service":"eduvault-backend","timestamp":"2026-03-31 11:47:52"}
{"level":"info","message":"[2026-03-31T06:17:52.044Z] GET /api/seed-money","service":"eduvault-backend","timestamp":"2026-03-31 11:47:52"}
{"level":"info","message":"[2026-03-31T06:17:52.047Z] GET /api/other/events-organized","service":"eduvault-backend","timestamp":"2026-03-31 11:47:52"}
{"level":"info","message":"[2026-03-31T06:17:52.054Z] GET /api/staff-dashboard/tutor-ward-stats","service":"eduvault-backend","timestamp":"2026-03-31 11:47:52"}
{"level":"info","message":"[2026-03-31T06:17:52.061Z] GET /api/project-proposal","service":"eduvault-backend","timestamp":"2026-03-31 11:47:52"}
{"level":"info","message":"[2026-03-31T06:17:52.064Z] GET /api/events","service":"eduvault-backend","timestamp":"2026-03-31 11:47:52"}
{"level":"info","message":"[2026-03-31T06:17:52.077Z] GET /api/book-chapters","service":"eduvault-backend","timestamp":"2026-03-31 11:47:52"}
{"level":"info","message":"[2026-03-31T06:17:52.079Z] GET /api/certifications","service":"eduvault-backend","timestamp":"2026-03-31 11:47:52"}
{"level":"info","message":"[2026-03-31T06:17:52.081Z] GET /api/h-index","service":"eduvault-backend","timestamp":"2026-03-31 11:47:52"}
{"level":"info","message":"[2026-03-31T06:17:52.109Z] GET /api/proposals","service":"eduvault-backend","timestamp":"2026-03-31 11:47:52"}
{"level":"info","message":"[2026-03-31T06:17:52.111Z] GET /api/industry","service":"eduvault-backend","timestamp":"2026-03-31 11:47:52"}
{"level":"info","message":"[2026-03-31T06:17:52.117Z] GET /api/resource-person","service":"eduvault-backend","timestamp":"2026-03-31 11:47:52"}
{"level":"info","message":"[2026-03-31T06:17:52.119Z] GET /api/recognition","service":"eduvault-backend","timestamp":"2026-03-31 11:47:52"}
{"level":"info","message":"[2026-03-31T06:17:52.120Z] GET /api/patent-product","service":"eduvault-backend","timestamp":"2026-03-31 11:47:52"}
{"level":"info","message":"[2026-03-31T06:17:52.147Z] GET /api/project-mentors","service":"eduvault-backend","timestamp":"2026-03-31 11:47:52"}
{"level":"info","message":"[2026-03-31T06:17:52.151Z] GET /api/staffs","service":"eduvault-backend","timestamp":"2026-03-31 11:47:52"}
{"level":"info","message":"[2026-03-31T06:17:52.153Z] GET /api/staff-dashboard/tutor-ward-stats","service":"eduvault-backend","timestamp":"2026-03-31 11:47:52"}
{"level":"info","message":"[2026-03-31T06:17:52.183Z] GET /api/staff-dashboard/tutor-ward-stats","service":"eduvault-backend","timestamp":"2026-03-31 11:47:52"}
{"level":"info","message":"[2026-03-31T06:19:07.891Z] GET /api/seed-money","service":"eduvault-backend","timestamp":"2026-03-31 11:49:07"}
{"level":"info","message":"[2026-03-31T06:19:07.899Z] GET /api/scholars","service":"eduvault-backend","timestamp":"2026-03-31 11:49:07"}
{"level":"info","message":"[2026-03-31T06:19:07.904Z] GET /api/proposals","service":"eduvault-backend","timestamp":"2026-03-31 11:49:07"}
{"level":"info","message":"[2026-03-31T06:19:07.910Z] GET /api/project-proposal","service":"eduvault-backend","timestamp":"2026-03-31 11:49:07"}
{"level":"info","message":"[2026-03-31T06:19:07.918Z] GET /api/events","service":"eduvault-backend","timestamp":"2026-03-31 11:49:07"}
{"level":"info","message":"[2026-03-31T06:19:07.962Z] GET /api/industry","service":"eduvault-backend","timestamp":"2026-03-31 11:49:07"}
{"level":"info","message":"[2026-03-31T06:19:08.025Z] GET /api/certifications","service":"eduvault-backend","timestamp":"2026-03-31 11:49:08"}
{"level":"info","message":"[2026-03-31T06:19:08.028Z] GET /api/book-chapters","service":"eduvault-backend","timestamp":"2026-03-31 11:49:08"}
{"level":"info","message":"[2026-03-31T06:19:08.031Z] GET /api/other/events-organized","service":"eduvault-backend","timestamp":"2026-03-31 11:49:08"}
{"level":"info","message":"[2026-03-31T06:19:08.032Z] GET /api/h-index","service":"eduvault-backend","timestamp":"2026-03-31 11:49:08"}
{"level":"info","message":"[2026-03-31T06:19:08.045Z] GET /api/resource-person","service":"eduvault-backend","timestamp":"2026-03-31 11:49:08"}
{"level":"info","message":"[2026-03-31T06:19:08.049Z] GET /api/recognition","service":"eduvault-backend","timestamp":"2026-03-31 11:49:08"}
{"level":"info","message":"[2026-03-31T06:19:08.051Z] GET /api/patent-product","service":"eduvault-backend","timestamp":"2026-03-31 11:49:08"}
{"level":"info","message":"[2026-03-31T06:19:08.065Z] GET /api/project-mentors","service":"eduvault-backend","timestamp":"2026-03-31 11:49:08"}
{"level":"info","message":"[2026-03-31T06:19:08.081Z] GET /api/staff-dashboard/tutor-ward-stats","service":"eduvault-backend","timestamp":"2026-03-31 11:49:08"}
{"level":"info","message":"[2026-03-31T06:19:17.348Z] GET /api/h-index","service":"eduvault-backend","timestamp":"2026-03-31 11:49:17"}
{"level":"info","message":"[2026-03-31T06:19:17.359Z] GET /api/h-index","service":"eduvault-backend","timestamp":"2026-03-31 11:49:17"}
{"level":"info","message":"[2026-03-31T06:19:22.085Z] GET /api/seed-money","service":"eduvault-backend","timestamp":"2026-03-31 11:49:22"}
{"level":"info","message":"[2026-03-31T06:19:22.095Z] GET /api/scholars","service":"eduvault-backend","timestamp":"2026-03-31 11:49:22"}
{"level":"info","message":"[2026-03-31T06:19:22.098Z] GET /api/proposals","service":"eduvault-backend","timestamp":"2026-03-31 11:49:22"}
{"level":"info","message":"[2026-03-31T06:19:22.109Z] GET /api/project-proposal","service":"eduvault-backend","timestamp":"2026-03-31 11:49:22"}
{"level":"info","message":"[2026-03-31T06:19:22.113Z] GET /api/events","service":"eduvault-backend","timestamp":"2026-03-31 11:49:22"}
{"level":"info","message":"[2026-03-31T06:19:22.117Z] GET /api/industry","service":"eduvault-backend","timestamp":"2026-03-31 11:49:22"}
{"level":"info","message":"[2026-03-31T06:19:22.129Z] GET /api/certifications","service":"eduvault-backend","timestamp":"2026-03-31 11:49:22"}
{"level":"info","message":"[2026-03-31T06:19:22.146Z] GET /api/book-chapters","service":"eduvault-backend","timestamp":"2026-03-31 11:49:22"}
{"level":"info","message":"[2026-03-31T06:19:22.162Z] GET /api/other/events-organized","service":"eduvault-backend","timestamp":"2026-03-31 11:49:22"}
{"level":"info","message":"[2026-03-31T06:19:22.166Z] GET /api/h-index","service":"eduvault-backend","timestamp":"2026-03-31 11:49:22"}
{"level":"info","message":"[2026-03-31T06:19:22.180Z] GET /api/resource-person","service":"eduvault-backend","timestamp":"2026-03-31 11:49:22"}
{"level":"info","message":"[2026-03-31T06:19:22.182Z] GET /api/recognition","service":"eduvault-backend","timestamp":"2026-03-31 11:49:22"}
{"level":"info","message":"[2026-03-31T06:19:22.190Z] GET /api/patent-product","service":"eduvault-backend","timestamp":"2026-03-31 11:49:22"}
{"level":"info","message":"[2026-03-31T06:19:22.193Z] GET /api/project-mentors","service":"eduvault-backend","timestamp":"2026-03-31 11:49:22"}
{"level":"info","message":"[2026-03-31T06:19:22.201Z] GET /api/seed-money","service":"eduvault-backend","timestamp":"2026-03-31 11:49:22"}
{"level":"info","message":"[2026-03-31T06:19:22.215Z] GET /api/scholars","service":"eduvault-backend","timestamp":"2026-03-31 11:49:22"}
{"level":"info","message":"[2026-03-31T06:19:22.219Z] GET /api/project-proposal","service":"eduvault-backend","timestamp":"2026-03-31 11:49:22"}
{"level":"info","message":"[2026-03-31T06:19:22.224Z] GET /api/events","service":"eduvault-backend","timestamp":"2026-03-31 11:49:22"}
{"level":"info","message":"[2026-03-31T06:19:22.234Z] GET /api/proposals","service":"eduvault-backend","timestamp":"2026-03-31 11:49:22"}
{"level":"info","message":"[2026-03-31T06:19:22.236Z] GET /api/other/events-organized","service":"eduvault-backend","timestamp":"2026-03-31 11:49:22"}
{"level":"info","message":"[2026-03-31T06:19:22.265Z] GET /api/certifications","service":"eduvault-backend","timestamp":"2026-03-31 11:49:22"}
{"level":"info","message":"[2026-03-31T06:19:22.274Z] GET /api/industry","service":"eduvault-backend","timestamp":"2026-03-31 11:49:22"}
{"level":"info","message":"[2026-03-31T06:19:22.280Z] GET /api/book-chapters","service":"eduvault-backend","timestamp":"2026-03-31 11:49:22"}
{"level":"info","message":"[2026-03-31T06:19:22.282Z] GET /api/h-index","service":"eduvault-backend","timestamp":"2026-03-31 11:49:22"}
{"level":"info","message":"[2026-03-31T06:19:22.291Z] GET /api/resource-person","service":"eduvault-backend","timestamp":"2026-03-31 11:49:22"}
{"level":"info","message":"[2026-03-31T06:19:22.310Z] GET /api/recognition","service":"eduvault-backend","timestamp":"2026-03-31 11:49:22"}
{"level":"info","message":"[2026-03-31T06:19:22.313Z] GET /api/project-mentors","service":"eduvault-backend","timestamp":"2026-03-31 11:49:22"}
{"level":"info","message":"[2026-03-31T06:19:22.320Z] GET /api/patent-product","service":"eduvault-backend","timestamp":"2026-03-31 11:49:22"}
{"level":"info","message":"[2026-03-31T06:19:22.322Z] GET /api/staff-dashboard/tutor-ward-stats","service":"eduvault-backend","timestamp":"2026-03-31 11:49:22"}
{"level":"info","message":"[2026-03-31T06:19:22.356Z] GET /api/staff-dashboard/tutor-ward-stats","service":"eduvault-backend","timestamp":"2026-03-31 11:49:22"}
{"level":"info","message":"[2026-03-31T06:20:06.033Z] GET /api/seed-money","service":"eduvault-backend","timestamp":"2026-03-31 11:50:06"}
{"level":"info","message":"[2026-03-31T06:20:06.036Z] GET /api/scholars","service":"eduvault-backend","timestamp":"2026-03-31 11:50:06"}
{"level":"info","message":"[2026-03-31T06:20:06.038Z] GET /api/proposals","service":"eduvault-backend","timestamp":"2026-03-31 11:50:06"}
{"level":"info","message":"[2026-03-31T06:20:06.046Z] GET /api/project-proposal","service":"eduvault-backend","timestamp":"2026-03-31 11:50:06"}
{"level":"info","message":"[2026-03-31T06:20:06.050Z] GET /api/events","service":"eduvault-backend","timestamp":"2026-03-31 11:50:06"}
{"level":"info","message":"[2026-03-31T06:20:06.051Z] GET /api/industry","service":"eduvault-backend","timestamp":"2026-03-31 11:50:06"}
{"level":"info","message":"[2026-03-31T06:20:06.126Z] GET /api/certifications","service":"eduvault-backend","timestamp":"2026-03-31 11:50:06"}
{"level":"info","message":"[2026-03-31T06:20:06.129Z] GET /api/book-chapters","service":"eduvault-backend","timestamp":"2026-03-31 11:50:06"}
{"level":"info","message":"[2026-03-31T06:20:06.131Z] GET /api/other/events-organized","service":"eduvault-backend","timestamp":"2026-03-31 11:50:06"}
{"level":"info","message":"[2026-03-31T06:20:06.134Z] GET /api/h-index","service":"eduvault-backend","timestamp":"2026-03-31 11:50:06"}
{"level":"info","message":"[2026-03-31T06:20:06.136Z] GET /api/resource-person","service":"eduvault-backend","timestamp":"2026-03-31 11:50:06"}
{"level":"info","message":"[2026-03-31T06:20:06.147Z] GET /api/recognition","service":"eduvault-backend","timestamp":"2026-03-31 11:50:06"}
{"level":"info","message":"[2026-03-31T06:20:06.177Z] GET /api/patent-product","service":"eduvault-backend","timestamp":"2026-03-31 11:50:06"}
{"level":"info","message":"[2026-03-31T06:20:06.190Z] GET /api/project-mentors","service":"eduvault-backend","timestamp":"2026-03-31 11:50:06"}
{"level":"info","message":"[2026-03-31T06:20:06.214Z] GET /api/staff-dashboard/tutor-ward-stats","service":"eduvault-backend","timestamp":"2026-03-31 11:50:06"}
{"level":"info","message":"[2026-03-31T06:22:03.368Z] GET /api/resume-staff/staff-data/2","service":"eduvault-backend","timestamp":"2026-03-31 11:52:03"}
{"level":"info","message":"[2026-03-31T06:22:03.525Z] GET /api/resume-staff/staff-data/2","service":"eduvault-backend","timestamp":"2026-03-31 11:52:03"}
{"level":"info","message":"[2026-03-31T06:22:03.536Z] GET /api/resume-staff/profile-image/2","service":"eduvault-backend","timestamp":"2026-03-31 11:52:03"}
{"level":"info","message":"[2026-03-31T06:22:03.607Z] GET /api/resume-staff/profile-image/2","service":"eduvault-backend","timestamp":"2026-03-31 11:52:03"}
{"level":"info","message":"[2026-03-31T06:22:51.893Z] GET /api/pending-internships","service":"eduvault-backend","timestamp":"2026-03-31 11:52:51"}
{"level":"info","message":"[2026-03-31T06:22:51.897Z] GET /api/pending-scholarships","service":"eduvault-backend","timestamp":"2026-03-31 11:52:51"}
{"level":"info","message":"[2026-03-31T06:22:51.904Z] GET /api/event-organized/pending","service":"eduvault-backend","timestamp":"2026-03-31 11:52:51"}
{"level":"info","message":"[2026-03-31T06:22:51.908Z] GET /api/event-attended/pending","service":"eduvault-backend","timestamp":"2026-03-31 11:52:51"}
{"level":"info","message":"[2026-03-31T06:22:51.910Z] GET /api/all/pending-leaves","service":"eduvault-backend","timestamp":"2026-03-31 11:52:51"}
{"level":"info","message":"[2026-03-31T06:22:51.917Z] GET /api/online-courses/pending","service":"eduvault-backend","timestamp":"2026-03-31 11:52:51"}
{"level":"info","message":"[2026-03-31T06:22:51.919Z] GET /api/pending-achievements","service":"eduvault-backend","timestamp":"2026-03-31 11:52:51"}
{"level":"info","message":"[2026-03-31T06:22:51.922Z] GET /api/competency-coding/pending","service":"eduvault-backend","timestamp":"2026-03-31 11:52:51"}
{"level":"info","message":"[2026-03-31T06:22:51.925Z] GET /api/noncgpa/pending","service":"eduvault-backend","timestamp":"2026-03-31 11:52:51"}
{"level":"info","message":"[2026-03-31T06:22:51.927Z] GET /api/publications/pending","service":"eduvault-backend","timestamp":"2026-03-31 11:52:51"}
{"level":"info","message":"[2026-03-31T06:22:51.939Z] GET /api/projects/pending","service":"eduvault-backend","timestamp":"2026-03-31 11:52:51"}
{"level":"info","message":"[2026-03-31T06:22:51.944Z] GET /api/hackathon/pending","service":"eduvault-backend","timestamp":"2026-03-31 11:52:51"}
{"level":"info","message":"[2026-03-31T06:22:51.947Z] GET /api/extracurricular/pending","service":"eduvault-backend","timestamp":"2026-03-31 11:52:51"}
{"level":"info","message":"[2026-03-31T06:22:52.030Z] POST /api/auth/refresh","service":"eduvault-backend","timestamp":"2026-03-31 11:52:52"}
{"level":"info","message":"[2026-03-31T06:22:59.921Z] GET /api/departments","service":"eduvault-backend","timestamp":"2026-03-31 11:52:59"}
{"level":"info","message":"[2026-03-31T06:22:59.934Z] GET /api/get-staff?role=Staff","service":"eduvault-backend","timestamp":"2026-03-31 11:52:59"}
{"level":"info","message":"[2026-03-31T06:22:59.937Z] GET /api/states","service":"eduvault-backend","timestamp":"2026-03-31 11:52:59"}
{"level":"info","message":"[2026-03-31T06:22:59.974Z] GET /api/states","service":"eduvault-backend","timestamp":"2026-03-31 11:52:59"}
{"level":"info","message":"[2026-03-31T06:22:59.977Z] GET /api/get-staff?role=Staff","service":"eduvault-backend","timestamp":"2026-03-31 11:52:59"}
{"level":"info","message":"[2026-03-31T06:22:59.985Z] GET /api/departments","service":"eduvault-backend","timestamp":"2026-03-31 11:52:59"}
{"level":"info","message":"[2026-03-31T06:28:21.154Z] GET /api/departments","service":"eduvault-backend","timestamp":"2026-03-31 11:58:21"}
{"level":"info","message":"[2026-03-31T06:28:21.162Z] GET /api/get-staff?role=Staff","service":"eduvault-backend","timestamp":"2026-03-31 11:58:21"}
{"level":"info","message":"[2026-03-31T06:28:21.172Z] GET /api/states","service":"eduvault-backend","timestamp":"2026-03-31 11:58:21"}
{"level":"info","message":"[2026-03-31T06:28:21.221Z] GET /api/states","service":"eduvault-backend","timestamp":"2026-03-31 11:58:21"}
{"level":"info","message":"[2026-03-31T06:28:21.227Z] GET /api/get-staff?role=Staff","service":"eduvault-backend","timestamp":"2026-03-31 11:58:21"}
{"level":"info","message":"[2026-03-31T06:28:21.232Z] GET /api/departments","service":"eduvault-backend","timestamp":"2026-03-31 11:58:21"}
{"level":"info","message":"[2026-03-31T06:28:57.314Z] POST /api/auth/login","service":"eduvault-backend","timestamp":"2026-03-31 11:58:57"}
{"level":"info","message":"[2026-03-31T06:28:57.577Z] GET /api/auth/me","service":"eduvault-backend","timestamp":"2026-03-31 11:58:57"}
{"level":"info","message":"[2026-03-31T06:28:57.588Z] GET /api/get-user/2","service":"eduvault-backend","timestamp":"2026-03-31 11:58:57"}
{"level":"info","message":"[2026-03-31T06:28:57.621Z] GET /api/departments","service":"eduvault-backend","timestamp":"2026-03-31 11:58:57"}
{"level":"info","message":"[2026-03-31T06:28:57.637Z] GET /api/students","service":"eduvault-backend","timestamp":"2026-03-31 11:58:57"}
{"level":"info","message":"[2026-03-31T06:28:57.644Z] GET /api/get-staff?role=Staff","service":"eduvault-backend","timestamp":"2026-03-31 11:58:57"}
{"level":"info","message":"[2026-03-31T06:28:57.647Z] GET /api/department-counts","service":"eduvault-backend","timestamp":"2026-03-31 11:58:57"}
{"level":"info","message":"[2026-03-31T06:28:57.653Z] GET /api/pending-internships","service":"eduvault-backend","timestamp":"2026-03-31 11:58:57"}
{"level":"info","message":"[2026-03-31T06:28:57.657Z] GET /api/pending-scholarships","service":"eduvault-backend","timestamp":"2026-03-31 11:58:57"}
{"level":"info","message":"[2026-03-31T06:28:57.660Z] GET /api/event-organized/pending","service":"eduvault-backend","timestamp":"2026-03-31 11:58:57"}
{"level":"info","message":"[2026-03-31T06:28:57.717Z] GET /api/event-attended/pending","service":"eduvault-backend","timestamp":"2026-03-31 11:58:57"}
{"level":"info","message":"[2026-03-31T06:28:57.743Z] GET /api/all/pending-leaves","service":"eduvault-backend","timestamp":"2026-03-31 11:58:57"}
{"level":"info","message":"[2026-03-31T06:28:57.746Z] GET /api/online-courses/pending","service":"eduvault-backend","timestamp":"2026-03-31 11:58:57"}
{"level":"info","message":"[2026-03-31T06:28:57.751Z] GET /api/pending-achievements","service":"eduvault-backend","timestamp":"2026-03-31 11:58:57"}
{"level":"info","message":"[2026-03-31T06:28:57.753Z] GET /api/publications/pending","service":"eduvault-backend","timestamp":"2026-03-31 11:58:57"}
{"level":"info","message":"[2026-03-31T06:28:57.755Z] GET /api/competency-coding/pending","service":"eduvault-backend","timestamp":"2026-03-31 11:58:57"}
{"level":"info","message":"[2026-03-31T06:28:57.806Z] GET /api/noncgpa/pending","service":"eduvault-backend","timestamp":"2026-03-31 11:58:57"}
{"level":"info","message":"[2026-03-31T06:28:57.809Z] GET /api/projects/pending","service":"eduvault-backend","timestamp":"2026-03-31 11:58:57"}
{"level":"info","message":"[2026-03-31T06:28:57.812Z] GET /api/hackathon/pending","service":"eduvault-backend","timestamp":"2026-03-31 11:58:57"}
{"level":"info","message":"[2026-03-31T06:28:57.818Z] GET /api/extracurricular/pending","service":"eduvault-backend","timestamp":"2026-03-31 11:58:57"}
{"level":"info","message":"[2026-03-31T06:28:57.830Z] GET /api/fetch-internships?UserId=2","service":"eduvault-backend","timestamp":"2026-03-31 11:58:57"}
{"level":"info","message":"[2026-03-31T06:28:57.838Z] GET /api/pending-internships?userID=2","service":"eduvault-backend","timestamp":"2026-03-31 11:58:57"}
{"level":"info","message":"[2026-03-31T06:28:57.902Z] GET /api/event-attended/list?UserId=2","service":"eduvault-backend","timestamp":"2026-03-31 11:58:57"}
{"level":"info","message":"[2026-03-31T06:28:57.906Z] GET /api/fetch-scholarships?UserId=2","service":"eduvault-backend","timestamp":"2026-03-31 11:58:57"}
{"level":"info","message":"[2026-03-31T06:28:57.908Z] GET /api/event-organized/approved?UserId=2","service":"eduvault-backend","timestamp":"2026-03-31 11:58:57"}
{"level":"info","message":"[2026-03-31T06:28:57.925Z] GET /api/event-organized/pending?UserId=2","service":"eduvault-backend","timestamp":"2026-03-31 11:58:57"}
{"level":"info","message":"[2026-03-31T06:28:57.936Z] GET /api/pending-leaves?Userid=2","service":"eduvault-backend","timestamp":"2026-03-31 11:58:57"}
{"level":"info","message":"[2026-03-31T06:28:57.939Z] GET /api/fetch-leaves?Userid=2","service":"eduvault-backend","timestamp":"2026-03-31 11:58:57"}
{"level":"info","message":"[2026-03-31T06:28:57.955Z] GET /api/user-achievements/2","service":"eduvault-backend","timestamp":"2026-03-31 11:58:57"}
{"level":"info","message":"[2026-03-31T06:28:57.964Z] GET /api/hackathon/my-events","service":"eduvault-backend","timestamp":"2026-03-31 11:58:57"}
{"level":"info","message":"[2026-03-31T06:28:57.978Z] GET /api/publications/my-publications?UserId=2","service":"eduvault-backend","timestamp":"2026-03-31 11:58:57"}
{"level":"info","message":"[2026-03-31T06:28:57.995Z] GET /api/competency-coding/my-record?UserId=2","service":"eduvault-backend","timestamp":"2026-03-31 11:58:57"}
{"level":"info","message":"[2026-03-31T06:28:58.000Z] GET /api/competency-coding/skillrack/summary?UserId=2","service":"eduvault-backend","timestamp":"2026-03-31 11:58:58"}
{"level":"info","message":"[2026-03-31T06:28:58.017Z] GET /api/competency-coding/platform/all?UserId=2","service":"eduvault-backend","timestamp":"2026-03-31 11:58:58"}
{"level":"info","message":"[2026-03-31T06:28:58.021Z] GET /api/competency-coding/analytics?UserId=2","service":"eduvault-backend","timestamp":"2026-03-31 11:58:58"}
{"level":"info","message":"[2026-03-31T06:28:58.033Z] GET /api/projects/my-projects?UserId=2","service":"eduvault-backend","timestamp":"2026-03-31 11:58:58"}
{"level":"info","message":"[2026-03-31T06:28:58.043Z] GET /api/extracurricular/my-activities?UserId=2","service":"eduvault-backend","timestamp":"2026-03-31 11:58:58"}
{"level":"info","message":"[2026-03-31T06:28:58.046Z] GET /api/noncgpa/dropdown/categories","service":"eduvault-backend","timestamp":"2026-03-31 11:58:58"}
{"level":"info","message":"[2026-03-31T06:28:58.056Z] GET /api/noncgpa/dropdown/course-names","service":"eduvault-backend","timestamp":"2026-03-31 11:58:58"}
{"level":"info","message":"[2026-03-31T06:28:58.059Z] GET /api/noncgpa/dropdown/course-codes","service":"eduvault-backend","timestamp":"2026-03-31 11:58:58"}
{"level":"info","message":"[2026-03-31T06:28:58.072Z] GET /api/noncgpa/my-records?UserId=2","service":"eduvault-backend","timestamp":"2026-03-31 11:58:58"}
{"level":"info","message":"[2026-03-31T06:28:58.087Z] GET /api/skillrack/my-record?UserId=2","service":"eduvault-backend","timestamp":"2026-03-31 11:58:58"}
{"level":"info","message":"[2026-03-31T06:28:58.090Z] GET /api/skillrack/my-stats?UserId=2","service":"eduvault-backend","timestamp":"2026-03-31 11:58:58"}
{"level":"info","message":"[2026-03-31T06:28:58.106Z] GET /api/student-certificate/list","service":"eduvault-backend","timestamp":"2026-03-31 11:58:58"}
{"level":"info","message":"[2026-03-31T06:28:58.108Z] GET /api/staffs","service":"eduvault-backend","timestamp":"2026-03-31 11:58:58"}
{"level":"info","message":"[2026-03-31T06:28:58.121Z] GET /uploads/profile/profile-2.png","service":"eduvault-backend","timestamp":"2026-03-31 11:58:58"}
{"level":"info","message":"[2026-03-31T06:28:58.148Z] GET /api/seed-money","service":"eduvault-backend","timestamp":"2026-03-31 11:58:58"}
{"level":"info","message":"[2026-03-31T06:28:58.156Z] GET /api/scholars","service":"eduvault-backend","timestamp":"2026-03-31 11:58:58"}
{"level":"info","message":"[2026-03-31T06:28:58.160Z] GET /api/proposals","service":"eduvault-backend","timestamp":"2026-03-31 11:58:58"}
{"level":"info","message":"[2026-03-31T06:28:58.162Z] GET /api/staff/events-attended","service":"eduvault-backend","timestamp":"2026-03-31 11:58:58"}
{"level":"info","message":"[2026-03-31T06:28:58.178Z] GET /api/project-proposal","service":"eduvault-backend","timestamp":"2026-03-31 11:58:58"}
{"level":"info","message":"[2026-03-31T06:28:58.205Z] GET /api/industry","service":"eduvault-backend","timestamp":"2026-03-31 11:58:58"}
{"level":"info","message":"[2026-03-31T06:28:58.208Z] GET /api/events-organized","service":"eduvault-backend","timestamp":"2026-03-31 11:58:58"}
{"level":"info","message":"[2026-03-31T06:28:58.210Z] GET /api/certifications","service":"eduvault-backend","timestamp":"2026-03-31 11:58:58"}
{"level":"info","message":"[2026-03-31T06:28:58.251Z] GET /api/book-chapters","service":"eduvault-backend","timestamp":"2026-03-31 11:58:58"}
{"level":"info","message":"[2026-03-31T06:28:58.253Z] GET /api/h-index","service":"eduvault-backend","timestamp":"2026-03-31 11:58:58"}
{"level":"info","message":"[2026-03-31T06:28:58.255Z] GET /api/resource-person","service":"eduvault-backend","timestamp":"2026-03-31 11:58:58"}
{"level":"info","message":"[2026-03-31T06:28:58.281Z] GET /api/recognition","service":"eduvault-backend","timestamp":"2026-03-31 11:58:58"}
{"level":"info","message":"[2026-03-31T06:28:58.284Z] GET /api/patent-product","service":"eduvault-backend","timestamp":"2026-03-31 11:58:58"}
{"level":"info","message":"[2026-03-31T06:28:58.286Z] GET /api/project-mentors","service":"eduvault-backend","timestamp":"2026-03-31 11:58:58"}
{"level":"info","message":"[2026-03-31T06:28:58.302Z] GET /api/departments","service":"eduvault-backend","timestamp":"2026-03-31 11:58:58"}
{"level":"info","message":"[2026-03-31T06:28:58.312Z] GET /api/seed-money","service":"eduvault-backend","timestamp":"2026-03-31 11:58:58"}
{"level":"info","message":"[2026-03-31T06:28:58.315Z] GET /api/scholars","service":"eduvault-backend","timestamp":"2026-03-31 11:58:58"}
{"level":"info","message":"[2026-03-31T06:28:58.333Z] GET /api/proposals","service":"eduvault-backend","timestamp":"2026-03-31 11:58:58"}
{"level":"info","message":"[2026-03-31T06:28:58.337Z] GET /api/staff/events-attended","service":"eduvault-backend","timestamp":"2026-03-31 11:58:58"}
{"level":"info","message":"[2026-03-31T06:28:58.355Z] GET /api/project-proposal","service":"eduvault-backend","timestamp":"2026-03-31 11:58:58"}
{"level":"info","message":"[2026-03-31T06:28:58.358Z] GET /api/events-organized","service":"eduvault-backend","timestamp":"2026-03-31 11:58:58"}
{"level":"info","message":"[2026-03-31T06:28:58.375Z] GET /api/certifications","service":"eduvault-backend","timestamp":"2026-03-31 11:58:58"}
{"level":"info","message":"[2026-03-31T06:28:58.391Z] GET /api/industry","service":"eduvault-backend","timestamp":"2026-03-31 11:58:58"}
{"level":"info","message":"[2026-03-31T06:28:58.413Z] GET /api/book-chapters","service":"eduvault-backend","timestamp":"2026-03-31 11:58:58"}
{"level":"info","message":"[2026-03-31T06:28:58.417Z] GET /api/h-index","service":"eduvault-backend","timestamp":"2026-03-31 11:58:58"}
{"level":"info","message":"[2026-03-31T06:28:58.420Z] GET /api/resource-person","service":"eduvault-backend","timestamp":"2026-03-31 11:58:58"}
{"level":"info","message":"[2026-03-31T06:28:58.434Z] GET /api/recognition","service":"eduvault-backend","timestamp":"2026-03-31 11:58:58"}
{"level":"info","message":"[2026-03-31T06:28:58.450Z] GET /api/departments","service":"eduvault-backend","timestamp":"2026-03-31 11:58:58"}
{"level":"info","message":"[2026-03-31T06:28:58.470Z] GET /api/staffs","service":"eduvault-backend","timestamp":"2026-03-31 11:58:58"}
{"level":"info","message":"[2026-03-31T06:28:58.475Z] GET /api/patent-product","service":"eduvault-backend","timestamp":"2026-03-31 11:58:58"}
{"level":"info","message":"[2026-03-31T06:28:58.481Z] GET /api/project-mentors","service":"eduvault-backend","timestamp":"2026-03-31 11:58:58"}
{"level":"info","message":"[2026-03-31T06:28:58.485Z] GET /api/staff-dashboard/tutor-ward-stats","service":"eduvault-backend","timestamp":"2026-03-31 11:58:58"}
{"level":"info","message":"[2026-03-31T06:28:58.524Z] GET /api/staffs","service":"eduvault-backend","timestamp":"2026-03-31 11:58:58"}
{"level":"info","message":"[2026-03-31T06:28:58.572Z] GET /api/staff-dashboard/tutor-ward-stats","service":"eduvault-backend","timestamp":"2026-03-31 11:58:58"}
{"level":"info","message":"[2026-03-31T06:29:09.177Z] GET /api/events","service":"eduvault-backend","timestamp":"2026-03-31 11:59:09"}
{"level":"info","message":"[2026-03-31T06:29:09.194Z] GET /api/events","service":"eduvault-backend","timestamp":"2026-03-31 11:59:09"}
{"level":"info","message":"[2026-03-31T06:30:55.161Z] GET /api/departments","service":"eduvault-backend","timestamp":"2026-03-31 12:00:55"}
{"level":"info","message":"[2026-03-31T06:30:55.166Z] GET /api/get-staff?role=Staff","service":"eduvault-backend","timestamp":"2026-03-31 12:00:55"}
{"level":"info","message":"[2026-03-31T06:30:55.169Z] GET /api/states","service":"eduvault-backend","timestamp":"2026-03-31 12:00:55"}
{"level":"info","message":"[2026-03-31T06:30:55.211Z] GET /api/departments","service":"eduvault-backend","timestamp":"2026-03-31 12:00:55"}
{"level":"info","message":"[2026-03-31T06:30:55.246Z] GET /api/states","service":"eduvault-backend","timestamp":"2026-03-31 12:00:55"}
{"level":"info","message":"[2026-03-31T06:30:55.251Z] GET /api/get-staff?role=Staff","service":"eduvault-backend","timestamp":"2026-03-31 12:00:55"}
{"level":"info","message":"[2026-03-31T06:30:55.265Z] GET /api/department-counts","service":"eduvault-backend","timestamp":"2026-03-31 12:00:55"}
{"level":"info","message":"[2026-03-31T06:30:55.273Z] GET /api/students","service":"eduvault-backend","timestamp":"2026-03-31 12:00:55"}
{"level":"info","message":"[2026-03-31T06:30:55.277Z] GET /api/pending-scholarships","service":"eduvault-backend","timestamp":"2026-03-31 12:00:55"}
{"level":"info","message":"[2026-03-31T06:30:55.280Z] GET /api/pending-internships","service":"eduvault-backend","timestamp":"2026-03-31 12:00:55"}
{"level":"info","message":"[2026-03-31T06:30:55.294Z] GET /api/event-organized/pending","service":"eduvault-backend","timestamp":"2026-03-31 12:00:55"}
{"level":"info","message":"[2026-03-31T06:30:55.309Z] GET /api/event-attended/pending","service":"eduvault-backend","timestamp":"2026-03-31 12:00:55"}
{"level":"info","message":"[2026-03-31T06:30:55.321Z] GET /api/all/pending-leaves","service":"eduvault-backend","timestamp":"2026-03-31 12:00:55"}
{"level":"info","message":"[2026-03-31T06:30:55.351Z] GET /api/online-courses/pending","service":"eduvault-backend","timestamp":"2026-03-31 12:00:55"}
{"level":"info","message":"[2026-03-31T06:30:55.360Z] GET /api/pending-achievements","service":"eduvault-backend","timestamp":"2026-03-31 12:00:55"}
{"level":"info","message":"[2026-03-31T06:30:55.397Z] GET /api/get-staff?role=Staff","service":"eduvault-backend","timestamp":"2026-03-31 12:00:55"}
{"level":"info","message":"[2026-03-31T06:30:55.410Z] GET /api/publications/pending","service":"eduvault-backend","timestamp":"2026-03-31 12:00:55"}
{"level":"info","message":"[2026-03-31T06:30:55.425Z] GET /api/competency-coding/pending","service":"eduvault-backend","timestamp":"2026-03-31 12:00:55"}
{"level":"info","message":"[2026-03-31T06:30:55.457Z] GET /api/noncgpa/pending","service":"eduvault-backend","timestamp":"2026-03-31 12:00:55"}
{"level":"info","message":"[2026-03-31T06:30:55.461Z] GET /api/projects/pending","service":"eduvault-backend","timestamp":"2026-03-31 12:00:55"}
{"level":"info","message":"[2026-03-31T06:30:55.464Z] GET /api/hackathon/pending","service":"eduvault-backend","timestamp":"2026-03-31 12:00:55"}
{"level":"info","message":"[2026-03-31T06:30:55.511Z] GET /api/extracurricular/pending","service":"eduvault-backend","timestamp":"2026-03-31 12:00:55"}
{"level":"info","message":"[2026-03-31T06:30:55.517Z] GET /api/fetch-internships?UserId=2","service":"eduvault-backend","timestamp":"2026-03-31 12:00:55"}
{"level":"info","message":"[2026-03-31T06:30:55.534Z] GET /api/pending-internships?userID=2","service":"eduvault-backend","timestamp":"2026-03-31 12:00:55"}
{"level":"info","message":"[2026-03-31T06:30:55.548Z] GET /api/event-attended/list?UserId=2","service":"eduvault-backend","timestamp":"2026-03-31 12:00:55"}
{"level":"info","message":"[2026-03-31T06:30:55.554Z] GET /api/fetch-scholarships?UserId=2","service":"eduvault-backend","timestamp":"2026-03-31 12:00:55"}
{"level":"info","message":"[2026-03-31T06:30:55.558Z] GET /api/event-organized/approved?UserId=2","service":"eduvault-backend","timestamp":"2026-03-31 12:00:55"}
{"level":"info","message":"[2026-03-31T06:30:55.585Z] GET /api/event-organized/pending?UserId=2","service":"eduvault-backend","timestamp":"2026-03-31 12:00:55"}
{"level":"info","message":"[2026-03-31T06:30:55.602Z] GET /api/pending-leaves?Userid=2","service":"eduvault-backend","timestamp":"2026-03-31 12:00:55"}
{"level":"info","message":"[2026-03-31T06:30:55.618Z] GET /api/fetch-leaves?Userid=2","service":"eduvault-backend","timestamp":"2026-03-31 12:00:55"}
{"level":"info","message":"[2026-03-31T06:30:55.623Z] GET /api/user-achievements/2","service":"eduvault-backend","timestamp":"2026-03-31 12:00:55"}
{"level":"info","message":"[2026-03-31T06:30:55.626Z] GET /api/hackathon/my-events","service":"eduvault-backend","timestamp":"2026-03-31 12:00:55"}
{"level":"info","message":"[2026-03-31T06:30:55.659Z] GET /api/publications/my-publications?UserId=2","service":"eduvault-backend","timestamp":"2026-03-31 12:00:55"}
{"level":"info","message":"[2026-03-31T06:30:55.673Z] GET /api/competency-coding/my-record?UserId=2","service":"eduvault-backend","timestamp":"2026-03-31 12:00:55"}
{"level":"info","message":"[2026-03-31T06:30:55.678Z] GET /api/competency-coding/skillrack/summary?UserId=2","service":"eduvault-backend","timestamp":"2026-03-31 12:00:55"}
{"level":"info","message":"[2026-03-31T06:30:55.694Z] GET /api/competency-coding/platform/all?UserId=2","service":"eduvault-backend","timestamp":"2026-03-31 12:00:55"}
{"level":"info","message":"[2026-03-31T06:30:55.709Z] GET /api/competency-coding/analytics?UserId=2","service":"eduvault-backend","timestamp":"2026-03-31 12:00:55"}
{"level":"info","message":"[2026-03-31T06:30:55.715Z] GET /api/projects/my-projects?UserId=2","service":"eduvault-backend","timestamp":"2026-03-31 12:00:55"}
{"level":"info","message":"[2026-03-31T06:30:55.728Z] GET /api/extracurricular/my-activities?UserId=2","service":"eduvault-backend","timestamp":"2026-03-31 12:00:55"}
{"level":"info","message":"[2026-03-31T06:30:55.738Z] GET /api/students","service":"eduvault-backend","timestamp":"2026-03-31 12:00:55"}
{"level":"info","message":"[2026-03-31T06:30:55.754Z] GET /api/get-staff?role=Staff","service":"eduvault-backend","timestamp":"2026-03-31 12:00:55"}
{"level":"info","message":"[2026-03-31T06:30:55.769Z] GET /api/department-counts","service":"eduvault-backend","timestamp":"2026-03-31 12:00:55"}
{"level":"info","message":"[2026-03-31T06:30:55.773Z] GET /api/pending-internships","service":"eduvault-backend","timestamp":"2026-03-31 12:00:55"}
{"level":"info","message":"[2026-03-31T06:30:55.797Z] GET /api/pending-scholarships","service":"eduvault-backend","timestamp":"2026-03-31 12:00:55"}
{"level":"info","message":"[2026-03-31T06:30:55.846Z] GET /api/publications/pending","service":"eduvault-backend","timestamp":"2026-03-31 12:00:55"}
{"level":"info","message":"[2026-03-31T06:30:55.859Z] GET /api/event-organized/pending","service":"eduvault-backend","timestamp":"2026-03-31 12:00:55"}
{"level":"info","message":"[2026-03-31T06:30:55.875Z] GET /api/event-attended/pending","service":"eduvault-backend","timestamp":"2026-03-31 12:00:55"}
{"level":"info","message":"[2026-03-31T06:30:55.889Z] GET /api/all/pending-leaves","service":"eduvault-backend","timestamp":"2026-03-31 12:00:55"}
{"level":"info","message":"[2026-03-31T06:30:55.917Z] GET /api/online-courses/pending","service":"eduvault-backend","timestamp":"2026-03-31 12:00:55"}
{"level":"info","message":"[2026-03-31T06:30:55.927Z] GET /api/pending-achievements","service":"eduvault-backend","timestamp":"2026-03-31 12:00:55"}
{"level":"info","message":"[2026-03-31T06:30:55.959Z] GET /api/competency-coding/pending","service":"eduvault-backend","timestamp":"2026-03-31 12:00:55"}
{"level":"info","message":"[2026-03-31T06:30:56.007Z] GET /api/noncgpa/pending","service":"eduvault-backend","timestamp":"2026-03-31 12:00:56"}
{"level":"info","message":"[2026-03-31T06:30:56.011Z] GET /api/hackathon/pending","service":"eduvault-backend","timestamp":"2026-03-31 12:00:56"}
{"level":"info","message":"[2026-03-31T06:30:56.039Z] GET /api/projects/pending","service":"eduvault-backend","timestamp":"2026-03-31 12:00:56"}
{"level":"info","message":"[2026-03-31T06:30:56.043Z] GET /api/extracurricular/pending","service":"eduvault-backend","timestamp":"2026-03-31 12:00:56"}
{"level":"info","message":"[2026-03-31T06:30:56.091Z] GET /api/fetch-internships?UserId=2","service":"eduvault-backend","timestamp":"2026-03-31 12:00:56"}
{"level":"info","message":"[2026-03-31T06:30:56.123Z] GET /api/pending-internships?userID=2","service":"eduvault-backend","timestamp":"2026-03-31 12:00:56"}
{"level":"info","message":"[2026-03-31T06:30:56.127Z] GET /api/event-attended/list?UserId=2","service":"eduvault-backend","timestamp":"2026-03-31 12:00:56"}
{"level":"info","message":"[2026-03-31T06:30:56.155Z] GET /api/fetch-scholarships?UserId=2","service":"eduvault-backend","timestamp":"2026-03-31 12:00:56"}
{"level":"info","message":"[2026-03-31T06:30:56.167Z] GET /api/event-organized/approved?UserId=2","service":"eduvault-backend","timestamp":"2026-03-31 12:00:56"}
{"level":"info","message":"[2026-03-31T06:30:56.178Z] GET /api/event-organized/pending?UserId=2","service":"eduvault-backend","timestamp":"2026-03-31 12:00:56"}
{"level":"info","message":"[2026-03-31T06:30:56.200Z] GET /api/pending-leaves?Userid=2","service":"eduvault-backend","timestamp":"2026-03-31 12:00:56"}
{"level":"info","message":"[2026-03-31T06:30:56.205Z] GET /api/fetch-leaves?Userid=2","service":"eduvault-backend","timestamp":"2026-03-31 12:00:56"}
{"level":"info","message":"[2026-03-31T06:30:56.244Z] GET /api/user-achievements/2","service":"eduvault-backend","timestamp":"2026-03-31 12:00:56"}
{"level":"info","message":"[2026-03-31T06:30:56.283Z] GET /api/hackathon/my-events","service":"eduvault-backend","timestamp":"2026-03-31 12:00:56"}
{"level":"info","message":"[2026-03-31T06:30:56.287Z] GET /api/publications/my-publications?UserId=2","service":"eduvault-backend","timestamp":"2026-03-31 12:00:56"}
{"level":"info","message":"[2026-03-31T06:30:56.307Z] GET /api/competency-coding/my-record?UserId=2","service":"eduvault-backend","timestamp":"2026-03-31 12:00:56"}
{"level":"info","message":"[2026-03-31T06:30:56.312Z] GET /api/competency-coding/skillrack/summary?UserId=2","service":"eduvault-backend","timestamp":"2026-03-31 12:00:56"}
{"level":"info","message":"[2026-03-31T06:30:56.323Z] GET /api/competency-coding/platform/all?UserId=2","service":"eduvault-backend","timestamp":"2026-03-31 12:00:56"}
{"level":"info","message":"[2026-03-31T06:30:56.342Z] GET /api/competency-coding/analytics?UserId=2","service":"eduvault-backend","timestamp":"2026-03-31 12:00:56"}
{"level":"info","message":"[2026-03-31T06:30:56.365Z] GET /api/projects/my-projects?UserId=2","service":"eduvault-backend","timestamp":"2026-03-31 12:00:56"}
{"level":"info","message":"[2026-03-31T06:30:56.383Z] GET /api/extracurricular/my-activities?UserId=2","service":"eduvault-backend","timestamp":"2026-03-31 12:00:56"}
{"level":"info","message":"[2026-03-31T06:30:56.745Z] GET /api/events","service":"eduvault-backend","timestamp":"2026-03-31 12:00:56"}
{"level":"info","message":"[2026-03-31T06:30:56.749Z] GET /api/departments","service":"eduvault-backend","timestamp":"2026-03-31 12:00:56"}
{"level":"info","message":"[2026-03-31T06:30:56.761Z] GET /api/departments","service":"eduvault-backend","timestamp":"2026-03-31 12:00:56"}
{"level":"info","message":"[2026-03-31T06:30:56.791Z] GET /api/staffs","service":"eduvault-backend","timestamp":"2026-03-31 12:00:56"}
{"level":"info","message":"[2026-03-31T06:30:56.800Z] GET /api/events","service":"eduvault-backend","timestamp":"2026-03-31 12:00:56"}
{"level":"info","message":"[2026-03-31T06:30:56.819Z] GET /api/staffs","service":"eduvault-backend","timestamp":"2026-03-31 12:00:56"}
{"level":"info","message":"[2026-03-31T06:30:57.991Z] GET /api/departments","service":"eduvault-backend","timestamp":"2026-03-31 12:00:57"}
{"level":"info","message":"[2026-03-31T06:30:57.995Z] GET /api/get-staff?role=Staff","service":"eduvault-backend","timestamp":"2026-03-31 12:00:57"}
{"level":"info","message":"[2026-03-31T06:30:57.998Z] GET /api/states","service":"eduvault-backend","timestamp":"2026-03-31 12:00:57"}
{"level":"info","message":"[2026-03-31T06:30:58.010Z] GET /api/students","service":"eduvault-backend","timestamp":"2026-03-31 12:00:58"}
{"level":"info","message":"[2026-03-31T06:30:58.016Z] GET /api/department-counts","service":"eduvault-backend","timestamp":"2026-03-31 12:00:58"}
{"level":"info","message":"[2026-03-31T06:30:58.019Z] GET /api/pending-internships","service":"eduvault-backend","timestamp":"2026-03-31 12:00:58"}
{"level":"info","message":"[2026-03-31T06:30:58.022Z] GET /api/pending-scholarships","service":"eduvault-backend","timestamp":"2026-03-31 12:00:58"}
{"level":"info","message":"[2026-03-31T06:30:58.045Z] GET /api/departments","service":"eduvault-backend","timestamp":"2026-03-31 12:00:58"}
{"level":"info","message":"[2026-03-31T06:30:58.049Z] GET /api/event-organized/pending","service":"eduvault-backend","timestamp":"2026-03-31 12:00:58"}
{"level":"info","message":"[2026-03-31T06:30:58.074Z] GET /api/event-attended/pending","service":"eduvault-backend","timestamp":"2026-03-31 12:00:58"}
{"level":"info","message":"[2026-03-31T06:30:58.091Z] GET /api/all/pending-leaves","service":"eduvault-backend","timestamp":"2026-03-31 12:00:58"}
{"level":"info","message":"[2026-03-31T06:30:58.097Z] GET /api/online-courses/pending","service":"eduvault-backend","timestamp":"2026-03-31 12:00:58"}
{"level":"info","message":"[2026-03-31T06:30:58.100Z] GET /api/pending-achievements","service":"eduvault-backend","timestamp":"2026-03-31 12:00:58"}
{"level":"info","message":"[2026-03-31T06:30:58.117Z] GET /api/publications/pending","service":"eduvault-backend","timestamp":"2026-03-31 12:00:58"}
{"level":"info","message":"[2026-03-31T06:30:58.136Z] GET /api/competency-coding/pending","service":"eduvault-backend","timestamp":"2026-03-31 12:00:58"}
{"level":"info","message":"[2026-03-31T06:30:58.154Z] GET /api/noncgpa/pending","service":"eduvault-backend","timestamp":"2026-03-31 12:00:58"}
{"level":"info","message":"[2026-03-31T06:30:58.157Z] GET /api/projects/pending","service":"eduvault-backend","timestamp":"2026-03-31 12:00:58"}
{"level":"info","message":"[2026-03-31T06:30:58.159Z] GET /api/hackathon/pending","service":"eduvault-backend","timestamp":"2026-03-31 12:00:58"}
{"level":"info","message":"[2026-03-31T06:30:58.175Z] GET /api/extracurricular/pending","service":"eduvault-backend","timestamp":"2026-03-31 12:00:58"}
{"level":"info","message":"[2026-03-31T06:30:58.191Z] GET /api/fetch-internships?UserId=2","service":"eduvault-backend","timestamp":"2026-03-31 12:00:58"}
{"level":"info","message":"[2026-03-31T06:30:58.206Z] GET /api/pending-internships?userID=2","service":"eduvault-backend","timestamp":"2026-03-31 12:00:58"}
{"level":"info","message":"[2026-03-31T06:30:58.209Z] GET /api/event-attended/list?UserId=2","service":"eduvault-backend","timestamp":"2026-03-31 12:00:58"}
{"level":"info","message":"[2026-03-31T06:30:58.215Z] GET /api/fetch-scholarships?UserId=2","service":"eduvault-backend","timestamp":"2026-03-31 12:00:58"}
{"level":"info","message":"[2026-03-31T06:30:58.224Z] GET /api/event-organized/approved?UserId=2","service":"eduvault-backend","timestamp":"2026-03-31 12:00:58"}
{"level":"info","message":"[2026-03-31T06:30:58.238Z] GET /api/get-staff?role=Staff","service":"eduvault-backend","timestamp":"2026-03-31 12:00:58"}
{"level":"info","message":"[2026-03-31T06:30:58.252Z] GET /api/states","service":"eduvault-backend","timestamp":"2026-03-31 12:00:58"}
{"level":"info","message":"[2026-03-31T06:30:58.255Z] GET /api/event-organized/pending?UserId=2","service":"eduvault-backend","timestamp":"2026-03-31 12:00:58"}
{"level":"info","message":"[2026-03-31T06:30:58.270Z] GET /api/pending-leaves?Userid=2","service":"eduvault-backend","timestamp":"2026-03-31 12:00:58"}
{"level":"info","message":"[2026-03-31T06:30:58.275Z] GET /api/fetch-leaves?Userid=2","service":"eduvault-backend","timestamp":"2026-03-31 12:00:58"}
{"level":"info","message":"[2026-03-31T06:30:58.288Z] GET /api/user-achievements/2","service":"eduvault-backend","timestamp":"2026-03-31 12:00:58"}
{"level":"info","message":"[2026-03-31T06:30:58.291Z] GET /api/hackathon/my-events","service":"eduvault-backend","timestamp":"2026-03-31 12:00:58"}
{"level":"info","message":"[2026-03-31T06:30:58.309Z] GET /api/publications/my-publications?UserId=2","service":"eduvault-backend","timestamp":"2026-03-31 12:00:58"}
{"level":"info","message":"[2026-03-31T06:30:58.326Z] GET /api/competency-coding/my-record?UserId=2","service":"eduvault-backend","timestamp":"2026-03-31 12:00:58"}
{"level":"info","message":"[2026-03-31T06:30:58.329Z] GET /api/competency-coding/skillrack/summary?UserId=2","service":"eduvault-backend","timestamp":"2026-03-31 12:00:58"}
{"level":"info","message":"[2026-03-31T06:30:58.344Z] GET /api/competency-coding/platform/all?UserId=2","service":"eduvault-backend","timestamp":"2026-03-31 12:00:58"}
{"level":"info","message":"[2026-03-31T06:30:58.348Z] GET /api/competency-coding/analytics?UserId=2","service":"eduvault-backend","timestamp":"2026-03-31 12:00:58"}
{"level":"info","message":"[2026-03-31T06:30:58.364Z] GET /api/projects/my-projects?UserId=2","service":"eduvault-backend","timestamp":"2026-03-31 12:00:58"}
{"level":"info","message":"[2026-03-31T06:30:58.379Z] GET /api/extracurricular/my-activities?UserId=2","service":"eduvault-backend","timestamp":"2026-03-31 12:00:58"}
{"level":"info","message":"[2026-03-31T06:30:58.382Z] GET /api/department-counts","service":"eduvault-backend","timestamp":"2026-03-31 12:00:58"}
{"level":"info","message":"[2026-03-31T06:30:58.397Z] GET /api/students","service":"eduvault-backend","timestamp":"2026-03-31 12:00:58"}
{"level":"info","message":"[2026-03-31T06:30:58.400Z] GET /api/pending-internships","service":"eduvault-backend","timestamp":"2026-03-31 12:00:58"}
{"level":"info","message":"[2026-03-31T06:30:58.417Z] GET /api/pending-scholarships","service":"eduvault-backend","timestamp":"2026-03-31 12:00:58"}
{"level":"info","message":"[2026-03-31T06:30:58.432Z] GET /api/event-organized/pending","service":"eduvault-backend","timestamp":"2026-03-31 12:00:58"}
{"level":"info","message":"[2026-03-31T06:30:58.436Z] GET /api/event-attended/pending","service":"eduvault-backend","timestamp":"2026-03-31 12:00:58"}
{"level":"info","message":"[2026-03-31T06:30:58.439Z] GET /api/all/pending-leaves","service":"eduvault-backend","timestamp":"2026-03-31 12:00:58"}
{"level":"info","message":"[2026-03-31T06:30:58.468Z] GET /api/online-courses/pending","service":"eduvault-backend","timestamp":"2026-03-31 12:00:58"}
{"level":"info","message":"[2026-03-31T06:30:58.497Z] GET /api/pending-achievements","service":"eduvault-backend","timestamp":"2026-03-31 12:00:58"}
{"level":"info","message":"[2026-03-31T06:30:58.520Z] GET /api/publications/pending","service":"eduvault-backend","timestamp":"2026-03-31 12:00:58"}
{"level":"info","message":"[2026-03-31T06:30:58.523Z] GET /api/competency-coding/pending","service":"eduvault-backend","timestamp":"2026-03-31 12:00:58"}
{"level":"info","message":"[2026-03-31T06:30:58.527Z] GET /api/noncgpa/pending","service":"eduvault-backend","timestamp":"2026-03-31 12:00:58"}
{"level":"info","message":"[2026-03-31T06:30:58.541Z] GET /api/projects/pending","service":"eduvault-backend","timestamp":"2026-03-31 12:00:58"}
{"level":"info","message":"[2026-03-31T06:30:58.568Z] GET /api/hackathon/pending","service":"eduvault-backend","timestamp":"2026-03-31 12:00:58"}
{"level":"info","message":"[2026-03-31T06:30:58.585Z] GET /api/extracurricular/pending","service":"eduvault-backend","timestamp":"2026-03-31 12:00:58"}
{"level":"info","message":"[2026-03-31T06:30:58.588Z] GET /api/fetch-internships?UserId=2","service":"eduvault-backend","timestamp":"2026-03-31 12:00:58"}
{"level":"info","message":"[2026-03-31T06:30:58.590Z] GET /api/pending-internships?userID=2","service":"eduvault-backend","timestamp":"2026-03-31 12:00:58"}
{"level":"info","message":"[2026-03-31T06:30:58.604Z] GET /api/event-attended/list?UserId=2","service":"eduvault-backend","timestamp":"2026-03-31 12:00:58"}
{"level":"info","message":"[2026-03-31T06:30:58.627Z] GET /api/fetch-scholarships?UserId=2","service":"eduvault-backend","timestamp":"2026-03-31 12:00:58"}
{"level":"info","message":"[2026-03-31T06:30:58.646Z] GET /api/event-organized/approved?UserId=2","service":"eduvault-backend","timestamp":"2026-03-31 12:00:58"}
{"level":"info","message":"[2026-03-31T06:30:58.650Z] GET /api/get-staff?role=Staff","service":"eduvault-backend","timestamp":"2026-03-31 12:00:58"}
{"level":"info","message":"[2026-03-31T06:30:58.653Z] GET /api/event-organized/pending?UserId=2","service":"eduvault-backend","timestamp":"2026-03-31 12:00:58"}
{"level":"info","message":"[2026-03-31T06:30:58.667Z] GET /api/pending-leaves?Userid=2","service":"eduvault-backend","timestamp":"2026-03-31 12:00:58"}
{"level":"info","message":"[2026-03-31T06:30:58.688Z] GET /api/fetch-leaves?Userid=2","service":"eduvault-backend","timestamp":"2026-03-31 12:00:58"}
{"level":"info","message":"[2026-03-31T06:30:58.707Z] GET /api/user-achievements/2","service":"eduvault-backend","timestamp":"2026-03-31 12:00:58"}
{"level":"info","message":"[2026-03-31T06:30:58.712Z] GET /api/hackathon/my-events","service":"eduvault-backend","timestamp":"2026-03-31 12:00:58"}
{"level":"info","message":"[2026-03-31T06:30:58.716Z] GET /api/publications/my-publications?UserId=2","service":"eduvault-backend","timestamp":"2026-03-31 12:00:58"}
{"level":"info","message":"[2026-03-31T06:30:58.735Z] GET /api/competency-coding/my-record?UserId=2","service":"eduvault-backend","timestamp":"2026-03-31 12:00:58"}
{"level":"info","message":"[2026-03-31T06:30:58.752Z] GET /api/competency-coding/skillrack/summary?UserId=2","service":"eduvault-backend","timestamp":"2026-03-31 12:00:58"}
{"level":"info","message":"[2026-03-31T06:30:58.769Z] GET /api/competency-coding/platform/all?UserId=2","service":"eduvault-backend","timestamp":"2026-03-31 12:00:58"}
{"level":"info","message":"[2026-03-31T06:30:58.772Z] GET /api/competency-coding/analytics?UserId=2","service":"eduvault-backend","timestamp":"2026-03-31 12:00:58"}
{"level":"info","message":"[2026-03-31T06:30:58.775Z] GET /api/projects/my-projects?UserId=2","service":"eduvault-backend","timestamp":"2026-03-31 12:00:58"}
{"level":"info","message":"[2026-03-31T06:30:58.790Z] GET /api/extracurricular/my-activities?UserId=2","service":"eduvault-backend","timestamp":"2026-03-31 12:00:58"}
{"level":"info","message":"[2026-03-31T06:30:58.812Z] GET /api/get-staff?role=Staff","service":"eduvault-backend","timestamp":"2026-03-31 12:00:58"}
{"level":"info","message":"[2026-03-31T06:30:59.311Z] GET /api/events","service":"eduvault-backend","timestamp":"2026-03-31 12:00:59"}
{"level":"info","message":"[2026-03-31T06:30:59.316Z] GET /api/departments","service":"eduvault-backend","timestamp":"2026-03-31 12:00:59"}
{"level":"info","message":"[2026-03-31T06:30:59.333Z] GET /api/departments","service":"eduvault-backend","timestamp":"2026-03-31 12:00:59"}
{"level":"info","message":"[2026-03-31T06:30:59.343Z] GET /api/events","service":"eduvault-backend","timestamp":"2026-03-31 12:00:59"}
{"level":"info","message":"[2026-03-31T06:30:59.349Z] GET /api/staffs","service":"eduvault-backend","timestamp":"2026-03-31 12:00:59"}
{"level":"info","message":"[2026-03-31T06:30:59.373Z] GET /api/staffs","service":"eduvault-backend","timestamp":"2026-03-31 12:00:59"}
{"level":"info","message":"[2026-03-31T06:31:31.302Z] GET /api/seed-money","service":"eduvault-backend","timestamp":"2026-03-31 12:01:31"}
{"level":"info","message":"[2026-03-31T06:31:31.314Z] GET /api/scholars","service":"eduvault-backend","timestamp":"2026-03-31 12:01:31"}
{"level":"info","message":"[2026-03-31T06:31:31.317Z] GET /api/proposals","service":"eduvault-backend","timestamp":"2026-03-31 12:01:31"}
{"level":"info","message":"[2026-03-31T06:31:31.320Z] GET /api/project-proposal","service":"eduvault-backend","timestamp":"2026-03-31 12:01:31"}
{"level":"info","message":"[2026-03-31T06:31:31.324Z] GET /api/events","service":"eduvault-backend","timestamp":"2026-03-31 12:01:31"}
{"level":"info","message":"[2026-03-31T06:31:31.356Z] GET /api/industry","service":"eduvault-backend","timestamp":"2026-03-31 12:01:31"}
{"level":"info","message":"[2026-03-31T06:31:31.418Z] GET /api/certifications","service":"eduvault-backend","timestamp":"2026-03-31 12:01:31"}
{"level":"info","message":"[2026-03-31T06:31:31.421Z] GET /api/book-chapters","service":"eduvault-backend","timestamp":"2026-03-31 12:01:31"}
{"level":"info","message":"[2026-03-31T06:31:31.431Z] GET /api/events-organized","service":"eduvault-backend","timestamp":"2026-03-31 12:01:31"}
{"level":"info","message":"[2026-03-31T06:31:31.434Z] GET /api/h-index","service":"eduvault-backend","timestamp":"2026-03-31 12:01:31"}
{"level":"info","message":"[2026-03-31T06:31:31.436Z] GET /api/resource-person","service":"eduvault-backend","timestamp":"2026-03-31 12:01:31"}
{"level":"info","message":"[2026-03-31T06:31:31.449Z] GET /api/recognition","service":"eduvault-backend","timestamp":"2026-03-31 12:01:31"}
{"level":"info","message":"[2026-03-31T06:31:31.503Z] GET /api/patent-product","service":"eduvault-backend","timestamp":"2026-03-31 12:01:31"}
{"level":"info","message":"[2026-03-31T06:31:31.507Z] GET /api/project-mentors","service":"eduvault-backend","timestamp":"2026-03-31 12:01:31"}
{"level":"info","message":"[2026-03-31T06:31:31.509Z] GET /api/seed-money","service":"eduvault-backend","timestamp":"2026-03-31 12:01:31"}
{"level":"info","message":"[2026-03-31T06:31:31.514Z] GET /api/scholars","service":"eduvault-backend","timestamp":"2026-03-31 12:01:31"}
{"level":"info","message":"[2026-03-31T06:31:31.541Z] GET /api/project-proposal","service":"eduvault-backend","timestamp":"2026-03-31 12:01:31"}
{"level":"info","message":"[2026-03-31T06:31:31.556Z] GET /api/events","service":"eduvault-backend","timestamp":"2026-03-31 12:01:31"}
{"level":"info","message":"[2026-03-31T06:31:31.573Z] GET /api/proposals","service":"eduvault-backend","timestamp":"2026-03-31 12:01:31"}
{"level":"info","message":"[2026-03-31T06:31:31.577Z] GET /api/industry","service":"eduvault-backend","timestamp":"2026-03-31 12:01:31"}
{"level":"info","message":"[2026-03-31T06:31:31.579Z] GET /api/book-chapters","service":"eduvault-backend","timestamp":"2026-03-31 12:01:31"}
{"level":"info","message":"[2026-03-31T06:31:31.590Z] GET /api/events-organized","service":"eduvault-backend","timestamp":"2026-03-31 12:01:31"}
{"level":"info","message":"[2026-03-31T06:31:31.605Z] GET /api/h-index","service":"eduvault-backend","timestamp":"2026-03-31 12:01:31"}
{"level":"info","message":"[2026-03-31T06:31:31.616Z] GET /api/certifications","service":"eduvault-backend","timestamp":"2026-03-31 12:01:31"}
{"level":"info","message":"[2026-03-31T06:31:31.629Z] GET /api/resource-person","service":"eduvault-backend","timestamp":"2026-03-31 12:01:31"}
{"level":"info","message":"[2026-03-31T06:31:31.632Z] GET /api/recognition","service":"eduvault-backend","timestamp":"2026-03-31 12:01:31"}
{"level":"info","message":"[2026-03-31T06:31:31.635Z] GET /api/patent-product","service":"eduvault-backend","timestamp":"2026-03-31 12:01:31"}
{"level":"info","message":"[2026-03-31T06:31:31.644Z] GET /api/project-mentors","service":"eduvault-backend","timestamp":"2026-03-31 12:01:31"}
{"level":"info","message":"[2026-03-31T06:31:31.657Z] GET /api/staff-dashboard/tutor-ward-stats","service":"eduvault-backend","timestamp":"2026-03-31 12:01:31"}
{"level":"info","message":"[2026-03-31T06:31:31.694Z] GET /api/staff-dashboard/tutor-ward-stats","service":"eduvault-backend","timestamp":"2026-03-31 12:01:31"}
{"level":"info","message":"[2026-03-31T06:34:23.909Z] GET /api/seed-money","service":"eduvault-backend","timestamp":"2026-03-31 12:04:23"}
{"level":"info","message":"[2026-03-31T06:34:23.915Z] GET /api/scholars","service":"eduvault-backend","timestamp":"2026-03-31 12:04:23"}
{"level":"info","message":"[2026-03-31T06:34:23.929Z] GET /api/proposals","service":"eduvault-backend","timestamp":"2026-03-31 12:04:23"}
{"level":"info","message":"[2026-03-31T06:34:23.937Z] GET /api/project-proposal","service":"eduvault-backend","timestamp":"2026-03-31 12:04:23"}
{"level":"info","message":"[2026-03-31T06:34:23.941Z] GET /api/events","service":"eduvault-backend","timestamp":"2026-03-31 12:04:23"}
{"level":"info","message":"[2026-03-31T06:34:23.950Z] GET /api/industry","service":"eduvault-backend","timestamp":"2026-03-31 12:04:23"}
{"level":"info","message":"[2026-03-31T06:34:24.093Z] GET /api/certifications","service":"eduvault-backend","timestamp":"2026-03-31 12:04:24"}
{"level":"info","message":"[2026-03-31T06:34:24.114Z] GET /api/book-chapters","service":"eduvault-backend","timestamp":"2026-03-31 12:04:24"}
{"level":"info","message":"[2026-03-31T06:34:24.119Z] GET /api/events-organized","service":"eduvault-backend","timestamp":"2026-03-31 12:04:24"}
{"level":"info","message":"[2026-03-31T06:34:24.129Z] GET /api/h-index","service":"eduvault-backend","timestamp":"2026-03-31 12:04:24"}
{"level":"info","message":"[2026-03-31T06:34:24.135Z] GET /api/resource-person","service":"eduvault-backend","timestamp":"2026-03-31 12:04:24"}
{"level":"info","message":"[2026-03-31T06:34:24.141Z] GET /api/recognition","service":"eduvault-backend","timestamp":"2026-03-31 12:04:24"}
{"level":"info","message":"[2026-03-31T06:34:24.195Z] GET /api/patent-product","service":"eduvault-backend","timestamp":"2026-03-31 12:04:24"}
{"level":"info","message":"[2026-03-31T06:34:24.205Z] GET /api/project-mentors","service":"eduvault-backend","timestamp":"2026-03-31 12:04:24"}
{"level":"info","message":"[2026-03-31T06:34:24.265Z] GET /api/staff-dashboard/tutor-ward-stats","service":"eduvault-backend","timestamp":"2026-03-31 12:04:24"}
{"level":"info","message":"[2026-03-31T06:34:28.908Z] GET /api/seed-money","service":"eduvault-backend","timestamp":"2026-03-31 12:04:28"}
{"level":"info","message":"[2026-03-31T06:34:28.915Z] GET /api/scholars","service":"eduvault-backend","timestamp":"2026-03-31 12:04:28"}
{"level":"info","message":"[2026-03-31T06:34:28.922Z] GET /api/proposals","service":"eduvault-backend","timestamp":"2026-03-31 12:04:28"}
{"level":"info","message":"[2026-03-31T06:34:28.932Z] GET /api/project-proposal","service":"eduvault-backend","timestamp":"2026-03-31 12:04:28"}
{"level":"info","message":"[2026-03-31T06:34:28.975Z] GET /api/events","service":"eduvault-backend","timestamp":"2026-03-31 12:04:28"}
{"level":"info","message":"[2026-03-31T06:34:28.981Z] GET /api/industry","service":"eduvault-backend","timestamp":"2026-03-31 12:04:28"}
{"level":"info","message":"[2026-03-31T06:34:28.996Z] GET /api/certifications","service":"eduvault-backend","timestamp":"2026-03-31 12:04:28"}
{"level":"info","message":"[2026-03-31T06:34:29.011Z] GET /api/book-chapters","service":"eduvault-backend","timestamp":"2026-03-31 12:04:29"}
{"level":"info","message":"[2026-03-31T06:34:29.014Z] GET /api/events-organized","service":"eduvault-backend","timestamp":"2026-03-31 12:04:29"}
{"level":"info","message":"[2026-03-31T06:34:29.020Z] GET /api/h-index","service":"eduvault-backend","timestamp":"2026-03-31 12:04:29"}
{"level":"info","message":"[2026-03-31T06:34:29.068Z] GET /api/resource-person","service":"eduvault-backend","timestamp":"2026-03-31 12:04:29"}
{"level":"info","message":"[2026-03-31T06:34:29.091Z] GET /api/recognition","service":"eduvault-backend","timestamp":"2026-03-31 12:04:29"}
{"level":"info","message":"[2026-03-31T06:34:29.095Z] GET /api/patent-product","service":"eduvault-backend","timestamp":"2026-03-31 12:04:29"}
{"level":"info","message":"[2026-03-31T06:34:29.097Z] GET /api/project-mentors","service":"eduvault-backend","timestamp":"2026-03-31 12:04:29"}
{"level":"info","message":"[2026-03-31T06:34:29.133Z] GET /api/staff-dashboard/tutor-ward-stats","service":"eduvault-backend","timestamp":"2026-03-31 12:04:29"}
{"level":"info","message":"[2026-03-31T06:34:33.899Z] GET /api/seed-money","service":"eduvault-backend","timestamp":"2026-03-31 12:04:33"}
{"level":"info","message":"[2026-03-31T06:34:33.904Z] GET /api/scholars","service":"eduvault-backend","timestamp":"2026-03-31 12:04:33"}
{"level":"info","message":"[2026-03-31T06:34:33.906Z] GET /api/proposals","service":"eduvault-backend","timestamp":"2026-03-31 12:04:33"}
{"level":"info","message":"[2026-03-31T06:34:33.909Z] GET /api/project-proposal","service":"eduvault-backend","timestamp":"2026-03-31 12:04:33"}
{"level":"info","message":"[2026-03-31T06:34:33.912Z] GET /api/events","service":"eduvault-backend","timestamp":"2026-03-31 12:04:33"}
{"level":"info","message":"[2026-03-31T06:34:33.914Z] GET /api/industry","service":"eduvault-backend","timestamp":"2026-03-31 12:04:33"}
{"level":"info","message":"[2026-03-31T06:34:33.951Z] GET /api/certifications","service":"eduvault-backend","timestamp":"2026-03-31 12:04:33"}
{"level":"info","message":"[2026-03-31T06:34:33.954Z] GET /api/book-chapters","service":"eduvault-backend","timestamp":"2026-03-31 12:04:33"}
{"level":"info","message":"[2026-03-31T06:34:33.963Z] GET /api/events-organized","service":"eduvault-backend","timestamp":"2026-03-31 12:04:33"}
{"level":"info","message":"[2026-03-31T06:34:33.966Z] GET /api/h-index","service":"eduvault-backend","timestamp":"2026-03-31 12:04:33"}
{"level":"info","message":"[2026-03-31T06:34:33.970Z] GET /api/resource-person","service":"eduvault-backend","timestamp":"2026-03-31 12:04:33"}
{"level":"info","message":"[2026-03-31T06:34:33.985Z] GET /api/recognition","service":"eduvault-backend","timestamp":"2026-03-31 12:04:33"}
{"level":"info","message":"[2026-03-31T06:34:33.997Z] GET /api/patent-product","service":"eduvault-backend","timestamp":"2026-03-31 12:04:33"}
{"level":"info","message":"[2026-03-31T06:34:34.009Z] GET /api/project-mentors","service":"eduvault-backend","timestamp":"2026-03-31 12:04:34"}
{"level":"info","message":"[2026-03-31T06:34:34.029Z] GET /api/staff-dashboard/tutor-ward-stats","service":"eduvault-backend","timestamp":"2026-03-31 12:04:34"}
{"level":"info","message":"[2026-03-31T06:34:35.902Z] GET /api/seed-money","service":"eduvault-backend","timestamp":"2026-03-31 12:04:35"}
{"level":"info","message":"[2026-03-31T06:34:35.906Z] GET /api/scholars","service":"eduvault-backend","timestamp":"2026-03-31 12:04:35"}
{"level":"info","message":"[2026-03-31T06:34:35.908Z] GET /api/proposals","service":"eduvault-backend","timestamp":"2026-03-31 12:04:35"}
{"level":"info","message":"[2026-03-31T06:34:35.910Z] GET /api/project-proposal","service":"eduvault-backend","timestamp":"2026-03-31 12:04:35"}
{"level":"info","message":"[2026-03-31T06:34:35.912Z] GET /api/events","service":"eduvault-backend","timestamp":"2026-03-31 12:04:35"}
{"level":"info","message":"[2026-03-31T06:34:35.915Z] GET /api/industry","service":"eduvault-backend","timestamp":"2026-03-31 12:04:35"}
{"level":"info","message":"[2026-03-31T06:34:35.955Z] GET /api/certifications","service":"eduvault-backend","timestamp":"2026-03-31 12:04:35"}
{"level":"info","message":"[2026-03-31T06:34:35.963Z] GET /api/book-chapters","service":"eduvault-backend","timestamp":"2026-03-31 12:04:35"}
{"level":"info","message":"[2026-03-31T06:34:35.968Z] GET /api/events-organized","service":"eduvault-backend","timestamp":"2026-03-31 12:04:35"}
{"level":"info","message":"[2026-03-31T06:34:35.988Z] GET /api/h-index","service":"eduvault-backend","timestamp":"2026-03-31 12:04:35"}
{"level":"info","message":"[2026-03-31T06:34:36.006Z] GET /api/resource-person","service":"eduvault-backend","timestamp":"2026-03-31 12:04:36"}
{"level":"info","message":"[2026-03-31T06:34:36.011Z] GET /api/recognition","service":"eduvault-backend","timestamp":"2026-03-31 12:04:36"}
{"level":"info","message":"[2026-03-31T06:34:36.055Z] GET /api/patent-product","service":"eduvault-backend","timestamp":"2026-03-31 12:04:36"}
{"level":"info","message":"[2026-03-31T06:34:36.059Z] GET /api/project-mentors","service":"eduvault-backend","timestamp":"2026-03-31 12:04:36"}
{"level":"info","message":"[2026-03-31T06:34:36.093Z] GET /api/staff-dashboard/tutor-ward-stats","service":"eduvault-backend","timestamp":"2026-03-31 12:04:36"}
{"level":"info","message":"[2026-03-31T06:34:55.906Z] GET /api/seed-money","service":"eduvault-backend","timestamp":"2026-03-31 12:04:55"}
{"level":"info","message":"[2026-03-31T06:34:55.925Z] GET /api/scholars","service":"eduvault-backend","timestamp":"2026-03-31 12:04:55"}
{"level":"info","message":"[2026-03-31T06:34:55.930Z] GET /api/proposals","service":"eduvault-backend","timestamp":"2026-03-31 12:04:55"}
{"level":"info","message":"[2026-03-31T06:34:55.936Z] GET /api/project-proposal","service":"eduvault-backend","timestamp":"2026-03-31 12:04:55"}
{"level":"info","message":"[2026-03-31T06:34:55.940Z] GET /api/events","service":"eduvault-backend","timestamp":"2026-03-31 12:04:55"}
{"level":"info","message":"[2026-03-31T06:34:55.943Z] GET /api/certifications","service":"eduvault-backend","timestamp":"2026-03-31 12:04:55"}
{"level":"info","message":"[2026-03-31T06:34:55.952Z] GET /api/industry","service":"eduvault-backend","timestamp":"2026-03-31 12:04:55"}
{"level":"info","message":"[2026-03-31T06:34:55.979Z] GET /api/book-chapters","service":"eduvault-backend","timestamp":"2026-03-31 12:04:55"}
{"level":"info","message":"[2026-03-31T06:34:55.983Z] GET /api/events-organized","service":"eduvault-backend","timestamp":"2026-03-31 12:04:55"}
{"level":"info","message":"[2026-03-31T06:34:55.988Z] GET /api/h-index","service":"eduvault-backend","timestamp":"2026-03-31 12:04:55"}
{"level":"info","message":"[2026-03-31T06:34:55.992Z] GET /api/resource-person","service":"eduvault-backend","timestamp":"2026-03-31 12:04:55"}
{"level":"info","message":"[2026-03-31T06:34:55.994Z] GET /api/recognition","service":"eduvault-backend","timestamp":"2026-03-31 12:04:55"}
{"level":"info","message":"[2026-03-31T06:34:56.015Z] GET /api/patent-product","service":"eduvault-backend","timestamp":"2026-03-31 12:04:56"}
{"level":"info","message":"[2026-03-31T06:34:56.017Z] GET /api/project-mentors","service":"eduvault-backend","timestamp":"2026-03-31 12:04:56"}
{"level":"info","message":"[2026-03-31T06:34:56.042Z] GET /api/staff-dashboard/tutor-ward-stats","service":"eduvault-backend","timestamp":"2026-03-31 12:04:56"}
{"level":"info","message":"[2026-03-31T06:35:04.891Z] GET /api/resume-staff/staff-data/2","service":"eduvault-backend","timestamp":"2026-03-31 12:05:04"}
{"level":"info","message":"[2026-03-31T06:35:05.060Z] GET /api/resume-staff/staff-data/2","service":"eduvault-backend","timestamp":"2026-03-31 12:05:05"}
{"level":"info","message":"[2026-03-31T06:35:05.089Z] GET /api/resume-staff/profile-image/2","service":"eduvault-backend","timestamp":"2026-03-31 12:05:05"}
{"level":"info","message":"[2026-03-31T06:35:05.167Z] GET /api/resume-staff/profile-image/2","service":"eduvault-backend","timestamp":"2026-03-31 12:05:05"}
